step,simulated_time_sec,dopamine_level,toxicity,control_signal_u,friction_delay_applied
0,8.262919261317043,0.0,0.5457075619631647,0.0,0.0
1,16.923919713576574,1.0,0.44182779714606246,0.0,0.0
2,23.70671031855623,1.0,0.7114992121431504,0.0,0.0
3,29.98199642341614,1.0,0.5640078882901269,0.0,0.0
4,36.00021173825208,1.0,0.25711331907732915,0.0,0.0
5,46.324737229582894,1.0,0.5048080582716329,0.0,0.0
6,67.91373371176994,1.0,0.40643085023240877,0.0,0.0
7,73.6488091653491,1.0,0.4771733128995569,0.0,0.0
8,80.97684882047166,1.0,0.5411283464643142,0.0,0.0
9,94.33231685535772,1.0,0.5121822653374161,0.0,0.0
10,127.7061747336154,1.0,0.39154790734380485,0.0,0.0
11,133.8519172418103,0.95,0.9357962306979095,0.0,0.0
12,143.48421360938556,1.0,0.6286351320889787,0.0,0.0
13,157.37297163612234,1.0,0.7348829929640667,0.0,0.0
14,163.1855751394542,1.0,0.6527730800227816,0.0,0.0
15,169.57837064694667,1.0,0.5482079754935968,0.0,0.0
16,182.0767743632855,1.0,0.7467838968444204,0.0,0.0
17,190.80073125357586,1.0,0.5275566351485694,0.0,0.0
18,201.2025822862928,1.0,0.7268676688253132,0.0,0.0
19,238.6239914273403,1.0,0.4426207258558486,0.0,0.0
20,261.03242087020544,0.95,0.25042805480552327,0.0,0.0
21,268.9420774232913,0.9025,0.8562214879036447,0.0,0.0
22,276.61964680034674,1.0,0.7083204883990956,0.0,0.0
23,288.82453064662815,1.0,0.5802948309825773,0.0,0.0
24,379.84501265082906,1.0,0.7861385203393172,0.0,0.0
25,389.49671577880906,0.95,0.7850343118150804,0.0,0.0
26,405.4046667460213,1.0,0.8864054198599824,0.0,0.0
27,411.9611059815401,1.0,0.80749783924244,0.0,0.0
28,421.80523350702185,1.0,0.767535685681191,0.0,0.0
29,428.0107263125382,1.0,0.6368124954475511,0.0,0.0
30,433.17093157684496,1.0,0.8720830861317836,0.0,0.0
31,439.3606242770479,1.0,0.9431010970045364,0.0,0.0
32,445.50047479543946,1.0,1.0,0.0,0.0
33,463.76397271297606,1.0,0.658052538655539,0.0,0.0
34,472.3696012269346,1.0,0.9123535134494403,0.0,0.0
35,485.52745770272224,0.95,0.8961795052828085,0.0,0.0
36,499.04915848823026,1.0,0.6863071828844151,0.0,0.0
37,505.41175281955316,1.0,0.9796425176865711,0.0,0.0
38,517.242417042071,1.0,0.7603584125273465,0.0,0.0
39,523.2118334434018,1.0,0.7766512846504553,0.0,0.0
40,540.6082153915213,1.0,0.6416050032582596,0.0,0.0
41,550.7151657128825,1.0,0.7495570435940743,0.0,0.0
42,556.0857423717607,1.0,0.9823643025919127,0.0,0.0
43,575.8094690118271,1.0,0.9173926254612553,0.0,0.0
44,582.6189119418787,1.0,0.580686637976101,0.0,0.0
45,660.3228939857704,1.0,0.7850375500164435,0.0,0.0
46,665.5239709492333,1.0,0.7026598936175764,0.0,0.0
47,670.9484347105828,1.0,0.7600503494515356,0.0,0.0
48,681.477681348683,1.0,0.6927584920250938,0.0,0.0
49,686.6065765228983,1.0,0.826318589981338,0.0,0.0
50,692.8064175972462,1.0,0.9030887760921273,0.0,0.0
51,702.388364371104,1.0,0.9278874466118849,0.0,0.0
52,711.290167480832,1.0,0.9925862811247321,0.0,0.0
53,719.1999991237446,1.0,1.0,0.0,0.0
54,740.3809941613256,1.0,0.8603894595446353,0.0,0.0
55,745.8603545185935,1.0,0.7526236774183355,0.0,0.0
56,753.4914428295879,1.0,1.0,0.0,0.0
57,764.2717668493337,1.0,0.9004384679298738,0.0,0.0
58,786.9861859896855,1.0,0.9257544070070396,0.0,0.0
59,809.3650607801875,1.0,1.0,0.0,0.0
60,823.8090834154182,0.95,0.8455385130630887,0.0,0.0
61,850.5238191853861,1.0,0.719395810965394,0.0,0.0
62,863.3917091336156,0.95,0.8169055329622866,0.0,0.0
63,877.137361779627,1.0,0.6491598974633956,0.0,0.0
64,888.5171522362625,0.95,1.0,0.0,0.0
65,913.136408541132,1.0,0.9196453351775771,0.0,0.0
66,919.2567318396278,0.95,0.8755539687585419,0.0,0.0
67,992.1750494250871,1.0,0.9253786178325049,0.0,0.0
68,999.9245229500343,1.0,0.7914568071793757,0.0,0.0
69,1007.6243571594038,0.95,0.821625525837949,0.0,0.0
70,1057.273216118303,1.0,1.0,0.0,0.0
71,1067.2804450966025,1.0,0.8765907771547706,0.0,0.0
72,1075.5560318558532,0.95,0.9861416912341279,0.0,0.0
73,1087.2774373516243,1.0,1.0,0.0,0.0
74,1102.7702212251875,1.0,1.0,0.0,0.0
75,1111.3170673146558,1.0,0.9965644296140963,0.0,0.0
76,1119.0177384077745,1.0,0.8090363323975593,0.0,0.0
77,1125.9419951460345,1.0,0.8135657152409272,0.0,0.0
78,1133.4432463038056,1.0,0.7723265695758595,0.0,0.0
79,1141.6260545819493,1.0,0.9398681652526066,0.0,0.0
80,1147.519577544357,1.0,0.8015210568629177,0.0,0.0
81,1171.0312646390832,1.0,0.7389849011767131,0.0,0.0
82,1191.3357963200633,1.0,0.683227029202493,0.0,0.0
83,1200.3950533771776,0.95,1.0,0.0,0.0
84,1205.8126881964624,1.0,0.795985907262902,0.0,0.0
85,1214.6744729704064,1.0,0.8188879106562856,0.0,0.0
86,1242.0010041713213,1.0,0.9207003642925162,0.0,0.0
87,1284.3025890361641,1.0,0.6787395987959701,0.0,0.0
88,1292.44239530471,0.95,0.8622668159838653,0.0,0.0
89,1298.3399677832433,0.9025,0.8983206585896922,0.0,0.0
90,1306.8581993521539,1.0,0.938066173508382,0.0,0.0
91,1313.1505567901581,1.0,0.8399896792389465,0.0,0.0
92,1325.423070942394,1.0,0.9001859038174158,0.0,0.0
93,1331.1466923021835,1.0,0.9621607338412899,0.0,0.0
94,1339.3950437220303,1.0,1.0,0.0,0.0
95,1346.5830935345566,1.0,1.0,0.0,0.0
96,1354.1636472942553,1.0,0.7162447253839737,0.0,0.0
97,1368.2449232649758,1.0,0.7470981602968028,0.0,0.0
98,1373.9970945564737,1.0,0.6880683733683346,0.0,0.0
99,1470.2288295460553,1.0,0.8554111851023777,0.0,0.0
100,1475.5523874023218,1.0,1.0,0.0,0.0
101,1504.2147545433868,0.95,0.9217692801371887,0.0,0.0
102,1519.0547459370978,1.0,0.7290604804749483,0.0,0.0
103,1524.9525951692588,1.0,0.9842148297423532,0.0,0.0
104,1529.9733661485873,1.0,1.0,0.0,0.0
105,1536.942058069514,1.0,0.9386428667048138,0.0,0.0
106,1544.427376600319,1.0,0.919658998575777,0.0,0.0
107,1557.3848271531083,1.0,0.8297130007124259,0.0,0.0
108,1565.5191958641803,1.0,0.9394418671382828,0.0,0.0
109,1572.2325253507033,1.0,0.736122442237975,0.0,0.0
110,1580.6661753482103,1.0,0.7686805579014133,0.0,0.0
111,1588.9034717052073,1.0,1.0,0.0,0.0
112,1596.9236369213606,1.0,1.0,0.0,0.0
113,1602.186096702308,1.0,0.9149555418959312,0.0,0.0
114,1612.2459903939653,1.0,0.6668368130970639,0.0,0.0
115,1619.0530719526178,1.0,0.9423263657999243,0.0,0.0
116,1628.1991606886172,1.0,0.6242829194578718,0.0,0.0
117,1634.9264199766903,1.0,0.6710358645341686,0.0,0.0
118,1677.3459239510394,1.0,0.9763715406523189,0.0,0.0
119,1683.8898115423556,1.0,1.0,0.0,0.0
120,1689.8751461398303,1.0,0.808541077761216,0.0,0.0
121,1695.0061230402227,1.0,1.0,0.0,0.0
122,1730.9268826033476,1.0,0.6804712880629831,0.0,0.0
123,1737.3898265408855,1.0,0.9740781963581115,0.0,0.0
124,1745.8897807297828,1.0,0.8826381209257236,0.0,0.0
125,1752.2949234998184,1.0,0.7563276838501051,0.0,0.0
126,1758.7472116030165,1.0,0.8627938653912252,0.0,0.0
127,1764.7485420314401,1.0,0.8713044991575105,0.0,0.0
128,1780.363984350005,1.0,0.9765649481259743,0.0,0.0
129,1792.21957851089,1.0,0.8666428752042801,0.0,0.0
130,1833.6976442905038,0.95,0.8952105657416849,0.0,0.0
131,1849.7149337484345,1.0,0.837416153505712,0.0,0.0
132,1856.4329688474613,0.95,0.9002670555786446,0.0,0.0
133,1865.9181275687256,0.9025,0.8492591361482374,0.0,0.0
134,1886.5386905254038,1.0,0.8251704852806656,0.0,0.0
135,1893.9257848480922,0.95,0.7409225009480578,0.0,0.0
136,1900.9961098262652,1.0,0.8151693489661669,0.0,0.0
137,1906.5723159954282,1.0,0.7588013970910158,0.0,0.0
138,1914.5781159469002,1.0,1.0,0.0,0.0
139,1920.94579953075,1.0,0.7526562032780926,0.0,0.0
140,1926.6353863086135,1.0,0.8534967082302248,0.0,0.0
141,1951.8698035943062,1.0,0.6476417333080884,0.0,0.0
142,1963.6782042496302,1.0,0.5845794470490512,0.0,0.0
143,1970.0888869322216,0.95,0.9216133511759754,0.0,0.0
144,1985.0876726587678,1.0,1.0,0.0,0.0
145,1991.4441387594109,1.0,0.6750593291456504,0.0,0.0
146,2003.4534531266931,1.0,0.9813872874873107,0.0,0.0
147,2009.1100477590705,1.0,0.9325792099234089,0.0,0.0
148,2036.1220586361146,1.0,0.8591099843807668,0.0,0.0
149,2049.3633643521935,1.0,0.7593039510429899,0.0,0.0
150,2061.3221746275503,1.0,0.8491980355942159,0.0,0.0
151,2067.7788105123473,1.0,0.7636440622478936,0.0,0.0
152,2073.4760308163986,1.0,0.8333197007346065,0.0,0.0
153,2082.2692966896175,1.0,0.806350529256511,0.0,0.0
154,2088.4810877959785,1.0,0.8921919031971497,0.0,0.0
155,2094.7201329773243,1.0,0.8693871946135956,0.0,0.0
156,2100.697377808364,1.0,0.6685354899059075,0.0,0.0
157,2106.802738990101,1.0,0.829712915555486,0.0,0.0
158,2111.8114395139805,1.0,0.8959331728522111,0.0,0.0
159,2118.5445344193186,1.0,0.6820934895642023,0.0,0.0
160,2124.7132774584766,1.0,0.5906658218495354,0.0,0.0
161,2129.756137474471,1.0,0.5161701717612114,0.0,0.0
162,2136.77837422653,1.0,0.6433623004233407,0.0,0.0
163,2145.967287468906,1.0,0.3905688270797754,0.0,0.0
164,2151.3795313616424,1.0,0.5254817063457009,0.0,0.0
165,2233.225753611914,1.0,0.6520132599458827,0.0,0.0
166,2239.2358872157524,1.0,0.704439822788894,0.0,0.0
167,2244.9582031812292,0.95,0.5585476158792525,0.0,0.0
168,2251.0233541417256,0.9704602775464732,0.6546586635032151,0.0,0.0
169,2263.261847522754,0.9888745273382993,0.5063505033902421,0.0,0.0
170,2276.61640369566,1.0,0.6376801266039905,0.0,0.0
171,2294.6168326632464,0.95,0.8118481212737589,0.0,0.0
172,2308.504550127673,1.0,0.5420904535215719,0.0,0.0
173,2313.5697078031535,0.95,0.5773943376022278,0.0,0.0
174,2321.8143813198217,1.0,0.7090830302917093,0.0,0.0
175,2748.9795854783606,1.0,0.8171653565373203,0.0,0.0
176,2759.549122495216,1.0,0.2950393348079362,0.0,0.0
177,2775.761900686848,0.95,0.5006870377514843,0.0,0.0
178,2786.1633042413064,1.0,0.12946817665923235,0.0,0.0
179,2808.1338983687338,0.95,0.482493760098384,0.0,0.0
180,2814.3278926444823,0.9025,0.8025252723967683,0.0,0.0
181,2826.0502852991135,1.0,0.405795842763035,0.0,0.0
182,2832.725375120695,1.0,0.41191790348102203,0.0,0.0
183,2839.5373686915027,1.0,0.4976658972909006,0.0,0.0
184,2855.485941065362,1.0,0.48466590322456093,0.0,0.0
185,2876.807921231838,1.0,0.37638636561415567,0.0,0.0
186,2902.295002127386,0.95,0.7723699172503744,0.0,0.0
187,2909.0429384496633,0.9025,0.6536131635711928,0.0,0.0
188,2928.197474151037,0.8573749999999999,0.8015353708969586,0.0,0.0
189,2937.4148614010533,1.0,0.38961738191344475,0.0,0.0
190,2969.416917181035,0.95,0.347953052211147,0.0,0.0
191,2982.143873286148,0.9025,0.6776256428154948,0.0,0.0
192,2990.977839212148,1.0,0.23448129128416179,0.0,0.0
193,2998.328614802255,0.95,0.4443407187315037,0.0,0.0
194,3004.214970604671,1.0,0.3580410340413068,0.0,0.0
195,3013.532713787589,1.0,0.1470105915075418,0.0,0.0
196,3025.607041167747,1.0,0.14181580912122882,0.0,0.0
197,3034.8505803215094,1.0,0.29681809006487164,0.0,0.0
198,3042.2546262936944,1.0,0.40836834231276464,0.0,0.0
199,3048.5043565151727,1.0,0.26209430786276794,0.0,0.0
200,3056.4636678009565,0.95,0.010841624401645433,0.0,0.0
201,3062.7122005838864,0.9025,0.0,0.0,0.0
202,3070.3444705459933,0.8573749999999999,0.07166320580145139,0.0,0.0
203,3077.4562058239862,0.8145062499999999,0.321064467975226,0.0,0.0
204,3087.5117933785227,1.0,0.2395258697900618,0.0,0.0
205,3108.5871071307392,1.0,0.3186750119832655,0.0,0.0
206,3114.3386352728385,1.0,0.0,0.0,0.0
207,3128.145868942432,0.95,0.19562180074753283,0.0,0.0
208,3137.423201885058,1.0,0.42076089345930456,0.0,0.0
209,3143.374864917021,0.95,0.199445477921862,0.0,0.0
210,3152.463750731036,0.9025,0.4170900137793204,0.0,0.0
211,3170.874292110256,0.8573749999999999,0.1313232980469231,0.0,0.0
212,3177.790141242002,0.8145062499999999,0.20258715525169785,0.0,0.0
213,3185.040177978411,0.7737809374999999,0.1651245227935029,0.0,0.0
214,3191.843453982458,1.0,0.18304242001681853,0.0,0.0
215,3196.982889771363,1.0,0.3824467070678914,0.0,0.0
216,3203.4393429903093,1.0,0.16532867345664676,0.0,0.0
217,3260.4198701868227,1.0,0.18708457260709355,0.0,0.0
218,3274.758033007536,1.0,0.34987535165706635,0.0,0.0
219,3282.0065714698158,0.95,0.08913845669503312,0.0,0.0
220,3357.271771515748,0.9025,0.21524931956691218,0.0,0.0
221,3362.8902788248342,0.8573749999999999,0.7054147141304029,0.0,0.0
222,3369.2047947971264,1.0,0.1813858478661119,0.0,0.0
223,3381.870406591086,1.0,0.2913741226169454,0.0,0.0
224,3388.333868320017,1.0,0.17812310148368218,0.0,0.0
225,3411.468379374457,0.95,0.7233921537156126,0.0,0.0
226,3422.8011377660287,0.9025,0.7033661479318071,0.0,0.0
227,3427.99887109801,0.8573749999999999,0.6801625008255363,0.0,0.0
228,3434.0281091656243,1.0,0.24076663116097421,0.0,0.0
229,3472.1745360040595,1.0,0.18802916197162226,0.0,0.0
230,3480.8543167072235,1.0,0.1999503531062774,0.0,0.0
231,3486.072615018469,0.95,0.7311494475040365,0.0,0.0
232,3547.109277876331,1.0,0.06505774259344978,0.0,0.0
233,3560.342875522286,0.95,0.24671443554728478,0.0,0.0
234,3572.0176438814156,0.9025,0.1907899327224027,0.0,0.0
235,3577.715415405288,0.8573749999999999,0.2317697178727517,0.0,0.0
236,3585.2156544859617,1.0,0.4052637161123194,0.0,0.0
237,3593.9975329388067,1.0,0.4899809012640372,0.0,0.0
238,3618.5299155297807,1.0,0.2819210008063843,0.0,0.0
239,3624.520180611753,1.0,0.0,0.0,0.0
240,3631.9283937559985,0.95,0.0,0.0,0.0
241,3637.7254434524416,1.0,0.0,0.0,0.0
242,3650.6388494362122,1.0,0.2567338582456926,0.0,0.0
243,3655.7312753305855,1.0,0.1907944007245248,0.0,0.0
244,3661.554960743102,1.0,0.0,0.0,0.0
245,3667.950648474661,1.0,0.06703396460139226,0.0,0.0
246,3673.025238989124,1.0,0.054007994360635116,0.0,0.0
247,3678.688275151236,1.0,0.28944627941394085,0.0,0.0
248,3685.222503841921,1.0,0.1337482172716214,0.0,0.0
249,3691.8028326334015,1.0,0.0,0.0,0.0
250,3700.401611515843,1.0,0.06178632296904456,0.0,0.0
251,3709.673608969022,1.0,0.16240361968398676,0.0,0.0
252,3718.743644201081,1.0,0.0,0.0,0.0
253,3738.496286053412,0.95,0.6810255944844302,0.0,0.0
254,3747.0868129852547,0.9025,0.7047370025308866,0.0,0.0
255,3752.7678197318405,0.8573749999999999,0.16992570390004863,0.0,0.0
256,3770.6177413089035,1.0,0.13760767504080118,0.0,0.0
257,3778.2770757518583,1.0,0.024618096685087715,0.0,0.0
258,3795.542862312796,0.95,0.0,0.0,0.0
259,3802.367033565918,0.9880298880327095,0.07167054186162433,0.0,0.0
260,3812.6938337178312,1.0,0.12118756439649692,0.0,0.0
261,3829.0479697642295,1.0,0.0,0.0,0.0
262,3834.059801944587,0.95,0.7225870972064842,0.0,0.0
263,3840.0601939401704,1.0,0.31676383665063834,0.0,0.0
264,3846.3489167533676,1.0,0.14056028808968876,0.0,0.0
265,3853.534211904437,1.0,0.3381905550416582,0.0,0.0
266,3859.874225645851,1.0,0.04101658505180818,0.0,0.0
267,3868.7616327948867,1.0,0.16588485111321777,0.0,0.0
268,3894.546748812795,1.0,0.0,0.0,0.0
269,3937.6939945412596,0.95,0.13561112027646194,0.0,0.0
270,3943.343862227204,0.9025,0.6933152043001811,0.0,0.0
271,3954.182734314136,0.8573749999999999,0.6804578332583102,0.0,0.0
272,3984.0598501364784,1.0,0.0,0.0,0.0
273,4023.881782999725,0.95,0.6862328661809088,0.0,0.0
274,4040.8694663357464,0.9025,0.18689240605191892,0.0,0.0
275,4046.7483503009753,0.8573749999999999,0.6966906766465645,0.0,0.0
276,4051.962354724568,1.0,0.14435139787976456,0.0,0.0
277,4095.9206070928158,1.0,0.0,0.0,0.0
278,4114.277111479665,1.0,0.15862669075774682,0.0,0.0
279,4134.426595671289,0.95,0.7772535846699007,0.0,0.0
280,4155.255520010878,0.9721269964080537,0.07603091817004728,0.0,0.0
281,4160.395664601022,0.923520646587651,0.7107520109269443,0.0,0.0
282,4165.677851788616,0.8773446142582684,0.7307170911044341,0.0,0.0
283,4173.122074523057,1.0,0.3802848411789344,0.0,0.0
284,4178.737707425116,1.0,0.2431232421702559,0.0,0.0
285,4184.6224778254655,1.0,0.13643261330334175,0.0,0.0
286,4189.657666417978,1.0,0.0,0.0,0.0
287,4199.090183249576,1.0,0.15935429366125503,0.0,0.0
288,4205.079703425481,1.0,0.06145559064430496,0.0,0.0
289,4220.822318514973,1.0,0.4445490987389641,0.0,0.0
290,4228.741134823945,1.0,0.10350794042526104,0.0,0.0
291,4234.313330644749,0.95,0.14125453059043497,0.0,0.0
292,4239.380455477624,0.9025,0.6139087617079738,0.0,0.0
293,4244.385944788652,1.0,0.0,0.0,0.0
294,4249.613773858897,1.0,0.12428691504737636,0.0,0.0
295,4267.510117928667,1.0,0.11579456534247964,0.0,0.0
296,4277.979375628118,1.0,0.003839254408982695,0.0,0.0
297,4286.553905812406,0.95,0.752916134164074,0.0,0.0
298,4291.867707200378,1.0,0.0,0.0,0.0
299,4304.086891825989,1.0,0.43175211128469126,0.0,0.0
300,4311.750715975578,1.0,0.0,0.0,0.0
301,4372.3505749013775,0.95,0.6658954129138174,0.0,0.0
302,4380.375644487436,0.9025,0.7093129525816946,0.0,0.0
303,4386.66711462065,1.0,0.23092024912918502,0.0,0.0
304,4393.922245674677,1.0,0.02133842088407556,0.0,0.0
305,4409.275352500259,1.0,0.26823724518139486,0.0,0.0
306,4581.845454340251,1.0,0.4809928405420607,0.0,0.0
307,4628.737450064367,0.95,0.7349925086004356,0.0,0.0
308,4634.893982187952,0.9025,0.7739105842129852,0.0,0.0
309,4641.37175795735,1.0,0.18584128839357006,0.0,0.0
310,4648.853343117617,1.0,0.25671912960792975,0.0,0.0
311,4656.624242988091,1.0,0.4109464816959772,0.0,0.0
312,4729.897372494355,1.0,0.5657830439286325,0.0,0.0
313,4754.065146760584,1.0,0.4144567603566677,0.0,0.0
314,4765.538499721163,0.95,0.7910887358015047,0.0,0.0
315,4771.052635934287,0.9025,0.6395622588603246,0.0,0.0
316,4776.500476827652,1.0,0.5980875475563775,0.0,0.0
317,4800.182940838005,1.0,0.31581786903562464,0.0,0.0
318,4807.068890187329,1.0,0.13252646658790096,0.0,0.0
319,4824.6124350038435,0.95,0.6777969340502118,0.0,0.0
320,4834.25689046215,1.0,0.2638482590182293,0.0,0.0
321,4840.8362466309945,0.95,0.824593989151882,0.0,0.0
322,4847.141338962619,1.0,0.5922927645394878,0.0,0.0
323,4854.70966094087,1.0,0.36407024535579,0.0,0.0
324,4866.775180096493,1.0,0.35055877850756395,0.0,0.0
325,4873.995780767631,0.95,0.45729040691683936,0.0,0.0
326,4881.660145412567,0.9025,0.08900801694198357,0.0,0.0
327,4892.448961626109,1.0,0.405260968763027,0.0,0.0
328,4900.30351214952,1.0,0.6807017453700912,0.0,0.0
329,4928.304197437169,1.0,0.3204821562855779,0.0,0.0
330,4933.925595990932,0.95,0.7877106453432572,0.0,0.0
331,4940.706783142507,1.0,0.4104337875110987,0.0,0.0
332,4949.994825019861,1.0,0.5387181329348962,0.0,0.0
333,4956.7079796350345,1.0,0.873634919310944,0.0,0.0
334,4962.575650935969,1.0,0.4974979444564865,0.0,0.0
335,4974.213415220273,1.0,0.4716218748204255,0.0,0.0
336,4983.315007987964,1.0,0.3008619089656852,0.0,0.0
337,5006.536289201332,0.95,0.3928438924016223,0.0,0.0
338,5019.145301628733,1.0,0.46732137894111386,0.0,0.0
339,5027.928561134842,0.95,0.8808363338674154,0.0,0.0
340,5082.632089935808,0.9025,0.6856377919337762,0.0,0.0
341,5095.226545814245,0.8573749999999999,0.8729936156463687,0.0,0.0
342,5102.198795717858,0.8145062499999999,0.8364896305701096,0.0,0.0
343,5121.33918064908,1.0,0.6353028999896143,0.0,0.0
344,5126.637666723624,1.0,0.6313218653339391,0.0,0.0
345,5136.276482468271,0.95,0.7596518776339183,0.0,0.0
346,5149.213129612237,1.0,0.6666740349473153,0.0,0.0
347,5158.266930415949,1.0,0.6187938409429778,0.0,0.0
348,5163.702114326774,1.0,0.27400590412910114,0.0,0.0
349,5172.785702174022,0.95,0.8305152100027375,0.0,0.0
350,5177.846283530828,1.0,0.5692840987217723,0.0,0.0
351,5184.035586881911,1.0,0.5955824612729975,0.0,0.0
352,5192.248555101221,1.0,0.7192499744264295,0.0,0.0
353,5197.268004603691,1.0,0.4243310920471651,0.0,0.0
354,5202.580951957649,1.0,0.35985309223729267,0.0,0.0
355,5209.025585950106,1.0,0.5336204493139475,0.0,0.0
356,5218.2026567087205,1.0,0.7045637794844987,0.0,0.0
357,5896.972271465162,1.0,0.8264302614590681,0.0,0.0
358,5905.923775254133,0.95,0.854762344349519,0.0,0.0
359,5914.566276273984,1.0,0.6890873233679246,0.0,0.0
360,5920.271892744138,0.95,0.907433503106272,0.0,0.0
361,5930.158550338163,1.0,0.9428253436416255,0.0,0.0
362,5960.533754830495,1.0,0.996985051445981,0.0,0.0
363,5969.545029100583,1.0,1.0,0.0,0.0
364,5987.640233748024,1.0,0.9660946567349974,0.0,0.0
365,5998.273779007198,1.0,0.9642972335415214,0.0,0.0
366,6005.998246186359,1.0,0.7992367710996158,0.0,0.0
367,6016.837694383208,1.0,1.0,0.0,0.0
368,6022.442787189606,1.0,0.8404863693493191,0.0,0.0
369,6029.940755972257,0.95,0.9579324316211357,0.0,0.0
370,6035.403239928921,1.0,1.0,0.0,0.0
371,6041.313865439779,1.0,0.8538217956854813,0.0,0.0
372,6048.569391695741,1.0,0.7079666180221074,0.0,0.0
373,6059.737260843084,1.0,1.0,0.0,0.0
374,6068.38109986043,1.0,0.9663310347603574,0.0,0.0
375,6078.396795401233,1.0,0.847384223659331,0.0,0.0
376,6084.194499083869,1.0,0.6657773365184183,0.0,0.0
377,6091.304888364324,1.0,0.9288469193331275,0.0,0.0
378,6102.549920528918,1.0,1.0,0.0,0.0
379,6107.693653374664,1.0,0.7770683556538642,0.0,0.0
380,6117.229940724334,1.0,0.9949753735795922,0.0,0.0
381,6127.188923284447,1.0,0.6937382673379222,0.0,0.0
382,6141.19830337067,1.0,0.8694208165094285,0.0,0.0
383,6146.609664992426,0.95,0.8833262224946491,0.0,0.0
384,6153.9060319458895,0.9025,0.9835321933799859,0.0,0.0
385,6162.652474735818,0.8573749999999999,0.952104127915558,0.0,0.0
386,6176.633198175167,0.8145062499999999,0.9224698985473101,0.0,0.0
387,6369.364958804904,1.0,0.7178488767667124,0.0,0.0
388,6374.880191619953,0.95,0.9184504783986527,0.0,0.0
389,6380.682128092559,1.0,0.973234907514478,0.0,0.0
390,6386.767875594023,1.0,0.885234278542228,0.0,0.0
391,6491.238630947275,1.0,0.7718228469146429,0.0,0.0
392,6497.861778318271,1.0,0.5679033191655416,0.0,0.0
393,6517.5736097076215,1.0,1.0,0.0,0.0
394,6523.430489044218,1.0,1.0,0.0,0.0
395,6535.233622713417,0.95,0.968880092079066,0.0,0.0
396,6553.308879998907,1.0,0.8344014990684823,0.0,0.0
397,6571.418612339178,0.95,0.9694208499413448,0.0,0.0
398,6579.456159062021,0.9025,0.9106925899944777,0.0,0.0
399,6584.664672728172,1.0,0.5933690418475757,0.0,0.0
400,6590.441210847254,1.0,1.0,0.0,0.0
401,6597.502898020469,1.0,0.6248446208099416,0.0,0.0
402,6623.484061458049,1.0,1.0,0.0,0.0
403,6629.009310638026,1.0,0.6428888903306011,0.0,0.0
404,6634.2687286092605,0.95,0.7950073356839648,0.0,0.0
405,6639.484132233514,1.0,1.0,0.0,0.0
406,6646.043881192037,1.0,0.5820758501457268,0.0,0.0
407,6651.440950362031,1.0,0.9299328379268071,0.0,0.0
408,6658.9801880197065,1.0,0.8310447005829977,0.0,0.0
409,6667.700744550896,1.0,0.8638203956441202,0.0,0.0
410,6673.779357126155,1.0,0.9369877485042517,0.0,0.0
411,6683.059493600348,1.0,0.8006697180134967,0.0,0.0
412,6690.802465591609,1.0,0.6758292132486159,0.0,0.0
413,6696.253767858113,1.0,0.8099798398908562,0.0,0.0
414,6703.633258791007,1.0,0.7593539557541722,0.0,0.0
415,6713.200034754111,1.0,1.0,0.0,0.0
416,6723.929305525113,1.0,0.8269757881646393,0.0,0.0
417,6732.942501234385,1.0,0.6340837909293058,0.0,0.0
418,6737.960588687157,1.0,0.9709422468189766,0.0,0.0
419,6745.042585755284,0.95,0.9448442350480144,0.0,0.0
420,6751.896779203237,1.0,1.0,0.0,0.0
421,6763.085304163397,1.0,0.7803872550103996,0.0,0.0
422,6769.784070448742,1.0,0.8606915996853639,0.0,0.0
423,6775.098797744175,1.0,0.7977539690367327,0.0,0.0
424,6781.726416339689,1.0,0.7649021632538152,0.0,0.0
425,6787.69630821338,1.0,0.9475979436684202,0.0,0.0
426,6792.853213843795,1.0,0.705411414381905,0.0,0.0
427,6799.493082623708,1.0,0.9375304334893482,0.0,0.0
428,6805.940054190306,1.0,0.6613825339963315,0.0,0.0
429,6811.956431216572,1.0,0.5991287483873731,0.0,0.0
430,6817.271085532904,1.0,0.8141543561535535,0.0,0.0
431,6832.144292690615,1.0,0.7493901596180581,0.0,0.0
432,6838.580913441414,1.0,0.28870202248396837,0.0,0.0
433,6845.308321934131,1.0,1.0,0.0,0.0
434,6858.552223346729,1.0,0.8392670554577687,0.0,0.0
435,6873.61583856671,1.0,0.8701259766595759,0.0,0.0
436,6880.906086725113,1.0,0.6729838573397022,0.0,0.0
437,6887.9045825864405,1.0,0.7570558098560848,0.0,0.0
438,6894.430806776491,1.0,0.902325319018339,0.0,0.0
439,6900.4127508259135,1.0,0.8074218729677966,0.0,0.0
440,6906.641736835047,1.0,0.8775201140249692,0.0,0.0
441,6912.824659834965,1.0,0.6760231125347574,0.0,0.0
442,6928.207630628029,1.0,0.9546694700304195,0.0,0.0
443,6934.738177011731,1.0,0.8925252038449786,0.0,0.0
444,6939.953607443191,1.0,0.6154824198165912,0.0,0.0
445,6964.74022917042,1.0,0.9035734227104651,0.0,0.0
446,6970.104065689246,1.0,0.966879042862546,0.0,0.0
447,6982.814331630201,0.95,0.8142394745431109,0.0,0.0
448,6993.873680829944,0.9025,0.9244488593123596,0.0,0.0
449,7017.431907724706,1.0,0.9352737628717063,0.0,0.0
450,7028.780463042451,1.0,0.9198111294020669,0.0,0.0
451,7046.913210409522,1.0,0.9856057000747712,0.0,0.0
452,7053.249941460174,0.95,0.9244126224740816,0.0,0.0
453,7061.26787180808,1.0,0.705685154497336,0.0,0.0
454,7066.5490103674765,1.0,0.5630759018918929,0.0,0.0
455,7099.232383898595,1.0,0.998505434639456,0.0,0.0
456,7106.525889786635,1.0,0.8090929009670625,0.0,0.0
457,7111.88743231847,0.95,0.5499764279700343,0.0,0.0
458,7123.193080491044,1.0,0.7570764097013207,0.0,0.0
459,7142.649037388201,1.0,0.6331764327059952,0.0,0.0
460,7149.282058132881,0.95,0.5848945664264353,0.0,0.0
461,7186.77695491371,0.9025,0.8692973663644418,0.0,0.0
462,7195.979450347048,1.0,0.7235217303369458,0.0,0.0
463,7205.253690346164,1.0,0.606938780163467,0.0,0.0
464,7213.1398243045705,1.0,0.8995262824722841,0.0,0.0
465,7224.93140605178,1.0,0.5475760037934264,0.0,0.0
466,7230.0892464843655,1.0,0.593301178253617,0.0,0.0
467,7235.593185959275,0.95,0.9188022595559655,0.0,0.0
468,7241.7858101306765,0.9025,0.802976397186772,0.0,0.0
469,7249.211756779345,1.0,0.42034226033718847,0.0,0.0
470,7254.241404244074,1.0,0.9112320682188952,0.0,0.0
471,7263.959904877347,1.0,0.6452613925402013,0.0,0.0
472,7274.942724985912,1.0,0.479581598524882,0.0,0.0
473,7288.182209452522,1.0,0.5736010228296509,0.0,0.0
474,7296.23428383808,1.0,0.6634814327127052,0.0,0.0
475,7301.460376950796,0.95,0.904046569842557,0.0,0.0
476,7309.673995063689,1.0,0.3881940742619794,0.0,0.0
477,7315.686049023089,1.0,0.4506030516324634,0.0,0.0
478,7327.078888523809,1.0,0.5307616778300939,0.0,0.0
479,7333.568298677528,1.0,0.8970656033257652,0.0,0.0
480,7351.143799506263,1.0,0.733194139926461,0.0,0.0
481,7361.301794212661,1.0,0.6889983195535171,0.0,0.0
482,7368.556310920713,1.0,0.6210258720733797,0.0,0.0
483,7378.208419153089,1.0,0.5547050196266347,0.0,0.0
484,7383.988293006375,1.0,0.4320712651676639,0.0,0.0
485,7389.028052424514,1.0,0.4252161872041822,0.0,0.0
486,7396.051783217121,1.0,0.6002537328342983,0.0,0.0
487,7401.056972401853,1.0,0.5555485645033114,0.0,0.0
488,7406.249441580937,1.0,0.42943695276253396,0.0,0.0
489,7417.60266613257,1.0,0.653167831259086,0.0,0.0
490,7423.287396560424,1.0,0.5278390099616336,0.0,0.0
491,7431.511933576774,1.0,0.750046246180067,0.0,0.0
492,7440.4796218024,1.0,0.6049232828549382,0.0,0.0
493,7446.4600812544195,1.0,0.557277689411988,0.0,0.0
494,7463.755449366336,0.95,0.3714594411216328,0.0,0.0
495,7470.9371029836,1.0,0.4654646434059297,0.0,0.0
496,7476.426107053061,1.0,0.4782810342439415,0.0,0.0
497,7517.888090703662,1.0,0.6824092220923319,0.0,0.0
498,7524.074454668452,1.0,0.6944576430506755,0.0,0.0
499,7534.446593955935,1.0,0.6967032357752393,0.0,0.0
500,7560.138803278127,1.0,0.2316904943151995,0.0,0.0
501,7566.7988313098385,0.95,0.4657158491435454,0.0,0.0
502,7578.210394309982,1.0,0.6031383447606113,0.0,0.0
503,7583.5115409128175,1.0,0.5584624667891955,0.0,0.0
504,7601.064514420848,1.0,0.4362697713669388,0.0,0.0
505,7606.8586699632815,1.0,0.3607025373357736,0.0,0.0
506,7615.827836065468,1.0,0.31234629851200474,0.0,0.0
507,7661.675755402094,1.0,0.38440870264396726,0.0,0.0
508,7673.3092988346825,1.0,0.49867222779343023,0.0,0.0
509,7680.422243055732,0.95,0.5364448710671866,0.0,0.0
510,7687.750527649021,0.9025,0.8101580175666356,0.0,0.0
511,7705.955393010403,1.0,0.7293077328948021,0.0,0.0
512,7711.7584791666695,1.0,0.5001529116786008,0.0,0.0
513,7720.425069192675,0.95,0.7898738832339255,0.0,0.0
514,7725.552242731192,0.9025,0.591823194674001,0.0,0.0
515,7730.99504790244,1.0,0.46188832373890454,0.0,0.0
516,7755.271818897449,1.0,0.11644426608262742,0.0,0.0
517,7780.863517155919,1.0,0.8103920947817472,0.0,0.0
518,7796.930918267542,0.95,0.44628303748893405,0.0,0.0
519,7804.796024826428,0.9025,0.8113333733141599,0.0,0.0
520,16314.334142174383,1.0,0.21662551610441,0.0,0.0
521,16321.366268993841,0.95,0.8443611993801832,0.0,0.0
522,16328.257934477693,1.0,0.6580685835952544,0.0,0.0
523,16342.036877978366,1.0,0.9297947391023551,0.0,0.0
524,16349.073626587495,1.0,0.9030173317770857,0.0,0.0
525,16357.814060904337,1.0,0.8809118003119638,0.0,0.0
526,16362.827673630953,1.0,0.7176236448380497,0.0,0.0
527,16369.552735834888,1.0,0.774377420585012,0.0,0.0
528,16376.24257276923,1.0,1.0,0.0,0.0
529,16426.49395587621,1.0,1.0,0.0,0.0
530,16431.549878322196,1.0,0.9307753453593339,0.0,0.0
531,16441.162933727792,0.95,0.9096579183122329,0.0,0.0
532,16448.13317149843,1.0,0.908316374305746,0.0,0.0
533,16466.873991922646,1.0,1.0,0.0,0.0
534,16518.9778186321,1.0,1.0,0.0,0.0
535,16536.175885095523,1.0,1.0,0.0,0.0
536,16547.517880593656,0.95,0.9128272518482211,0.0,0.0
537,16554.33806121159,0.9025,0.9564141632658147,0.0,0.0
538,16562.42009679012,1.0,1.0,0.0,0.0
539,16575.701104475665,1.0,0.8558890689963411,0.0,0.0
540,16588.250313166816,1.0,0.9216019329395019,0.0,0.0
541,16597.062216041173,1.0,0.8803051685953662,0.0,0.0
542,16607.705918595682,0.95,0.742385965729693,0.0,0.0
543,16614.581305886342,1.0,1.0,0.0,0.0
544,16620.47482445893,1.0,0.9174212673810265,0.0,0.0
545,16631.428612805674,1.0,1.0,0.0,0.0
546,16636.85273214748,1.0,0.8598768759010522,0.0,0.0
547,16642.8889169206,1.0,1.0,0.0,0.0
548,16649.63491444811,1.0,1.0,0.0,0.0
549,16656.155563682667,1.0,0.6729067077200687,0.0,0.0
550,16662.864567018918,1.0,0.7654864647575581,0.0,0.0
551,16696.13376306427,1.0,0.7204999562599151,0.0,0.0
552,16707.081558672326,1.0,0.7854471193065538,0.0,0.0
553,16722.342117921737,0.95,0.7685871965879219,0.0,0.0
554,16729.869827869017,0.9025,0.9304857550553398,0.0,0.0
555,16737.036697730295,0.8573749999999999,0.9816987473360685,0.0,0.0
556,16743.327751293964,0.8145062499999999,0.8468685781559113,0.0,0.0
557,16748.650855651005,1.0,0.9925164080536881,0.0,0.0
558,16757.625310155756,1.0,0.9746127993745527,0.0,0.0
559,16798.85540311991,1.0,0.7285974972547627,0.0,0.0
560,16804.01776330997,1.0,0.48595608478621327,0.0,0.0
561,16813.228767484816,1.0,0.7721985662931057,0.0,0.0
562,16818.995824054513,1.0,0.7216874121184723,0.0,0.0
563,16827.11923413631,1.0,0.8053439303597438,0.0,0.0
564,16832.790516585326,1.0,1.0,0.0,0.0
565,16858.134534186513,1.0,0.7058850435896726,0.0,0.0
566,16864.0740062494,1.0,0.7694938577558497,0.0,0.0
567,16872.370058814762,1.0,0.7070956027787071,0.0,0.0
568,16887.665835626172,1.0,0.6927007637901463,0.0,0.0
569,16900.893813037153,1.0,0.957815794989126,0.0,0.0
570,16908.311279873455,0.95,0.7528447073315809,0.0,0.0
571,16914.428229153527,1.0,1.0,0.0,0.0
572,16921.008793735895,1.0,0.8502737391258822,0.0,0.0
573,16928.712971669902,1.0,0.5351379537780618,0.0,0.0
574,16935.97759838198,1.0,0.886230795742873,0.0,0.0
575,16961.069393519254,1.0,0.9638953539752113,0.0,0.0
576,16967.004639422536,1.0,0.6572901097073351,0.0,0.0
577,16977.62027819318,0.95,0.9225028024881948,0.0,0.0
578,16988.236304026294,1.0,0.7997221100510264,0.0,0.0
579,16995.46566812972,1.0,0.7174951554037691,0.0,0.0
580,17047.332499768818,1.0,0.7144301514414726,0.0,0.0
581,17052.631636582784,1.0,0.662796513258888,0.0,0.0
582,17069.46067815302,1.0,0.5834856463502677,0.0,0.0
583,17075.61516386616,1.0,0.6835911977639446,0.0,0.0
584,17130.371813810132,1.0,0.7708630157162383,0.0,0.0
585,17138.330188486783,1.0,0.7776870961418444,0.0,0.0
586,17144.853813245398,0.95,0.42233825141479925,0.0,0.0
587,17151.974803892062,0.9025,0.8605018499592736,0.0,0.0
588,17159.818861865544,1.0,0.765878195315843,0.0,0.0
589,17204.790978277906,1.0,0.7185657231265652,0.0,0.0
590,17209.94205461055,1.0,0.6248905235771324,0.0,0.0
591,17216.98712833752,0.95,0.8783551953475675,0.0,0.0
592,17222.51286086732,1.0,0.6355160217993594,0.0,0.0
593,17279.0056097456,1.0,0.5332456472787958,0.0,0.0
594,17285.853073982194,1.0,1.0,0.0,0.0
595,17293.137573342134,1.0,0.7776399044819459,0.0,0.0
596,17312.716376271484,1.0,0.5714227087077627,0.0,0.0
597,17319.9520906412,1.0,0.7796110831759209,0.0,0.0
598,17325.893322055195,0.95,0.78466137671708,0.0,0.0
599,17333.251738190982,1.0,0.7737319151449317,0.0,0.0
600,17339.544324329065,1.0,0.28281050249403067,0.0,0.0
601,17345.49678885435,1.0,0.7454077125487983,0.0,0.0
602,17351.00475601536,1.0,0.8148663156878051,0.0,0.0
603,17360.05389995353,1.0,0.7124911413380858,0.0,0.0
604,17366.806367590063,1.0,0.8521648238249053,0.0,0.0
605,17385.73701761209,1.0,0.8691789955578371,0.0,0.0
606,17390.8972230739,1.0,0.5334387704443997,0.0,0.0
607,17397.70640447453,1.0,0.6527626526049469,0.0,0.0
608,17404.162618536368,0.95,0.7583993224773433,0.0,0.0
609,17428.861524312066,1.0,0.5894090007177482,0.0,0.0
610,17438.044269798153,1.0,0.5593886929720238,0.0,0.0
611,17487.058284576895,0.95,0.4785475626995135,0.0,0.0
612,17505.257754649887,0.9025,0.8528115867335122,0.0,0.0
613,17511.490134458465,1.0,0.5918816405821408,0.0,0.0
614,17521.870385174407,1.0,0.6725530644627332,0.0,0.0
615,17531.98017123962,1.0,0.5777364914527282,0.0,0.0
616,17537.183409621568,1.0,0.27423788429690893,0.0,0.0
617,17542.342803657055,1.0,0.4762781093854188,0.0,0.0
618,17550.624608003916,1.0,0.4118221478413435,0.0,0.0
619,17558.011781323858,1.0,0.379209976601414,0.0,0.0
620,17567.419014429528,1.0,0.6783797649819151,0.0,0.0
621,17574.389982247732,1.0,0.4548207465669525,0.0,0.0
622,17584.610995797684,1.0,0.5622710913239407,0.0,0.0
623,17592.203935327198,1.0,0.34550086351920273,0.0,0.0
624,17597.863420782214,1.0,0.5806003104024726,0.0,0.0
625,17614.440408803657,1.0,0.3984467651264896,0.0,0.0
626,17620.691025035212,1.0,0.39136296248628444,0.0,0.0
627,17636.358451836277,1.0,0.21255869341196348,0.0,0.0
628,17641.80848266576,0.95,0.8675609645361881,0.0,0.0
629,17658.040142560898,0.9025,0.748026968641492,0.0,0.0
630,17685.178001942328,1.0,0.3141262616581819,0.0,0.0
631,17690.465313984776,0.95,0.5184053630563985,0.0,0.0
632,17704.145462079967,1.0,0.2730220950704021,0.0,0.0
633,17711.186144831507,1.0,0.5826486689509661,0.0,0.0
634,17731.197512642713,1.0,0.0,0.0,0.0
635,17738.090493368083,0.95,0.49770715328276977,0.0,0.0
636,17745.31446566056,1.0,0.1577121914281691,0.0,0.0
637,17757.231660064,0.95,0.23076615010918855,0.0,0.0
638,17762.807247847468,1.0,0.34874371624876166,0.0,0.0
639,17770.48315516156,1.0,0.5678267147567303,0.0,0.0
640,17775.82711657508,1.0,0.6410892989272354,0.0,0.0
641,17785.59028131542,1.0,0.7114142156074281,0.0,0.0
642,17792.37689777927,1.0,0.4089102158751995,0.0,0.0
643,17801.357364468746,1.0,0.23569284459666884,0.0,0.0
644,17809.384436850465,1.0,0.3254051444673602,0.0,0.0
645,17828.724531227217,1.0,0.25334158215888375,0.0,0.0
646,17836.64746843045,1.0,0.34797718456218835,0.0,0.0
647,17874.10213862148,0.95,0.2617456695262339,0.0,0.0
648,17880.3117314853,0.9025,0.7679756031301267,0.0,0.0
649,17892.551083506212,0.8573749999999999,0.7017780243000129,0.0,0.0
650,17899.338450443363,0.8145062499999999,0.7498597828795514,0.0,0.0
651,17925.524651644755,0.7737809374999999,0.14786766611173124,0.0,0.0
652,17934.9414869314,0.8131880907881245,0.4508224516058519,0.0,0.0
653,18080.52606101819,1.0,0.19255416051935723,0.0,0.0
654,18088.825436721985,0.95,0.817885960315873,0.0,0.0
655,18096.17311492144,1.0,0.12514462276841062,0.0,0.0
656,18102.275996042765,1.0,0.2935171581750011,0.0,0.0
657,18107.8930227861,1.0,0.1676990609677516,0.0,0.0
658,18115.740702118426,1.0,0.14500818548380248,0.0,0.0
659,18126.05523240071,1.0,0.28917094043402053,0.0,0.0
660,18134.802623145617,1.0,0.0,0.0,0.0
661,18139.88205031675,1.0,0.2342587635524211,0.0,0.0
662,18152.224833736564,1.0,0.11454426468379836,0.0,0.0
663,18162.631526747788,1.0,0.5330255748741881,0.0,0.0
664,18168.803681584694,1.0,0.23126563634360062,0.0,0.0
665,18173.926605295565,0.95,0.4511760943472978,0.0,0.0
666,18180.655824249458,1.0,0.17404975651840723,0.0,0.0
667,18187.716162716042,1.0,0.19190575770378518,0.0,0.0
668,18194.611600551365,1.0,0.3412407660513394,0.0,0.0
669,18199.880005410174,1.0,0.4344459062609255,0.0,0.0
670,18213.541175727456,1.0,0.11569009838594844,0.0,0.0
671,18218.8641607697,1.0,0.39252896070872045,0.0,0.0
672,18225.158364109157,0.95,0.17226030803661702,0.0,0.0
673,18231.242963131273,1.0,0.3769395774339752,0.0,0.0
674,18240.187582215807,1.0,0.20554477409150704,0.0,0.0
675,18245.187936274357,1.0,0.1974371782273173,0.0,0.0
676,18284.94917084848,1.0,0.13932162426584505,0.0,0.0
677,18290.342233682037,1.0,0.038786006470319795,0.0,0.0
678,18298.433667404868,1.0,0.04526856749018707,0.0,0.0
679,18303.57290302408,1.0,0.3919935479889153,0.0,0.0
680,18310.197624211225,1.0,0.2221090408085619,0.0,0.0
681,18318.297760622434,1.0,0.2114083331885544,0.0,0.0
682,18323.638321497572,1.0,0.15710760249569836,0.0,0.0
683,18361.759410699477,1.0,0.2050326587911016,0.0,0.0
684,18367.4642030106,1.0,0.08706491856422549,0.0,0.0
685,18376.334127849597,0.95,0.0,0.0,0.0
686,18382.32696550598,1.0,0.09979376940065099,0.0,0.0
687,18394.04456470782,1.0,0.46403706931660793,0.0,0.0
688,18407.384787864983,1.0,0.08501579056290384,0.0,0.0
689,18419.390897740002,0.95,0.34658843585170473,0.0,0.0
690,18424.749667047847,0.9025,0.20680325638065974,0.0,0.0
691,18430.83267811336,1.0,0.5773621486364676,0.0,0.0
692,18436.960469901253,1.0,0.0008751142220895791,0.0,0.0
693,18446.662585726568,1.0,0.17632919098609373,0.0,0.0
694,18456.084950060795,1.0,0.17404864785403332,0.0,0.0
695,18463.298165322863,0.95,0.0879379704238005,0.0,0.0
696,18482.711500887934,1.0,0.0,0.0,0.0
697,18489.227716907262,0.95,0.676370721483113,0.0,0.0
698,18495.874176392263,1.0,0.3414155204862497,0.0,0.0
699,18506.473685657573,1.0,0.017090033354933018,0.0,0.0
700,18513.233962231338,1.0,0.0,0.0,0.0
701,18519.42218392347,0.95,0.7731381164727937,0.0,0.0
702,18529.59788727446,1.0,0.0,0.0,0.0
703,18535.510565393713,1.0,0.12810432148215936,0.0,0.0
704,18543.91129831185,0.95,0.18648173388848152,0.0,0.0
705,18549.03972439756,0.9025,0.039551515863734635,0.0,0.0
706,18569.009636156567,1.0,0.172757574503547,0.0,0.0
707,18595.335056352043,1.0,0.055143718322406485,0.0,0.0
708,18600.464419021107,0.95,0.15486175419553666,0.0,0.0
709,18606.511874291653,1.0,0.0,0.0,0.0
710,18664.300250516993,1.0,0.14002507610962742,0.0,0.0
711,18687.420968078823,1.0,0.008727920580328813,0.0,0.0
712,18694.897788297585,0.95,0.6710849400324338,0.0,0.0
713,18700.16719551964,1.0,0.0,0.0,0.0
714,18717.11239574348,0.95,0.09509985137259663,0.0,0.0
715,18737.11984650478,1.0,0.15358680878417527,0.0,0.0
716,18746.718111865557,0.95,0.7007671675454108,0.0,0.0
717,18798.56526823137,0.9025,0.6736629463543639,0.0,0.0
718,18804.779955783648,0.8573749999999999,0.7500535025178616,0.0,0.0
719,18811.91406537787,1.0,0.0,0.0,0.0
720,18820.945870056537,1.0,0.13208936093564552,0.0,0.0
721,18826.224346156265,1.0,0.267153576701479,0.0,0.0
722,18834.893299526808,1.0,0.011838665299770623,0.0,0.0
723,18843.639605094064,1.0,0.03451009026459795,0.0,0.0
724,18850.608152056917,1.0,0.12441040131596787,0.0,0.0
725,18855.629199501982,0.95,0.13242181610881343,0.0,0.0
726,18864.9393273107,1.0,0.08618491859417582,0.0,0.0
727,18882.916879293865,1.0,0.0,0.0,0.0
728,18888.021592647692,1.0,0.250985797255901,0.0,0.0
729,18893.409683611597,0.95,0.026720500803525435,0.0,0.0
730,18917.28440598162,1.0,0.0,0.0,0.0
731,18923.50825627404,1.0,0.2705872468645023,0.0,0.0
732,18931.61052466251,0.95,0.09071179823806122,0.0,0.0
733,18943.130726697233,1.0,0.12926287504753775,0.0,0.0
734,18951.399705357977,0.95,0.18347361846580046,0.0,0.0
735,18972.10415855111,1.0,0.310647504198446,0.0,0.0
736,19003.462064722615,1.0,0.0033534742456252514,0.0,0.0
737,19008.9537547379,0.95,0.6093800093350175,0.0,0.0
738,19015.1413824049,0.9025,0.6982306424406384,0.0,0.0
739,19027.283474633976,0.8573749999999999,0.0,0.0,0.0
740,19040.122646419066,0.8145062499999999,0.67370449647767,0.0,0.0
741,19045.666151078283,0.7737809374999999,0.7373961928469668,0.0,0.0
742,19061.45877497179,1.0,0.0,0.0,0.0
743,19069.900761224068,0.95,0.6412637726493342,0.0,0.0
744,19077.066338855482,0.9025,0.639969627769339,0.0,0.0
745,19082.434580662703,1.0,0.21663239744303775,0.0,0.0
746,19089.96013044455,1.0,0.11255440938024758,0.0,0.0
747,19095.7477968119,1.0,0.2802996820054646,0.0,0.0
748,19101.98800720843,1.0,0.23543913029607758,0.0,0.0
749,19107.73840226842,1.0,0.0,0.0,0.0
750,19112.958315160526,1.0,0.0,0.0,0.0
751,19130.99738399673,1.0,0.058757298549232825,0.0,0.0
752,19138.946554026574,1.0,0.0,0.0,0.0
753,19158.584059999328,0.95,0.6624084452172053,0.0,0.0
754,19163.997315760167,0.9025,0.7679186420841912,0.0,0.0
755,19178.021763639477,1.0,0.2600480659514436,0.0,0.0
756,19233.538527785237,1.0,0.13307218465775722,0.0,0.0
757,19240.958158807192,0.95,0.699076879782113,0.0,0.0
758,19252.517933051542,0.9025,0.0,0.0,0.0
759,19258.98490520872,0.8573749999999999,0.6264345960775403,0.0,0.0
760,19391.882891311634,1.0,0.2533544835234702,0.0,0.0
761,19399.856980875098,1.0,0.2948257956831799,0.0,0.0
762,19404.86587723945,0.95,0.701968008862573,0.0,0.0
763,19413.12292346935,0.9025,0.6471479860262697,0.0,0.0
764,19425.11745292278,1.0,0.2076438739916345,0.0,0.0
765,19433.40054084989,1.0,0.1115566583370476,0.0,0.0
766,19439.852448340975,1.0,0.0,0.0,0.0
767,19447.446251563317,0.95,0.7556584003122063,0.0,0.0
768,19459.034007712104,1.0,0.11330465970702071,0.0,0.0
769,19465.74337583397,1.0,0.4230665602588547,0.0,0.0
770,19471.635479278062,0.95,0.7124087200507032,0.0,0.0
771,19479.269743612753,1.0,0.3710697669052845,0.0,0.0
772,19484.700212681655,1.0,0.1489622675849432,0.0,0.0
773,19501.061853197567,1.0,0.3345795582832522,0.0,0.0
774,20309.54196133726,1.0,0.5081848911318951,0.0,0.0
775,20328.53127856028,0.95,0.8892239107298927,0.0,0.0
776,20336.33270898894,1.0,0.5001396274921948,0.0,0.0
777,20346.910893016146,0.95,0.8536706986681313,0.0,0.0
778,20353.6965854077,1.0,0.51945871835819,0.0,0.0
779,20364.56297549912,0.95,0.1965749121603783,0.0,0.0
780,20369.739177361313,1.0,0.6032442998540632,0.0,0.0
781,20383.15274767904,1.0,0.35237001696183495,0.0,0.0
782,20406.501026151225,1.0,0.6353433317030376,0.0,0.0
783,20417.321402350914,1.0,0.48324179618413554,0.0,0.0
784,20429.291749532687,0.95,0.6921906019724309,0.0,0.0
785,20435.238593871523,0.9025,0.395267888918395,0.0,0.0
786,20461.127498134785,1.0,0.5650291528624538,0.0,0.0
787,20467.090645733973,1.0,0.9581389982798258,0.0,0.0
788,20478.92417286787,1.0,0.7482437762573053,0.0,0.0
789,20489.71025473229,1.0,0.757008692615671,0.0,0.0
790,20494.8290663034,1.0,0.7503456610742818,0.0,0.0
791,20499.95308494311,1.0,0.8308389126257248,0.0,0.0
792,20508.119972942804,1.0,0.6886236099701949,0.0,0.0
793,20514.99049551022,1.0,0.6527253077504329,0.0,0.0
794,20525.30601062313,1.0,0.734684536138345,0.0,0.0
795,20546.67851756246,1.0,0.9231616227829089,0.0,0.0
796,20555.47867853545,0.95,0.9301544859496197,0.0,0.0
797,20561.588600266034,1.0,0.8322177566848962,0.0,0.0
798,20568.03822384295,0.95,0.8115909102481336,0.0,0.0
799,20576.06453549855,1.0,0.6653534764729696,0.0,0.0
800,20585.8691369902,1.0,0.7156149153796691,0.0,0.0
801,20624.267360627015,1.0,0.6401690505005004,0.0,0.0
802,20635.260801498905,1.0,0.8228120508267528,0.0,0.0
803,20641.948466270234,1.0,0.6198087065219123,0.0,0.0
804,20665.63847194713,1.0,0.8655054090263985,0.0,0.0
805,20672.859946814715,1.0,0.9167318898783041,0.0,0.0
806,20690.85788002078,0.95,0.8585064754156445,0.0,0.0
807,20697.084337868593,0.9025,0.8700675605750018,0.0,0.0
808,20702.175440272887,1.0,0.6825193491742615,0.0,0.0
809,20708.196632244413,1.0,0.523445967468258,0.0,0.0
810,20723.172292072457,1.0,0.6610390137588844,0.0,0.0
811,20730.408587022932,1.0,0.5693076506486539,0.0,0.0
812,20736.7335446722,0.95,0.8262127604960015,0.0,0.0
813,20743.57419824418,0.9025,0.7776725763709216,0.0,0.0
814,20819.94195911984,1.0,0.655662304202339,0.0,0.0
815,20825.789019396914,0.95,0.8748365953858485,0.0,0.0
816,20833.074061561914,1.0,0.7890201561475549,0.0,0.0
817,20838.51133793608,1.0,0.6911480276601607,0.0,0.0
818,20844.84600212446,1.0,0.6499020015440196,0.0,0.0
819,20852.835662708654,1.0,0.5456125467794122,0.0,0.0
820,20857.958458530116,1.0,0.5698961977668264,0.0,0.0
821,20867.883328642296,1.0,0.7184180491133801,0.0,0.0
822,20874.27680950146,1.0,0.5395780239356185,0.0,0.0
823,20887.316902188544,1.0,1.0,0.0,0.0
824,20893.46878164872,1.0,1.0,0.0,0.0
825,20960.78631588858,1.0,0.7041972904804382,0.0,0.0
826,20967.349399230126,0.95,0.8797636512426668,0.0,0.0
827,20974.25030865585,1.0,0.9669961087960713,0.0,0.0
828,20981.871920540503,1.0,0.9191883248640564,0.0,0.0
829,20988.27723960859,1.0,0.9429879925091007,0.0,0.0
830,20999.24559978561,1.0,0.8137043631291544,0.0,0.0
831,21009.483892658747,1.0,0.7356539317742286,0.0,0.0
832,21018.45402983322,1.0,0.713707384687285,0.0,0.0
833,21023.978586330013,1.0,0.9522743229251881,0.0,0.0
834,21036.181850123943,1.0,0.8340617008721599,0.0,0.0
835,21049.590390786278,1.0,0.7528669828057494,0.0,0.0
836,21054.989022810925,0.95,0.8038235046669321,0.0,0.0
837,21071.34224246271,1.0,0.7536730504134498,0.0,0.0
838,21077.000567269108,1.0,0.9510467738444291,0.0,0.0
839,21086.068317025118,1.0,0.972699098821842,0.0,0.0
840,21093.171180828416,1.0,0.8820612851753538,0.0,0.0
841,21098.90221309084,1.0,0.9956365318828846,0.0,0.0
842,21104.376440480464,1.0,0.9670282089490666,0.0,0.0
843,21134.98692671678,1.0,0.9234089282525412,0.0,0.0
844,21140.480597949147,1.0,0.8524477369132508,0.0,0.0
845,21150.117685279434,0.95,0.9979269206787751,0.0,0.0
846,21165.81436192305,1.0,0.9097872856323994,0.0,0.0
847,21173.353587361307,0.95,0.8954577354389827,0.0,0.0
848,21179.300346755674,0.9967668461218762,1.0,0.0,0.0
849,21188.186729605215,1.0,0.756600854375061,0.0,0.0
850,21193.77945949509,1.0,0.6215165477566383,0.0,0.0
851,21217.221205782054,1.0,1.0,0.0,0.0
852,21222.41030408605,1.0,0.5246218292366174,0.0,0.0
853,21233.94754703028,1.0,1.0,0.0,0.0
854,21239.956687592163,1.0,0.9904827065216341,0.0,0.0
855,21250.543261502502,1.0,0.8749141389429024,0.0,0.0
856,21256.160369463,1.0,0.9290552165105994,0.0,0.0
857,21274.130464614143,1.0,0.8724141580653059,0.0,0.0
858,21279.6656744083,1.0,0.951360165628319,0.0,0.0
859,21285.740776988387,1.0,0.7193287083661767,0.0,0.0
860,21311.70407027217,1.0,1.0,0.0,0.0
861,21330.529320273898,1.0,0.8141161102752186,0.0,0.0
862,21349.925543132766,0.95,0.9354342265438893,0.0,0.0
863,21425.928219493006,0.9025,0.8690187358808552,0.0,0.0
864,21433.36502059591,0.8573749999999999,0.950716475310379,0.0,0.0
865,21446.330161187263,1.0,0.9774209436440874,0.0,0.0
866,21451.467697684016,1.0,0.5167461697194269,0.0,0.0
867,21457.370741825274,1.0,0.9724557063710558,0.0,0.0
868,21463.181037909515,1.0,0.722687175214038,0.0,0.0
869,21475.17734409807,1.0,0.7700653658188072,0.0,0.0
870,21480.413140172506,1.0,1.0,0.0,0.0
871,21503.530072348272,1.0,0.9346884971140226,0.0,0.0
872,21594.36202050034,1.0,0.7812760266481512,0.0,0.0
873,21608.816960112414,0.95,0.9823061646001346,0.0,0.0
874,21615.153241938286,1.0,0.853874479981718,0.0,0.0
875,21621.483437121,1.0,1.0,0.0,0.0
876,21640.39245619449,1.0,0.9512971736551815,0.0,0.0
877,21648.620055272502,1.0,1.0,0.0,0.0
878,21659.885678153318,1.0,0.4166237547969586,0.0,0.0
879,21838.909488342655,1.0,0.7826245211518994,0.0,0.0
880,21844.840091107402,0.95,0.8538443709116703,0.0,0.0
881,21851.80903390052,0.9025,1.0,0.0,0.0
882,21889.06352085148,1.0,1.0,0.0,0.0
883,22049.582976950132,1.0,0.9714539880874303,0.0,0.0
884,22056.66216883138,0.95,0.8271807986270099,0.0,0.0
885,22064.798735676224,1.0,0.7439785565450359,0.0,0.0
886,22070.542350286545,1.0,1.0,0.0,0.0
887,22075.62584940956,1.0,0.7425446860082734,0.0,0.0
888,22086.477326959317,1.0,0.739817430210991,0.0,0.0
889,22097.84249342943,1.0,0.7190285775976886,0.0,0.0
890,22107.409875027162,1.0,0.7208195013567132,0.0,0.0
891,22116.31769340683,0.95,0.7024092537952386,0.0,0.0
892,22123.531521599365,0.9025,0.689971471612632,0.0,0.0
893,22128.659502737497,0.8573749999999999,0.8886964004603883,0.0,0.0
894,22148.22002662009,1.0,0.8613038169520333,0.0,0.0
895,22153.528318160366,1.0,0.6602588824393892,0.0,0.0
896,22161.060799943185,1.0,0.5728805274699187,0.0,0.0
897,22166.464894189692,1.0,0.7875167515727123,0.0,0.0
898,22172.760994011438,1.0,0.6633701991684328,0.0,0.0
899,22179.18000968076,1.0,0.5980620239604124,0.0,0.0
900,22184.79640056379,1.0,1.0,0.0,0.0
901,22190.537910601823,1.0,0.8382117178742259,0.0,0.0
902,22203.688985935638,1.0,0.9253967629870343,0.0,0.0
903,22210.81543713472,1.0,0.7380868180813935,0.0,0.0
904,22220.537584401172,0.95,0.7583767936443921,0.0,0.0
905,22230.694302426728,1.0,0.5119826249522507,0.0,0.0
906,22241.64545757202,0.95,0.6464926249719432,0.0,0.0
907,22247.519707187148,0.9025,0.7953791977345077,0.0,0.0
908,22253.080338976582,1.0,0.595030673455649,0.0,0.0
909,22258.645782071446,1.0,0.5406481457188071,0.0,0.0
910,22267.040394433014,1.0,0.7962125769365153,0.0,0.0
911,22273.55678661814,1.0,0.5885724903919349,0.0,0.0
912,22291.569951138932,1.0,0.8646864889907859,0.0,0.0
913,22317.189632395555,1.0,0.6355225654883674,0.0,0.0
914,22323.79415342175,0.95,0.9207426167988417,0.0,0.0
915,22348.6544280538,1.0,0.6811970540305223,0.0,0.0
916,22357.842717731935,1.0,0.5491731759411382,0.0,0.0
917,22366.091984330356,0.95,0.27249539900193254,0.0,0.0
918,22372.63694992848,1.0,0.7891769560938185,0.0,0.0
919,22378.22420942817,0.95,0.897897433194567,0.0,0.0
920,22406.04537460274,1.0,0.5966103004655814,0.0,0.0
921,22415.164437434283,1.0,0.7987387060423953,0.0,0.0
922,22421.304363673007,1.0,0.5564949588269047,0.0,0.0
923,22427.120990370953,1.0,0.6442998869819436,0.0,0.0
924,22432.49530465858,1.0,0.7649660127773544,0.0,0.0
925,22446.56558619722,1.0,0.534275599690143,0.0,0.0
926,22451.57967137057,1.0,0.699017433707423,0.0,0.0
927,22458.366779051525,1.0,0.8366559561856165,0.0,0.0
928,22472.17174607504,0.95,0.874451553328357,0.0,0.0
929,22478.91317957591,1.0,0.6189597819003052,0.0,0.0
930,22486.953460245826,1.0,0.3359760487296234,0.0,0.0
931,22496.097167569496,1.0,0.823277431708801,0.0,0.0
932,22509.158256684936,1.0,0.5973607235755201,0.0,0.0
933,22542.461085422427,1.0,0.3504659550716759,0.0,0.0
934,22549.297337831544,0.95,0.8273458452117164,0.0,0.0
935,22566.891724908135,1.0,0.6434496106891079,0.0,0.0
936,22574.59369068128,1.0,0.5984779309955207,0.0,0.0
937,22581.048354585724,1.0,0.4226462096264227,0.0,0.0
938,22587.226298081863,1.0,0.5553883532049698,0.0,0.0
939,22595.5169237971,1.0,0.4436542167555719,0.0,0.0
940,22602.903486225347,1.0,0.26793134717738665,0.0,0.0
941,22609.896334546753,1.0,0.3341317441428866,0.0,0.0
942,22619.089056626413,1.0,0.7088555536824468,0.0,0.0
943,22626.88387077434,1.0,0.3989117987936745,0.0,0.0
944,22635.3941571712,0.95,0.7378299885187449,0.0,0.0
945,22640.74066668601,1.0,0.7845958607436696,0.0,0.0
946,22647.301364279192,1.0,0.6560894209305146,0.0,0.0
947,22655.72976787645,1.0,0.5237869731791378,0.0,0.0
948,22661.113736713716,1.0,0.3924332604238716,0.0,0.0
949,22671.142956350435,1.0,0.36857023066584926,0.0,0.0
950,22680.894608324346,1.0,0.3982258790360072,0.0,0.0
951,22688.234575354752,1.0,0.2952813040981923,0.0,0.0
952,22696.1404821216,1.0,0.22110316402164695,0.0,0.0
953,22703.316034339114,1.0,0.46028219774848966,0.0,0.0
954,22708.617711636925,1.0,0.32044948460239875,0.0,0.0
955,22715.30670150001,1.0,0.45906521198152916,0.0,0.0
956,22722.957843289558,1.0,0.39397331983413797,0.0,0.0
957,22727.98806721554,1.0,0.41597352719032016,0.0,0.0
958,22758.22050664867,1.0,0.7068709827714214,0.0,0.0
959,22772.203298218123,1.0,0.31018116712528576,0.0,0.0
960,22781.561955320372,0.95,0.37163951828393793,0.0,0.0
961,22789.643055713237,1.0,0.3011299460846856,0.0,0.0
962,22802.34089490606,1.0,0.6008693463273276,0.0,0.0
963,22817.5516386256,1.0,0.22857777694936704,0.0,0.0
964,22858.49622167085,0.95,0.6466645852317198,0.0,0.0
965,22867.78200446577,0.9025,0.754784624531962,0.0,0.0
966,22881.59783625289,1.0,0.17973587622868645,0.0,0.0
967,22889.894422886988,1.0,0.5045182594675448,0.0,0.0
968,22902.128889955817,0.95,0.38488202369803487,0.0,0.0
969,22909.18230686504,1.0,0.4934027560774291,0.0,0.0
970,22915.30830459464,1.0,0.6096817144633047,0.0,0.0
971,22927.88073068167,1.0,0.41129405313464407,0.0,0.0
972,22937.171772365888,1.0,0.17127936429235827,0.0,0.0
973,22951.00095726419,1.0,0.2238558198775687,0.0,0.0
974,22973.043811524927,0.95,0.8111900920695402,0.0,0.0
975,22979.850448814206,0.9025,0.33813818686342934,0.0,0.0
976,22985.017892648575,1.0,0.408237436282657,0.0,0.0
977,22995.109178148665,1.0,0.40645178912055785,0.0,0.0
978,23011.8819234078,1.0,0.08749720774911346,0.0,0.0
979,23020.61045315223,1.0,0.1590199686041888,0.0,0.0
980,23028.09058088093,0.95,0.7256612915024019,0.0,0.0
981,23045.985189831426,1.0,0.41479075444951025,0.0,0.0
982,23052.231172294756,1.0,0.018318073710075822,0.0,0.0
983,23248.415331630455,0.95,0.3677746662276432,0.0,0.0
984,23254.155268886087,0.9025,0.23951508847276742,0.0,0.0
985,23272.8703144648,0.8573749999999999,0.2545562638945636,0.0,0.0
986,23286.77538990639,0.8145062499999999,0.697088325152024,0.0,0.0
987,23293.65842213447,1.0,0.012579712051027286,0.0,0.0
988,23309.320545183855,0.95,0.7105200177827465,0.0,0.0
989,23317.417723073897,1.0,0.0,0.0,0.0
990,23327.36468341396,1.0,0.29221802132556757,0.0,0.0
991,23335.463504883002,0.95,0.10262195650220425,0.0,0.0
992,23354.156634983272,1.0,0.6018797311650081,0.0,0.0
993,23364.661177503476,1.0,0.0277945682859001,0.0,0.0
994,23371.335999803767,0.95,0.722002340907206,0.0,0.0
995,23378.39918206656,1.0,0.12351290072382315,0.0,0.0
996,23385.518620459105,1.0,0.3950323571622697,0.0,0.0
997,23395.13036629018,1.0,0.0,0.0,0.0
998,23401.176621612423,1.0,0.23460237960581212,0.0,0.0
999,23434.244759734476,1.0,0.3547005636058365,0.0,0.0
1000,23444.361372822794,1.0,0.0,0.0,0.0
1001,23451.753328971943,0.95,0.432399845514519,0.0,0.0
1002,23463.27066104851,1.0,0.0,0.0,0.0
1003,23469.41778317196,1.0,0.15729431345573114,0.0,0.0
1004,23477.677881441665,1.0,0.18643949510839825,0.0,0.0
1005,23496.823958546192,1.0,0.0,0.0,0.0
1006,23503.729900097227,1.0,0.035175702559522196,0.0,0.0
1007,23512.190396998187,1.0,0.0,0.0,0.0
1008,23546.95377517091,1.0,0.11751442132979573,0.0,0.0
1009,23552.134692708616,0.95,0.6318139890628259,0.0,0.0
1010,23558.96012962246,0.9025,0.25332061055615995,0.0,0.0
1011,23564.182653970685,1.0,0.0,0.0,0.0
1012,23569.771690197307,1.0,0.23779631870687645,0.0,0.0
1013,23586.073560217817,1.0,0.20818768646075558,0.0,0.0
1014,23593.096657238926,1.0,0.07254084187235799,0.0,0.0
1015,23601.74559363405,1.0,0.04712585511717625,0.0,0.0
1016,23613.862437528765,1.0,0.0,0.0,0.0
1017,23620.132465013336,1.0,0.0,0.0,0.0
1018,23625.6603970419,0.95,0.4604929925350312,0.0,0.0
1019,23647.40893403197,1.0,0.17380291051985167,0.0,0.0
1020,23653.10989108999,1.0,0.16287602492270323,0.0,0.0
1021,23658.590445391506,1.0,0.0,0.0,0.0
1022,23678.8839684131,1.0,0.16506118820933297,0.0,0.0
1023,23691.300782381986,1.0,0.1197634875555855,0.0,0.0
1024,23697.336172529704,1.0,0.06770975645475003,0.0,0.0
1025,23705.621937468633,0.95,0.36628924309324623,0.0,0.0
1026,23712.895469661387,1.0,0.0,0.0,0.0
1027,23718.451992896407,1.0,0.0,0.0,0.0
1028,23724.96726645509,1.0,0.16255397358048343,0.0,0.0
1029,23738.191875357286,1.0,0.20294432396327178,0.0,0.0
1030,23743.651330204644,1.0,0.30389492132123463,0.0,0.0
1031,23823.20876257608,1.0,0.0,0.0,0.0
1032,23834.083412341366,1.0,0.0,0.0,0.0
1033,23865.785817688396,0.95,0.6983234118312017,0.0,0.0
1034,23872.312632418067,0.9025,0.7238309060835783,0.0,0.0
1035,23879.63544344153,0.8573749999999999,0.2868082792665567,0.0,0.0
1036,23888.114520009818,1.0,0.0,0.0,0.0
1037,23895.105944349896,1.0,0.0,0.0,0.0
1038,23909.714431209937,1.0,0.11379407925248908,0.0,0.0
1039,23928.856547134463,1.0,0.03273866152628263,0.0,0.0
1040,23942.616662400906,0.95,0.7041943290702358,0.0,0.0
1041,23951.494801447847,1.0,0.0,0.0,0.0
1042,23957.48508263915,0.95,0.6534482451677224,0.0,0.0
1043,23971.76976887399,1.0,0.0,0.0,0.0
1044,23985.18523281048,1.0,0.0,0.0,0.0
1045,23990.642382512935,0.95,0.05930175498938988,0.0,0.0
1046,24001.040417537773,0.9025,0.26060517637919256,0.0,0.0
1047,24009.704089238418,1.0,0.0,0.0,0.0
1048,24019.15512498035,1.0,0.02248817876944008,0.0,0.0
1049,24025.821251862326,0.95,0.017725091107355484,0.0,0.0
1050,24046.463442293953,1.0,0.35010391656130435,0.0,0.0
1051,24051.833724217424,1.0,0.3574620026096422,0.0,0.0
1052,24090.39947433552,1.0,0.2741294551667106,0.0,0.0
1053,24096.286848609994,1.0,0.0,0.0,0.0
1054,24106.961401081295,0.95,0.013550970461094325,0.0,0.0
1055,24116.122563768346,1.0,0.2891844380106901,0.0,0.0
1056,24121.919719706708,0.95,0.7209570236565748,0.0,0.0
1057,24128.997192114166,0.9025,0.0,0.0,0.0
1058,24140.53840776382,1.0,0.2977072334451403,0.0,0.0
1059,24145.573256899013,1.0,0.0,0.0,0.0
1060,24162.043619899658,0.95,0.10234537158546128,0.0,0.0
1061,24171.690117093098,0.9025,0.13310584788809945,0.0,0.0
1062,24182.58589832494,0.8573749999999999,0.07201905686432292,0.0,0.0
1063,25638.721127183628,0.8145062499999999,0.0,0.0,0.0
1064,25648.908688340503,0.7737809374999999,0.9612775008726167,0.0,0.0
1065,25658.35141842498,1.0,0.726407779879271,0.0,0.0
1066,25672.230850564047,1.0,0.7072057227665475,0.0,0.0
1067,25678.153138121022,1.0,0.6552882147773971,0.0,0.0
1068,25685.594900490378,1.0,0.8815317021137159,0.0,0.0
1069,25690.831904664337,1.0,0.6841390335318154,0.0,0.0
1070,25698.794807414735,1.0,0.8452645588449095,0.0,0.0
1071,25709.379836412278,1.0,0.879116649513159,0.0,0.0
1072,25717.04772286594,1.0,0.7901970835072964,0.0,0.0
1073,25723.705190849658,1.0,0.5910472273483153,0.0,0.0
1074,25751.910821793743,1.0,0.8084478987834217,0.0,0.0
1075,25756.947720507345,1.0,0.8050970820030544,0.0,0.0
1076,25764.963400693967,1.0,0.7785544882087312,0.0,0.0
1077,25773.247499101202,1.0,0.9087911894914908,0.0,0.0
1078,25779.674172656534,1.0,0.8450734112592097,0.0,0.0
1079,25791.638360642035,1.0,0.8897630686343362,0.0,0.0
1080,25803.30552281048,1.0,0.527051530598357,0.0,0.0
1081,25809.470936339738,0.95,0.7672178987867699,0.0,0.0
1082,25815.480375996947,1.0,0.4499294757529188,0.0,0.0
1083,25820.867114570676,1.0,0.538345777033437,0.0,0.0
1084,25831.698117536514,1.0,0.7869337621069126,0.0,0.0
1085,25842.581180031837,1.0,0.7035752001273899,0.0,0.0
1086,25851.474410793515,1.0,0.6870228040592314,0.0,0.0
1087,25857.454514693934,0.95,0.9137642632998881,0.0,0.0
1088,25867.910976563777,0.9025,0.8754673979072596,0.0,0.0
1089,25873.643719365675,1.0,0.8966419504400641,0.0,0.0
1090,25885.391152589527,1.0,0.7546051053729521,0.0,0.0
1091,25904.794471764777,1.0,0.578510557777113,0.0,0.0
1092,25910.35360744225,0.95,0.8375700544183282,0.0,0.0
1093,25924.53286457431,1.0,1.0,0.0,0.0
1094,25931.779827533785,1.0,0.5907855630481225,0.0,0.0
1095,25939.011022564227,0.95,0.8024121358572993,0.0,0.0
1096,25957.06852060945,0.9025,0.8898349613902983,0.0,0.0
1097,26117.82547230349,1.0,0.7224185673453476,0.0,0.0
1098,26132.26405457601,0.95,0.8795086697414104,0.0,0.0
1099,26144.175723230892,0.9025,0.8817420748531475,0.0,0.0
1100,26149.912829855002,1.0,0.7884181568836899,0.0,0.0
1101,26155.177759007518,1.0,0.8052732747224178,0.0,0.0
1102,26164.900937287017,1.0,0.863580023257137,0.0,0.0
1103,26181.444506025575,1.0,0.7234271379143963,0.0,0.0
1104,26200.368955341368,1.0,1.0,0.0,0.0
1105,26206.978630216112,1.0,0.6770277942156553,0.0,0.0
1106,26214.61552979287,1.0,0.7683086134639223,0.0,0.0
1107,26220.870372117348,1.0,0.97336386252199,0.0,0.0
1108,26243.584019515027,1.0,1.0,0.0,0.0
1109,26250.708070663328,1.0,0.717504879561578,0.0,0.0
1110,26255.8159598665,1.0,0.7794679915584529,0.0,0.0
1111,26262.12673969913,1.0,0.7522653084192581,0.0,0.0
1112,26280.121713659883,1.0,0.7388493341942849,0.0,0.0
1113,26829.349931194676,1.0,0.839879279461901,0.0,0.0
1114,26834.92920273712,0.95,0.8471467371774813,0.0,0.0
1115,26841.06123873326,0.9025,0.896527470747752,0.0,0.0
1116,26846.52697479093,1.0,0.9967990440501853,0.0,0.0
1117,26851.55573138085,1.0,0.719115517497265,0.0,0.0
1118,26859.055511951323,1.0,0.6614939661850531,0.0,0.0
1119,26864.537874062265,1.0,0.7405280531825859,0.0,0.0
1120,26869.809239879934,1.0,1.0,0.0,0.0
1121,26875.201230108796,1.0,0.9506453616761551,0.0,0.0
1122,26882.959440157225,1.0,0.8833552487096002,0.0,0.0
1123,26889.454114013002,1.0,0.837034940848305,0.0,0.0
1124,26895.399295018677,1.0,0.78830084026627,0.0,0.0
1125,26907.20554549653,1.0,0.8387743309167447,0.0,0.0
1126,26913.546776679857,1.0,0.8665562627152005,0.0,0.0
1127,26941.303259052806,1.0,0.7416803422567374,0.0,0.0
1128,26952.357310291613,1.0,0.754246102591744,0.0,0.0
1129,26958.27918361125,0.95,0.5218215294951323,0.0,0.0
1130,26968.69979701953,1.0,0.6541384161098396,0.0,0.0
1131,26974.147165975668,1.0,0.45277975865881764,0.0,0.0
1132,26982.00681432115,1.0,0.7369328168034924,0.0,0.0
1133,26992.445019664377,1.0,1.0,0.0,0.0
1134,27023.815885758228,1.0,0.7784344546483555,0.0,0.0
1135,27029.806960654812,0.95,0.8255642987524761,0.0,0.0
1136,27036.661285013743,1.0,0.6659132096272746,0.0,0.0
1137,27042.78885259029,1.0,0.8099211411739653,0.0,0.0
1138,27050.760603674385,1.0,0.5896462588269054,0.0,0.0
1139,27056.16896589939,1.0,0.8358268828269609,0.0,0.0
1140,27068.45006249875,1.0,0.8184785723931128,0.0,0.0
1141,27083.127406798332,1.0,0.757453758041057,0.0,0.0
1142,27088.27568793977,0.95,0.8010272386303507,0.0,0.0
1143,27098.394632931773,1.0,0.8169769976767578,0.0,0.0
1144,27107.01903015043,1.0,0.784844713720298,0.0,0.0
1145,27121.940209460507,1.0,0.7659411850869844,0.0,0.0
1146,27131.58216610573,1.0,0.6991980049026301,0.0,0.0
1147,27140.689860721464,1.0,0.5239367238191821,0.0,0.0
1148,27160.434127134515,0.95,0.7360430940105477,0.0,0.0
1149,27165.83102797767,0.9025,0.9085911490836509,0.0,0.0
1150,27194.856553401918,1.0,0.592543503257466,0.0,0.0
1151,27207.952513256507,1.0,0.7879038450074087,0.0,0.0
1152,27217.41639902862,1.0,0.4773931137880181,0.0,0.0
1153,27225.13487090923,1.0,0.7979832668348462,0.0,0.0
1154,27231.173197098527,0.95,0.45023720025884584,0.0,0.0
1155,27237.269873143712,0.9025,0.9097239807417608,0.0,0.0
1156,27248.436422804654,1.0,0.4931852474774734,0.0,0.0
1157,27258.006801295232,1.0,1.0,0.0,0.0
1158,27266.043123727402,1.0,0.8374066784581204,0.0,0.0
1159,27272.272484702597,1.0,0.6980770543309344,0.0,0.0
1160,27277.303159879335,1.0,0.775911304581059,0.0,0.0
1161,27282.64655600423,1.0,0.8403638348799409,0.0,0.0
1162,27290.235518020752,1.0,0.6899696174133276,0.0,0.0
1163,27295.51661229889,1.0,0.7932195796361815,0.0,0.0
1164,27300.9584749339,1.0,0.813529568984362,0.0,0.0
1165,27335.461742870648,1.0,0.7084973316451526,0.0,0.0
1166,27343.234516790646,1.0,0.6949970255559179,0.0,0.0
1167,27348.93916183856,1.0,0.7015720830864797,0.0,0.0
1168,27429.95841477196,1.0,0.8264402035850185,0.0,0.0
1169,27435.844720676545,1.0,0.6127278128748511,0.0,0.0
1170,27441.632120070793,1.0,0.7203677273386834,0.0,0.0
1171,27452.046593803545,1.0,0.8227649834318927,0.0,0.0
1172,27457.3806225141,1.0,0.6635565971250909,0.0,0.0
1173,27465.9357598886,1.0,0.4458107286455923,0.0,0.0
1174,27476.342113810235,1.0,0.718019199668304,0.0,0.0
1175,27482.955124938264,1.0,0.3440798874996486,0.0,0.0
1176,27489.057834228588,0.95,0.3944803019164291,0.0,0.0
1177,27496.68779415865,1.0,0.6787768885412117,0.0,0.0
1178,27502.77443059159,1.0,0.5091610926407835,0.0,0.0
1179,27510.048048677574,1.0,0.5432710018603054,0.0,0.0
1180,27520.7260925317,1.0,0.4861385409591223,0.0,0.0
1181,27528.739405962333,1.0,0.7688566833298369,0.0,0.0
1182,27533.74997643555,0.95,0.5663527483919242,0.0,0.0
1183,27540.061035554954,0.9025,0.5871201240912421,0.0,0.0
1184,27555.766617186255,1.0,0.43609645669469355,0.0,0.0
1185,27569.408038978843,1.0,0.29484249388852585,0.0,0.0
1186,27574.933276474032,0.95,0.4958570215009587,0.0,0.0
1187,27699.93692586249,0.9025,0.7196324965083559,0.0,0.0
1188,27705.254418120345,0.8573749999999999,0.838772156140108,0.0,0.0
1189,27710.832701282543,1.0,0.42681091382397074,0.0,0.0
1190,27772.366285499662,1.0,0.5727502995520987,0.0,0.0
1191,27777.74351989834,1.0,0.588357338709937,0.0,0.0
1192,27787.14701230026,1.0,0.7186602377899649,0.0,0.0
1193,27792.870547945626,1.0,0.6990334084455516,0.0,0.0
1194,27798.98504091415,1.0,0.5359322015720613,0.0,0.0
1195,27830.193147480913,1.0,0.44858314195239346,0.0,0.0
1196,27839.584338311593,1.0,0.40631175562134575,0.0,0.0
1197,27845.314950383457,1.0,0.25764248350546237,0.0,0.0
1198,27856.94398675359,1.0,0.4536963002991031,0.0,0.0
1199,27870.648763603855,1.0,0.23176001394098034,0.0,0.0
1200,27887.596652564458,0.95,0.3520752186645699,0.0,0.0
1201,27899.736214097044,0.9025,0.314685624461095,0.0,0.0
1202,27907.948436080576,0.8573749999999999,0.7548665014353755,0.0,0.0
1203,27915.821214869084,0.8145062499999999,0.7635484213725517,0.0,0.0
1204,27922.10935105052,1.0,0.31021936183889265,0.0,0.0
1205,27932.853972761182,0.95,0.08754430090824133,0.0,0.0
1206,27938.615214273592,0.9025,0.4012436213258249,0.0,0.0
1207,27947.068302020198,1.0,0.29504836513849847,0.0,0.0
1208,27991.49434889083,1.0,0.28685708504404644,0.0,0.0
1209,27999.405539922922,0.95,0.546144401918944,0.0,0.0
1210,28006.23555386276,1.0,0.42642710497579217,0.0,0.0
1211,28012.078107368507,1.0,0.2474749633268705,0.0,0.0
1212,28032.127567376905,1.0,0.28883348862618263,0.0,0.0
1213,28040.152104698376,1.0,0.16182254979468028,0.0,0.0
1214,28047.28730828672,0.95,0.7902515259099949,0.0,0.0
1215,28052.291212778873,1.0,0.27565152605000565,0.0,0.0
1216,28074.427698890966,1.0,0.20136983957064336,0.0,0.0
1217,28081.948395340994,1.0,0.12017489685353847,0.0,0.0
1218,28092.340854282826,0.95,0.15146164878686852,0.0,0.0
1219,28102.969583327074,1.0,0.4049256665530591,0.0,0.0
1220,28123.862111848604,1.0,0.6949014704722397,0.0,0.0
1221,28147.246953080183,0.95,0.7664941087028011,0.0,0.0
1222,28154.654989041243,0.9025,0.6909767440906756,0.0,0.0
1223,28160.43265996683,1.0,0.26291512617170804,0.0,0.0
1224,28167.349523289788,1.0,0.3155882222877016,0.0,0.0
1225,28184.2983940899,1.0,0.38863977145126594,0.0,0.0
1226,28190.79055331301,1.0,0.30453885393664826,0.0,0.0
1227,28196.77274129717,0.95,0.7179911627037621,0.0,0.0
1228,28210.118466426906,1.0,0.28838105135470543,0.0,0.0
1229,28219.013246960512,0.95,0.18729269978168758,0.0,0.0
1230,28230.996860508036,1.0,0.4735933041778194,0.0,0.0
1231,28240.9569642272,1.0,0.08723401969241884,0.0,0.0
1232,28250.961980814027,0.95,0.2827110074458658,0.0,0.0
1233,28256.48504069336,1.0,0.3046466091740184,0.0,0.0
1234,28264.955577515702,1.0,0.12947129903829616,0.0,0.0
1235,28270.481717782208,1.0,0.12470095227884838,0.0,0.0
1236,28276.427875258792,1.0,0.2398026070001299,0.0,0.0
1237,28286.059968668764,1.0,0.30836531443782633,0.0,0.0
1238,28292.317181339327,1.0,0.1250927215640414,0.0,0.0
1239,28301.249788070774,1.0,0.21612113906829467,0.0,0.0
1240,28307.466131731428,0.95,0.6962894616447731,0.0,0.0
1241,28438.916814286495,1.0,0.13049376329523338,0.0,0.0
1242,28445.485553131275,1.0,0.008561158223272136,0.0,0.0
1243,28452.09112913277,0.95,0.19024570362356855,0.0,0.0
1244,28457.485545172614,1.0,0.24963188885982784,0.0,0.0
1245,28474.747897444173,1.0,0.07135534206045228,0.0,0.0
1246,28482.925795749095,1.0,0.19994672663483887,0.0,0.0
1247,28495.467295779108,0.95,0.59559520712783,0.0,0.0
1248,28506.925276053167,1.0,0.0,0.0,0.0
1249,28537.774722258284,0.95,0.3593841059238545,0.0,0.0
1250,28543.619754654297,0.9025,0.6912700619089209,0.0,0.0
1251,28554.65644289321,0.8573749999999999,0.707507519875833,0.0,0.0
1252,28560.721818838185,1.0,0.25236630273410754,0.0,0.0
1253,28573.66554464725,0.95,0.0,0.0,0.0
1254,28579.145870973585,1.0,0.11014798936699141,0.0,0.0
1255,28585.3432586443,1.0,0.3504240823889182,0.0,0.0
1256,28601.953969299662,1.0,0.07466913118904384,0.0,0.0
1257,28610.46026652663,1.0,0.19637907844835967,0.0,0.0
1258,28622.1797886481,1.0,0.34714795818999666,0.0,0.0
1259,28635.2488447761,1.0,0.29674860502305567,0.0,0.0
1260,28641.314658961077,0.95,0.37136865702787425,0.0,0.0
1261,28647.66864352401,1.0,0.19040523426741368,0.0,0.0
1262,28654.467776240523,1.0,0.11023915982141337,0.0,0.0
1263,28662.648890576096,1.0,0.16948501958192472,0.0,0.0
1264,28671.9345496254,1.0,0.0,0.0,0.0
1265,28688.66320344867,1.0,0.0,0.0,0.0
1266,28695.07586737349,0.95,0.23253417089605355,0.0,0.0
1267,28839.22165562396,0.9025,0.0,0.0,0.0
1268,28845.48357697286,0.8573749999999999,0.6853542821309414,0.0,0.0
1269,28851.23745721121,1.0,0.07596211403299193,0.0,0.0
1270,28856.890986147144,1.0,0.0,0.0,0.0
1271,28870.66981171351,1.0,0.19016053893830473,0.0,0.0
1272,28977.702240660405,1.0,0.0,0.0,0.0
1273,28985.674487571832,0.95,0.5979698914060003,0.0,0.0
1274,28993.188420333165,0.9025,0.0,0.0,0.0
1275,29005.007553737087,0.8573749999999999,0.7981326365482212,0.0,0.0
1276,29017.319550321285,1.0,0.08976037934503596,0.0,0.0
1277,29027.101759041074,0.95,0.1802578664842679,0.0,0.0
1278,29034.111154995826,0.9025,0.6333892369821151,0.0,0.0
1279,29053.468692369377,0.8573749999999999,0.667091128080548,0.0,0.0
1280,29058.49519930042,1.0,0.0,0.0,0.0
1281,29064.704159084282,0.95,0.7355542623704064,0.0,0.0
1282,29072.459020975264,1.0,0.0,0.0,0.0
1283,29083.77438497234,1.0,0.14530442422881296,0.0,0.0
1284,29091.996822965244,1.0,0.1175540158213317,0.0,0.0
1285,29097.75166495753,1.0,0.09336925827354116,0.0,0.0
1286,29113.54345889625,1.0,0.0731757237603331,0.0,0.0
1287,29119.89137933461,1.0,0.03349932917731123,0.0,0.0
1288,29125.661750916308,1.0,0.2230536691210744,0.0,0.0
1289,29134.366415072906,1.0,0.0,0.0,0.0
1290,29140.077684710075,1.0,0.03638827903835601,0.0,0.0
1291,29147.094346984533,0.95,0.6566034359641615,0.0,0.0
1292,29247.874896605717,1.0,0.14249616995021833,0.0,0.0
1293,29253.141612901738,0.95,0.0,0.0,0.0
1294,29259.100353786536,1.0,0.2817744633976411,0.0,0.0
1295,29264.126034820714,1.0,0.24840823831416547,0.0,0.0
1296,29273.745153517117,1.0,0.061317190727166196,0.0,0.0
1297,29280.436386367015,1.0,0.29122051534171567,0.0,0.0
1298,29287.132955939407,1.0,0.20501806347966534,0.0,0.0
1299,29304.815083903704,1.0,0.4366828833072281,0.0,0.0
1300,29316.06452535726,1.0,0.36599387933105704,0.0,0.0
1301,29325.996285264388,0.95,0.6361422130031064,0.0,0.0
1302,29331.433279000797,1.0,0.1658143911910906,0.0,0.0
1303,29337.997395911916,1.0,0.0,0.0,0.0
1304,29345.552509680274,1.0,0.0,0.0,0.0
1305,29352.373411497952,1.0,0.3663622372972849,0.0,0.0
1306,29357.414375486234,1.0,0.3300111590773921,0.0,0.0
1307,29369.40141833086,1.0,0.0,0.0,0.0
1308,29378.99480372868,1.0,0.2864394589029686,0.0,0.0
1309,29385.77010018293,0.95,0.4040071609907396,0.0,0.0
1310,29395.63632424215,1.0,0.10742531220403771,0.0,0.0
1311,29401.203106231776,0.95,0.6900673125456821,0.0,0.0
1312,29406.94314976749,1.0,0.0,0.0,0.0
1313,29412.396378860067,1.0,0.3935867173209837,0.0,0.0
1314,29417.737082951604,1.0,0.16629644623083675,0.0,0.0
1315,29454.132390841445,1.0,0.17991110154146822,0.0,0.0
1316,29479.72332163295,1.0,0.2896576025720679,0.0,0.0
1317,29488.510432043662,0.95,0.7986277849616334,0.0,0.0
1318,29506.24008755659,1.0,0.46855218082892297,0.0,0.0
1319,29511.338520090085,1.0,0.4611793024290747,0.0,0.0
1320,29517.70540837371,0.95,0.7634300709593381,0.0,0.0
1321,29539.97802014119,1.0,0.2584676106234489,0.0,0.0
1322,29546.608412319667,1.0,0.15606486594796554,0.0,0.0
1323,29555.928749893974,0.95,0.5640339954900111,0.0,0.0
1324,29601.711730356983,0.9025,0.8000262190252307,0.0,0.0
1325,29609.10178191946,0.8573749999999999,0.7493401903112601,0.0,0.0
1326,29617.95159275315,1.0,0.07526578636564507,0.0,0.0
1327,29628.867480532575,1.0,0.4893154218377799,0.0,0.0
1328,29637.49298259093,1.0,0.34760981575257144,0.0,0.0
1329,29649.966278572443,0.95,0.11037825019747649,0.0,0.0
1330,29657.60831231509,0.9025,0.6794204907140184,0.0,0.0
1331,29663.42399292602,1.0,0.441987309712205,0.0,0.0
1332,29674.75762851907,1.0,0.16474228203992775,0.0,0.0
1333,29686.239030033368,1.0,0.2763083299189314,0.0,0.0
1334,29691.72678679488,0.95,0.14589056983290713,0.0,0.0
1335,29700.49873913192,1.0,0.0,0.0,0.0
1336,29708.519493643234,1.0,0.2794811076509777,0.0,0.0
1337,29713.882682333056,1.0,0.27922113297890905,0.0,0.0
1338,29720.0695049675,1.0,0.11919963559616528,0.0,0.0
1339,29731.31537761152,1.0,0.5052894253681446,0.0,0.0
1340,29741.58505203285,1.0,0.21576035277601602,0.0,0.0
1341,29747.47943277169,1.0,0.07921767955354614,0.0,0.0
1342,29765.404592385523,1.0,0.03495943483392583,0.0,0.0
1343,29770.815798522843,1.0,0.11655495550259884,0.0,0.0
1344,29776.074346584086,1.0,0.5206246148291148,0.0,0.0
1345,29803.335710317555,1.0,0.09637450724885435,0.0,0.0
1346,29818.69817969767,1.0,0.6639126829102049,0.0,0.0
1347,29825.0305799992,0.95,0.7665602886844396,0.0,0.0
1348,29833.625084989613,1.0,0.44887545492407954,0.0,0.0
1349,29844.993737760848,1.0,0.4346450719414685,0.0,0.0
1350,29852.56693204676,1.0,0.07632935416740755,0.0,0.0
1351,29858.686830036506,1.0,0.3698825024146519,0.0,0.0
1352,29864.162630883755,1.0,0.4598174088933207,0.0,0.0
1353,29873.25782233751,1.0,0.4800895980813269,0.0,0.0
1354,29883.360744074944,1.0,0.41059354450912083,0.0,0.0
1355,29890.77679021558,1.0,0.5355000672153338,0.0,0.0
1356,29899.327767300667,1.0,0.17896808526659072,0.0,0.0
1357,29907.082086084578,1.0,0.16589125763543788,0.0,0.0
1358,29916.91695647525,1.0,0.5960074490970642,0.0,0.0
1359,29926.56949026918,0.95,0.7607388298796416,0.0,0.0
1360,29932.74590305879,0.9025,0.7478774098913736,0.0,0.0
1361,29948.385952881556,0.8573749999999999,0.2276811368716169,0.0,0.0
1362,29969.52092380322,1.0,0.44859327901443413,0.0,0.0
1363,29975.402476265157,0.95,0.3258549754621592,0.0,0.0
1364,29993.28612663533,1.0,0.2814653767341956,0.0,0.0
1365,29999.934296304717,0.95,0.6030222752297284,0.0,0.0
1366,30011.65865675102,1.0,0.18190540373110875,0.0,0.0
1367,30018.505852448267,1.0,0.2527496768555223,0.0,0.0
1368,30027.361277591113,1.0,0.4217588368490517,0.0,0.0
1369,30033.56610485749,1.0,0.30164117638409343,0.0,0.0
1370,30038.64442463737,1.0,0.6544943356795934,0.0,0.0
1371,30045.232818957807,1.0,0.28988754976675457,0.0,0.0
1372,30058.004954032393,1.0,0.5726929499708324,0.0,0.0
1373,30063.55974797448,1.0,0.5062494744467366,0.0,0.0
1374,30071.164227343368,1.0,0.5683890526553478,0.0,0.0
1375,30078.12988826496,1.0,0.09495805615080383,0.0,0.0
1376,30106.119998843464,1.0,0.3749798609053115,0.0,0.0
1377,30112.983758689683,1.0,0.4013526043655025,0.0,0.0
1378,30123.82382714727,0.95,0.3358227170226873,0.0,0.0
1379,30129.572335539007,1.0,0.44806644175421406,0.0,0.0
1380,30135.933768732208,1.0,0.20504474373732318,0.0,0.0
1381,30144.145799720678,1.0,0.368663575157347,0.0,0.0
1382,30153.99553249131,1.0,0.34218677366828953,0.0,0.0
1383,30159.44559536817,1.0,0.6774038653576618,0.0,0.0
1384,30164.690056527317,0.95,0.4266193376557924,0.0,0.0
1385,30174.77988019393,1.0,0.5527790567458092,0.0,0.0
1386,30198.408452974174,1.0,0.4334031862622724,0.0,0.0
1387,30204.486141021025,0.95,0.46644305019897203,0.0,0.0
1388,30213.64764738646,0.9025,0.35676171913136057,0.0,0.0
1389,30227.75179865962,1.0,0.6312870988568429,0.0,0.0
1390,30235.475138344,1.0,0.5589859829585245,0.0,0.0
1391,30253.677649827696,1.0,0.6728372171821777,0.0,0.0
1392,30260.26669256107,1.0,0.6292145921462801,0.0,0.0
1393,30265.361859096916,0.95,0.5175297718144192,0.0,0.0
1394,30271.39722272699,1.0,0.1249049980260522,0.0,0.0
1395,30282.723420612045,1.0,0.6699971086881727,0.0,0.0
1396,30308.268762036885,1.0,0.6813744479757463,0.0,0.0
1397,30314.384665307818,0.95,0.5125539429755676,0.0,0.0
1398,30350.629598250074,0.9025,0.8179628150881243,0.0,0.0
1399,30364.518589853335,0.8573749999999999,0.6466718523644781,0.0,0.0
1400,30380.29495862256,0.8145062499999999,0.7690675982775625,0.0,0.0
1401,30386.403901569407,1.0,0.7232734951019618,0.0,0.0
1402,30430.091550049186,0.95,0.3525080332732411,0.0,0.0
1403,30436.47122284361,1.0,0.5270423742898125,0.0,0.0
1404,30444.439761263035,1.0,0.716566563469146,0.0,0.0
1405,30451.13295001793,1.0,0.6401805668504487,0.0,0.0
1406,30502.487234278084,1.0,0.6987084682739602,0.0,0.0
1407,30509.92062119687,1.0,0.6293456422931658,0.0,0.0
1408,30514.958600707316,0.95,0.4953358386135738,0.0,0.0
1409,30524.022560792248,1.0,0.7393972451887135,0.0,0.0
1410,30538.876776306275,1.0,0.8217546456562138,0.0,0.0
1411,30543.935499010462,1.0,0.5703364508700112,0.0,0.0
1412,30551.394339331368,1.0,0.43120581424735954,0.0,0.0
1413,30557.45723850002,1.0,0.5694023879250109,0.0,0.0
1414,30566.13923556138,1.0,0.8261616006041915,0.0,0.0
1415,30576.857590023308,1.0,0.6622045314416805,0.0,0.0
1416,30582.942983127745,1.0,0.7731444393346363,0.0,0.0
1417,30610.127137484684,1.0,0.5421544787614304,0.0,0.0
1418,30615.45227943503,1.0,0.534748419249175,0.0,0.0
1419,30621.406704593403,0.95,0.8310226836146246,0.0,0.0
1420,30632.396212338455,1.0,0.5542529240585137,0.0,0.0
1421,30637.76977685508,1.0,0.8875904245011722,0.0,0.0
1422,30669.025770982586,1.0,0.5023532673632649,0.0,0.0
1423,30678.521669814258,1.0,0.6112598420045123,0.0,0.0
1424,30688.17176182318,0.95,0.8402996623072239,0.0,0.0
1425,30693.699035236292,1.0,0.7045395195623372,0.0,0.0
1426,30716.05766980353,1.0,0.5711420819594715,0.0,0.0
1427,30772.00303862998,1.0,0.9161066265947085,0.0,0.0
1428,30798.15487763445,1.0,0.8742670805494818,0.0,0.0
1429,30807.704207478426,0.95,0.9485104008978633,0.0,0.0
1430,30812.74195332313,0.9025,0.8576445806175994,0.0,0.0
1431,30845.453616663995,1.0,0.87635043574108,0.0,0.0
1432,30862.63939694604,1.0,1.0,0.0,0.0
1433,30875.616921414585,1.0,0.7357201648654248,0.0,0.0
1434,30881.481145086495,0.95,0.7606330299143664,0.0,0.0
1435,30886.500869848976,1.0,0.6153665521570981,0.0,0.0
1436,30903.055173670517,1.0,1.0,0.0,0.0
1437,30915.14618816565,1.0,1.0,0.0,0.0
1438,30920.39230127071,1.0,0.5677274359899904,0.0,0.0
1439,30925.495241299646,1.0,0.9287017643311081,0.0,0.0
1440,30947.928511155857,1.0,0.9056261340504831,0.0,0.0
1441,30956.92329731829,1.0,0.7457898697832013,0.0,0.0
1442,30963.288375824457,0.95,0.9396504206401155,0.0,0.0
1443,30969.44365988074,1.0,1.0,0.0,0.0
1444,30986.27011777916,1.0,0.893277559783708,0.0,0.0
1445,30991.347788361112,1.0,0.5575238172881911,0.0,0.0
1446,30997.00592485753,1.0,0.9479350409596656,0.0,0.0
1447,31031.8945173846,1.0,1.0,0.0,0.0
1448,31045.28153616277,1.0,0.8378684125342842,0.0,0.0
1449,31051.726124280907,1.0,0.952908147494936,0.0,0.0
1450,31063.015148919832,1.0,0.8912801486761269,0.0,0.0
1451,31085.26652276744,0.95,0.7986680205997971,0.0,0.0
1452,31099.54651388118,0.9025,0.8377347551674126,0.0,0.0
1453,31106.02186617937,1.0,0.7974877265987308,0.0,0.0
1454,31113.312954210323,1.0,0.9090938478079286,0.0,0.0
1455,31118.75442152449,1.0,0.9497222700757523,0.0,0.0
1456,31124.142708572264,1.0,0.6625067082518499,0.0,0.0
1457,31130.332859335052,1.0,0.7441502761896491,0.0,0.0
1458,31137.738488850162,1.0,0.8234763615802675,0.0,0.0
1459,31142.98552625259,1.0,0.7377096902117649,0.0,0.0
1460,31148.292540024686,1.0,0.8539224800075853,0.0,0.0
1461,31154.397918979765,1.0,0.6727842056476956,0.0,0.0
1462,31159.452099321974,1.0,0.7733707602994064,0.0,0.0
1463,31165.759209415028,1.0,0.7422741776000149,0.0,0.0
1464,31182.254765566744,1.0,1.0,0.0,0.0
1465,31204.939089023912,1.0,0.9914716081844899,0.0,0.0
1466,31224.06496896447,1.0,0.9881814328491552,0.0,0.0
1467,31238.394515220883,1.0,1.0,0.0,0.0
1468,31243.64542604149,1.0,1.0,0.0,0.0
1469,31250.227879284146,1.0,1.0,0.0,0.0
1470,31255.97502122254,1.0,1.0,0.0,0.0
1471,31261.18508429075,1.0,0.685791029153044,0.0,0.0
1472,31269.323778556387,1.0,1.0,0.0,0.0
1473,31279.180101536575,1.0,0.9141261646238832,0.0,0.0
1474,31308.261061678742,1.0,0.8744315210387428,0.0,0.0
1475,31318.766571963133,1.0,1.0,0.0,0.0
1476,31324.040356530422,0.95,0.9158670424325379,0.0,0.0
1477,31332.269754458008,1.0,0.6456505896169993,0.0,0.0
1478,31339.623407037743,1.0,0.9329126794412258,0.0,0.0
1479,31350.227170981765,1.0,0.9001365854808069,0.0,0.0
1480,31357.63132025636,1.0,0.6587379015735735,0.0,0.0
1481,31372.498497138466,0.95,0.9006785011378695,0.0,0.0
1482,31385.844470293978,1.0,0.8741496738544361,0.0,0.0
1483,31391.800842508674,1.0,0.6665738607200415,0.0,0.0
1484,31417.373070809754,1.0,0.8617400382592406,0.0,0.0
1485,31425.87309258499,0.95,0.8917462768552589,0.0,0.0
1486,31431.347963212316,0.9025,0.982939053128426,0.0,0.0
1487,31437.192532085108,1.0,1.0,0.0,0.0
1488,31464.077095271015,1.0,0.740693657144617,0.0,0.0
1489,31478.676224316183,1.0,0.8218670189776947,0.0,0.0
1490,31486.424223951017,0.95,0.9014138751753684,0.0,0.0
1491,31492.760455964984,1.0,0.9600468978968593,0.0,0.0
1492,31509.427902380638,1.0,1.0,0.0,0.0
1493,31516.441784901468,1.0,0.901386661047566,0.0,0.0
1494,31588.74242141908,1.0,1.0,0.0,0.0
1495,31598.8618005397,0.95,0.895156444571537,0.0,0.0
1496,31605.9320578045,0.9025,0.9795047003428966,0.0,0.0
1497,31611.32984034397,1.0,0.6597898112489582,0.0,0.0
1498,31616.839461211996,1.0,0.7068420897937473,0.0,0.0
1499,31623.027560900075,1.0,0.9029665766083976,0.0,0.0
1500,31632.586207805765,1.0,0.9164287690071857,0.0,0.0
1501,31642.678505831347,1.0,0.9164656597603638,0.0,0.0
1502,31648.62934333281,1.0,1.0,0.0,0.0
1503,31653.686435133528,1.0,1.0,0.0,0.0
1504,31664.510841555886,1.0,0.9848321452746939,0.0,0.0
1505,31672.399504142635,1.0,0.8488123529457903,0.0,0.0
1506,31680.44399922267,1.0,0.7552013874970956,0.0,0.0
1507,31731.760685478108,1.0,0.8401899428207603,0.0,0.0
1508,31749.01986233813,1.0,1.0,0.0,0.0
1509,31754.333014318225,1.0,1.0,0.0,0.0
1510,31765.348435935703,0.95,0.9340428677473425,0.0,0.0
1511,31772.653617417058,1.0,0.6644316655052264,0.0,0.0
1512,31777.982697893767,1.0,1.0,0.0,0.0
1513,31799.001121334193,1.0,0.9189471784096319,0.0,0.0
1514,31809.193387583713,1.0,0.7270201279466708,0.0,0.0
1515,31815.265668343065,1.0,1.0,0.0,0.0
1516,31822.77748675404,1.0,0.5305185516149018,0.0,0.0
1517,31830.08253493665,1.0,0.7745881711210492,0.0,0.0
1518,31839.311837257323,1.0,0.8401872671214953,0.0,0.0
1519,31849.335558879793,1.0,0.7123966625519231,0.0,0.0
1520,31885.02489226596,1.0,0.7351440962029095,0.0,0.0
1521,31903.54468457957,0.95,0.8729455050092121,0.0,0.0
1522,31910.31050731736,0.9025,0.8885145912203646,0.0,0.0
1523,31921.776686411282,0.8573749999999999,0.8753201440376902,0.0,0.0
1524,31929.37795059825,0.8145062499999999,0.856852810294409,0.0,0.0
1525,31936.910282834433,1.0,0.6355059846513924,0.0,0.0
1526,31955.238731141853,1.0,1.0,0.0,0.0
1527,31961.986770585307,1.0,0.8235900631068731,0.0,0.0
1528,31979.57301209338,1.0,0.8006789864619451,0.0,0.0
1529,33518.92808142331,1.0,0.4629144642215336,0.0,0.0
1530,33525.58716320456,0.95,0.6699709773542833,0.0,0.0
1531,33537.691764290095,1.0,0.0290984928798165,0.0,0.0
1532,33547.906690604534,0.95,0.6887264809621647,0.0,0.0
1533,33553.52693164385,1.0,0.09484226002005638,0.0,0.0
1534,33590.29446693502,0.95,0.20985436673905244,0.0,0.0
1535,33596.69489693269,0.9025,0.6885674298694202,0.0,0.0
1536,33622.45692048711,1.0,0.23264353222887582,0.0,0.0
1537,33627.82401715215,1.0,0.4210521742690265,0.0,0.0
1538,33633.29541648007,1.0,0.23853903031750945,0.0,0.0
1539,33639.373566126786,1.0,0.093549182995261,0.0,0.0
1540,33644.4851134288,1.0,0.10083458490917077,0.0,0.0
1541,33653.98638981402,1.0,0.07670897899840326,0.0,0.0
1542,33665.90108710723,1.0,0.4575969204939516,0.0,0.0
1543,33672.54425072749,1.0,0.2988189196429699,0.0,0.0
1544,33681.75926271066,0.95,0.230585962550109,0.0,0.0
1545,33693.1131412402,1.0,0.0,0.0,0.0
1546,33708.60122330627,0.95,0.6666137421828428,0.0,0.0
1547,33714.22429316678,1.0,0.3009532759823961,0.0,0.0
1548,33733.425520923054,1.0,0.05226983856447257,0.0,0.0
1549,33739.03565618459,1.0,0.01963856666121626,0.0,0.0
1550,33749.40479112672,0.95,0.0,0.0,0.0
1551,33755.26104797032,1.0,0.06980144858040008,0.0,0.0
1552,33762.68293425386,1.0,0.21815321076388244,0.0,0.0
1553,33776.249795165524,0.95,0.20789241052947738,0.0,0.0
1554,33787.917341477274,0.9025,0.41966761975015954,0.0,0.0
1555,33796.80011628989,0.8573749999999999,0.6907639071377988,0.0,0.0
1556,33804.61921338526,1.0,0.0,0.0,0.0
1557,33814.27686165785,0.95,0.17916179581509384,0.0,0.0
1558,33917.34809901454,0.9025,0.0,0.0,0.0
1559,33923.27399371778,0.8573749999999999,0.656021219617426,0.0,0.0
1560,33932.7848729822,1.0,0.23227346168093327,0.0,0.0
1561,33940.40768052533,1.0,0.0,0.0,0.0
1562,33949.3629345987,1.0,0.1735660082841192,0.0,0.0
1563,33958.368888828765,1.0,0.21333053281087325,0.0,0.0
1564,33963.42864981096,1.0,0.13141932230168335,0.0,0.0
1565,33981.36809502105,1.0,0.018364149345119152,0.0,0.0
1566,33993.93698501508,1.0,0.0,0.0,0.0
1567,34008.292673563556,0.95,0.0,0.0,0.0
1568,34018.322595911275,0.9025,0.10236918244522501,0.0,0.0
1569,34025.75786312536,0.8573749999999999,0.09273555377489073,0.0,0.0
1570,34031.196652575774,0.8145062499999999,0.14315075306270103,0.0,0.0
1571,34042.19768373209,1.0,0.10275937632912367,0.0,0.0
1572,34049.453609203614,1.0,0.19466587957268822,0.0,0.0
1573,34056.29769069417,1.0,0.2649481081493032,0.0,0.0
1574,34065.84133812232,1.0,0.02836508540068701,0.0,0.0
1575,34071.46143732157,1.0,0.11528028220303367,0.0,0.0
1576,34080.153623102735,1.0,0.452923412144316,0.0,0.0
1577,34086.19071912405,1.0,0.31253794866694157,0.0,0.0
1578,34091.32677644778,1.0,0.10095017463747837,0.0,0.0
1579,34185.84260545138,1.0,0.11805791088975809,0.0,0.0
1580,34191.32736604619,1.0,0.19445758458312867,0.0,0.0
1581,34202.23112970646,1.0,0.019745373398011287,0.0,0.0
1582,34213.67578773309,1.0,0.2505144569114325,0.0,0.0
1583,34223.37816212188,0.95,0.137414010556487,0.0,0.0
1584,34230.001508503476,0.9025,0.36563283755081205,0.0,0.0
1585,34242.51225399321,1.0,0.06962469220398164,0.0,0.0
1586,34263.33027604601,1.0,0.0,0.0,0.0
1587,34269.18580516917,0.95,0.0,0.0,0.0
1588,34280.99678614144,0.9025,0.0,0.0,0.0
1589,34291.26097488251,0.8573749999999999,0.05424750404524202,0.0,0.0
1590,34297.86255127453,0.8145062499999999,0.6224268480884909,0.0,0.0
1591,34303.887730946415,0.7737809374999999,0.6505554090287485,0.0,0.0
1592,34309.892071516304,1.0,0.12746244997245693,0.0,0.0
1593,34315.7610330542,1.0,0.3909320725326564,0.0,0.0
1594,34324.059506015365,1.0,0.3112930587799137,0.0,0.0
1595,34332.49792043614,1.0,0.16640422606452193,0.0,0.0
1596,34344.89129841006,1.0,0.26799287540970884,0.0,0.0
1597,34352.2815227016,0.95,0.1276836393806398,0.0,0.0
1598,34363.68318036719,0.9025,0.3215453947293686,0.0,0.0
1599,34369.390339352714,1.0,0.008983649252567477,0.0,0.0
1600,34374.727161421964,1.0,0.14420026443451822,0.0,0.0
1601,34383.480245107196,1.0,0.22622046799717976,0.0,0.0
1602,34389.96105489372,1.0,0.20247181918491103,0.0,0.0
1603,34398.00934108949,1.0,0.13356893318823418,0.0,0.0
1604,34404.05452190365,1.0,0.1894371875295764,0.0,0.0
1605,34414.64006343374,1.0,0.0098131334986582,0.0,0.0
1606,34425.96934951706,1.0,0.17737799702797344,0.0,0.0
1607,34433.62981791891,0.95,0.7072377171330527,0.0,0.0
1608,34440.914725964205,0.9025,0.6800461371248854,0.0,0.0
1609,34467.907800733024,1.0,0.4716372290391626,0.0,0.0
1610,34481.38235512746,1.0,0.22855699161242257,0.0,0.0
1611,34486.39304386284,0.95,0.6788908555503326,0.0,0.0
1612,34492.00557908155,1.0,0.0,0.0,0.0
1613,34499.012526805614,1.0,0.3154915690734872,0.0,0.0
1614,34504.14681067469,1.0,0.29188770032800754,0.0,0.0
1615,34519.937452508086,1.0,0.1457752352354877,0.0,0.0
1616,34527.612779806834,1.0,0.0,0.0,0.0
1617,34532.880162463676,0.95,0.30038747854535863,0.0,0.0
1618,34547.80969166915,1.0,0.011789551810610421,0.0,0.0
1619,34554.50181679049,1.0,0.0668162079729028,0.0,0.0
1620,34559.852705889374,0.95,0.15972019887002398,0.0,0.0
1621,34566.98241575307,1.0,0.11277959940741204,0.0,0.0
1622,34577.50693410229,1.0,0.5261625142282134,0.0,0.0
1623,34583.99187626956,1.0,0.5045370721221827,0.0,0.0
1624,34590.17272487882,1.0,0.44000201591337895,0.0,0.0
1625,34602.59367900052,1.0,0.2373673067390304,0.0,0.0
1626,34617.122354431805,1.0,0.22292925788491685,0.0,0.0
1627,34622.71411547605,0.95,0.7708140223658153,0.0,0.0
1628,34694.89160062987,0.9025,0.29506613807240323,0.0,0.0
1629,34710.59746162289,0.8573749999999999,0.7347004512810409,0.0,0.0
1630,34717.04659724564,1.0,0.2845921129356635,0.0,0.0
1631,34739.05144536293,1.0,0.3493266940178371,0.0,0.0
1632,34747.36304405586,1.0,0.6475249324474237,0.0,0.0
1633,34752.929210447954,0.95,0.32362550246655153,0.0,0.0
1634,34762.26928450686,0.9025,0.7091911473385959,0.0,0.0
1635,34770.402358753614,1.0,0.4984117213992988,0.0,0.0
1636,34786.3304136519,1.0,0.2029588272363888,0.0,0.0
1637,34791.974197737916,0.95,0.09440814106113057,0.0,0.0
1638,34797.443974535956,0.9025,0.4125141258938788,0.0,0.0
1639,34815.76707331891,1.0,0.3402790404058068,0.0,0.0
1640,34820.91749294443,1.0,0.3135576134008244,0.0,0.0
1641,34832.61014054054,0.95,0.7696789414465026,0.0,0.0
1642,34881.585707678125,0.9025,0.8407344146838929,0.0,0.0
1643,34891.6318424418,0.8573749999999999,0.6742356259299077,0.0,0.0
1644,34921.696787368295,0.8145062499999999,0.7169842511461139,0.0,0.0
1645,34927.07920063608,0.7737809374999999,0.6978000717831938,0.0,0.0
1646,34936.121163332355,1.0,0.35932177178555863,0.0,0.0
1647,34941.93659664736,1.0,0.4468884804133213,0.0,0.0
1648,34988.38156978614,1.0,0.1437974981435342,0.0,0.0
1649,34993.64135630812,1.0,0.5783536292426912,0.0,0.0
1650,35004.28232758426,0.95,0.8358699619799489,0.0,0.0
1651,35035.47512082404,1.0,0.4138624295459654,0.0,0.0
1652,35041.89473747905,0.95,0.8553152597043816,0.0,0.0
1653,35086.78313096128,1.0,0.4953189767500117,0.0,0.0
1654,35095.67917117901,1.0,0.4812101679442864,0.0,0.0
1655,35101.41645841322,0.95,0.33799850401559994,0.0,0.0
1656,35106.95319497266,0.9025,0.7725820394992803,0.0,0.0
1657,35209.0023395134,1.0,0.44173083638902266,0.0,0.0
1658,35218.849024446485,1.0,0.8221827781725929,0.0,0.0
1659,35261.39524315111,0.95,0.8866251207762016,0.0,0.0
1660,35269.39643237182,0.9025,0.8179431080901176,0.0,0.0
1661,35276.37799912228,1.0,0.5094138877157759,0.0,0.0
1662,35291.29547548311,0.95,0.736122722434902,0.0,0.0
1663,35298.704921959245,0.9025,0.8711420761513083,0.0,0.0
1664,35312.189902290644,1.0,0.6598544796326907,0.0,0.0
1665,35317.5030194728,1.0,0.375743441668547,0.0,0.0
1666,35327.98732194736,1.0,0.6268871435748706,0.0,0.0
1667,35333.48388560493,1.0,0.538786666691643,0.0,0.0
1668,35339.15000842119,1.0,0.42651492684884784,0.0,0.0
1669,35344.772945957,1.0,0.5471218894483754,0.0,0.0
1670,35350.59432744783,1.0,0.46556003922359807,0.0,0.0
1671,35355.88239629777,1.0,0.5411480686540046,0.0,0.0
1672,35363.18841053229,1.0,0.7910484997664664,0.0,0.0
1673,35383.88455611796,1.0,0.36335751202111355,0.0,0.0
1674,35391.38625074752,1.0,0.6591825828843407,0.0,0.0
1675,35400.53528458832,0.95,0.7645699962213512,0.0,0.0
1676,35412.89765308503,1.0,0.3863866726497214,0.0,0.0
1677,35429.280678316434,0.95,0.48172877241423706,0.0,0.0
1678,35435.86551544389,0.9025,0.8006716025800444,0.0,0.0
1679,35442.15942538423,0.8573749999999999,0.7914293985560195,0.0,0.0
1680,35448.65420331203,1.0,0.4785385132939447,0.0,0.0
1681,35453.81619393274,1.0,0.39699982949658796,0.0,0.0
1682,35459.69593354494,1.0,0.5914118247247185,0.0,0.0
1683,35469.66179914439,1.0,0.6346399391011809,0.0,0.0
1684,35481.216487343176,1.0,0.5401255700956459,0.0,0.0
1685,35526.42166204259,1.0,0.738472800015732,0.0,0.0
1686,35541.12637020996,0.95,0.9032927429315007,0.0,0.0
1687,35550.0696199114,0.9025,0.898819840496409,0.0,0.0
1688,35562.44486366165,1.0,0.969950874506485,0.0,0.0
1689,35587.65593218009,1.0,0.6745772263316784,0.0,0.0
1690,35612.3711729951,0.95,0.8222628327718386,0.0,0.0
1691,35617.578436673,0.9025,0.8779731959192758,0.0,0.0
1692,35623.66752504031,1.0,0.4689168937171819,0.0,0.0
1693,35631.66073227261,1.0,0.891757748727028,0.0,0.0
1694,35636.771004163194,1.0,0.8439869750388753,0.0,0.0
1695,35661.66060931266,1.0,0.5363233407756873,0.0,0.0
1696,35670.59439607749,1.0,1.0,0.0,0.0
1697,35679.10497437471,1.0,0.8073177014285374,0.0,0.0
1698,35685.06764011223,1.0,0.7899964990482398,0.0,0.0
1699,35712.909070385074,1.0,0.7467179429948482,0.0,0.0
1700,35718.706894869465,1.0,0.5455320057740052,0.0,0.0
1701,35725.804129473865,1.0,0.8631208761126561,0.0,0.0
1702,35732.21764608292,1.0,0.8208053528607963,0.0,0.0
1703,35758.08430277625,1.0,0.8851517859264258,0.0,0.0
1704,35763.444555937385,1.0,0.4828307116282585,0.0,0.0
1705,35769.00988105657,0.95,0.8323041502443422,0.0,0.0
1706,35775.19229094925,1.0,0.7745830171840904,0.0,0.0
1707,35781.07130323499,1.0,0.7872123113613793,0.0,0.0
1708,35806.017496042776,1.0,0.6247819425959013,0.0,0.0
1709,35823.172124935445,1.0,0.6458654734673636,0.0,0.0
1710,35828.38691259846,0.95,0.9283953178171308,0.0,0.0
1711,35833.908550477,0.9025,0.9844926524715771,0.0,0.0
1712,35851.20512238927,1.0,0.7845819781024619,0.0,0.0
1713,35857.163744703976,1.0,0.881454567456573,0.0,0.0
1714,35862.239492494904,1.0,0.8318307440001987,0.0,0.0
1715,35882.545236377446,1.0,1.0,0.0,0.0
1716,35889.56870155937,1.0,0.5723729910849811,0.0,0.0
1717,35908.72710488679,1.0,0.8656214458733946,0.0,0.0
1718,35917.95572965502,0.95,0.9241091076548473,0.0,0.0
1719,35935.91728964864,1.0,0.602955614596691,0.0,0.0
1720,35952.249065013624,1.0,0.6936657946545444,0.0,0.0
1721,35957.59648390599,0.95,0.8953668891842621,0.0,0.0
1722,36013.81250178955,1.0,0.8438164545156772,0.0,0.0
1723,36022.638444158314,1.0,0.8367289206032261,0.0,0.0
1724,36029.92957585162,1.0,0.8075997011622046,0.0,0.0
1725,36038.081226873444,1.0,0.9704042958885757,0.0,0.0
1726,36044.16255863686,1.0,0.6983551511597063,0.0,0.0
1727,36051.83842623951,1.0,1.0,0.0,0.0
1728,36058.06312438026,1.0,0.8554945296874836,0.0,0.0
1729,36072.865032426176,1.0,1.0,0.0,0.0
1730,36078.12233334261,1.0,0.828911209457742,0.0,0.0
1731,36083.92991677738,0.95,0.9089727858892147,0.0,0.0
1732,36089.010649971315,1.0,0.848410541870502,0.0,0.0
1733,36102.206448056706,1.0,0.6106439336546565,0.0,0.0
1734,36107.619075271024,1.0,0.8664881601845943,0.0,0.0
1735,36163.63551959693,1.0,0.7798098302204636,0.0,0.0
1736,36220.2103587699,1.0,0.6071904524446787,0.0,0.0
1737,36242.777536569454,0.95,0.86683180755763,0.0,0.0
1738,36251.60187332809,1.0,0.918653672006491,0.0,0.0
1739,36261.25474316274,1.0,0.7406812513661665,0.0,0.0
1740,36431.350795637554,1.0,1.0,0.0,0.0
1741,36443.7663086439,1.0,0.6593743874863305,0.0,0.0
1742,36459.44927123506,1.0,0.9427714022177495,0.0,0.0
1743,36464.85322548726,1.0,1.0,0.0,0.0
1744,36470.46588634119,0.95,0.7557661014146614,0.0,0.0
1745,36481.179265172585,1.0,0.5283925717678033,0.0,0.0
1746,36531.2138893883,1.0,1.0,0.0,0.0
1747,36537.394064821485,1.0,0.7007414772468874,0.0,0.0
1748,36542.77506036879,1.0,0.9512304112636459,0.0,0.0
1749,36565.79907544114,1.0,1.0,0.0,0.0
1750,36573.174579940336,1.0,1.0,0.0,0.0
1751,36578.97361687875,1.0,1.0,0.0,0.0
1752,36584.5928365135,1.0,0.8314732987218454,0.0,0.0
1753,36596.589533019636,1.0,0.72680417537351,0.0,0.0
1754,36608.3420383141,1.0,1.0,0.0,0.0
1755,36615.24562512144,1.0,0.8272054937763109,0.0,0.0
1756,36621.49693134034,1.0,0.8800660778788418,0.0,0.0
1757,36629.0120005289,1.0,0.9169776803421721,0.0,0.0
1758,36657.91693235108,1.0,0.9089230609571685,0.0,0.0
1759,36673.845366944624,1.0,0.8585282101771518,0.0,0.0
1760,36685.533933468076,1.0,0.7778516227419779,0.0,0.0
1761,36691.48159102628,0.95,0.9239925470886232,0.0,0.0
1762,36701.33069541024,1.0,1.0,0.0,0.0
1763,36707.94053554989,1.0,0.7684305519112165,0.0,0.0
1764,36712.99369822057,1.0,0.6508153896651738,0.0,0.0
1765,36722.238765149166,1.0,0.9292492977547882,0.0,0.0
1766,36728.06062313,1.0,1.0,0.0,0.0
1767,36746.881127820016,1.0,0.8395215428087419,0.0,0.0
1768,36762.70472492173,1.0,1.0,0.0,0.0
1769,36804.97135538922,0.95,0.859366919541604,0.0,0.0
1770,36810.05763775083,0.9025,0.9579611910183321,0.0,0.0
1771,36819.56374916642,1.0,1.0,0.0,0.0
1772,36834.3673754692,1.0,0.5359070181929817,0.0,0.0
1773,36840.04112174961,1.0,1.0,0.0,0.0
1774,36849.09409636841,1.0,0.8611900222558451,0.0,0.0
1775,36863.55870049036,1.0,0.8218213882639724,0.0,0.0
1776,36907.996478948815,1.0,0.9377852566173672,0.0,0.0
1777,37013.81864509505,0.95,0.8565834858735174,0.0,0.0
1778,37018.90552879948,0.9025,0.824729436317416,0.0,0.0
1779,37029.12835938397,0.8573749999999999,0.7323517250381065,0.0,0.0
1780,37460.976692254306,1.0,0.5330441618017345,0.0,0.0
1781,37467.191113998255,0.95,0.7933303450993502,0.0,0.0
1782,37496.60695150802,1.0,0.5478532673446076,0.0,0.0
1783,37504.70730547934,1.0,0.4705867839523771,0.0,0.0
1784,37514.09906543582,1.0,0.6614223860237238,0.0,0.0
1785,37519.587273479636,1.0,0.7555984905647907,0.0,0.0
1786,37532.869167961144,1.0,0.7245998404721516,0.0,0.0
1787,37659.5376080186,1.0,0.6489956815747316,0.0,0.0
1788,37664.749954359635,0.95,0.8372096132948426,0.0,0.0
1789,37674.415099293736,1.0,0.6149321308243171,0.0,0.0
1790,37681.666814520235,1.0,0.4636883632551332,0.0,0.0
1791,37706.535109318094,1.0,0.4657180187350747,0.0,0.0
1792,37712.032525521376,1.0,0.6693893321288664,0.0,0.0
1793,37722.66948672837,0.95,0.7805136264297432,0.0,0.0
1794,37730.68096565437,1.0,0.7518258197801082,0.0,0.0
1795,37737.31382903954,1.0,0.43108473682131154,0.0,0.0
1796,37752.19483455644,1.0,0.4382350396932113,0.0,0.0
1797,37766.2694756803,1.0,0.44101678557732793,0.0,0.0
1798,37779.54224265371,1.0,0.3807862239441292,0.0,0.0
1799,37798.946297535505,0.95,0.7755631064197618,0.0,0.0
1800,37806.64835153596,0.9025,0.813658546088876,0.0,0.0
1801,37812.3164571105,1.0,0.19050443194110572,0.0,0.0
1802,37838.87761164961,0.95,0.38420594138148484,0.0,0.0
1803,37845.78087665275,1.0,0.42904964312019195,0.0,0.0
1804,37852.760549700855,1.0,0.46391534490814024,0.0,0.0
1805,37860.08284113258,1.0,0.4042774615699673,0.0,0.0
1806,37886.157730271465,1.0,0.4260639337055943,0.0,0.0
1807,37899.571861544624,1.0,0.1288140073861122,0.0,0.0
1808,37905.11092527996,1.0,0.4057595431986928,0.0,0.0
1809,37910.797550461044,0.95,0.7636246216718708,0.0,0.0
1810,37918.74406876294,1.0,0.5437502165791621,0.0,0.0
1811,37930.465512553776,1.0,0.22147477864482387,0.0,0.0
1812,37937.24958883122,1.0,0.0,0.0,0.0
1813,37942.58500602363,0.95,0.39639381389869066,0.0,0.0
1814,37948.22569747713,1.0,0.40619543029036836,0.0,0.0
1815,37953.66885805408,1.0,0.14800490580896686,0.0,0.0
1816,37962.67274606649,1.0,0.3952781997709721,0.0,0.0
1817,37968.26097816449,1.0,0.5165810023217143,0.0,0.0
1818,37978.112591850004,1.0,0.46227225314181325,0.0,0.0
1819,37997.81753684111,1.0,0.38148787695455605,0.0,0.0
1820,38006.80917152612,1.0,0.0,0.0,0.0
1821,38012.328026070485,0.95,0.7690402611051373,0.0,0.0
1822,38018.00081408908,1.0,0.5322183324816289,0.0,0.0
1823,38033.62245738477,1.0,0.4840302384355878,0.0,0.0
1824,38038.74938871969,1.0,0.37713163653774906,0.0,0.0
1825,38045.643455373174,0.95,0.6268145358028266,0.0,0.0
1826,38051.4266331639,1.0,0.33188831217976406,0.0,0.0
1827,38057.67325583191,1.0,0.3054143690707489,0.0,0.0
1828,38064.06670387174,1.0,0.2719365376800172,0.0,0.0
1829,38070.52731407557,1.0,0.43418513002765946,0.0,0.0
1830,38108.79752968468,1.0,0.2628968280314531,0.0,0.0
1831,38115.57403923157,1.0,0.20930002871094427,0.0,0.0
1832,38189.555322725464,0.95,0.7601228125459191,0.0,0.0
1833,38203.18516718802,1.0,0.46550748382178,0.0,0.0
1834,38208.3020558281,0.95,0.6583073368811551,0.0,0.0
1835,38213.34995610842,1.0,0.0484254207886666,0.0,0.0
1836,38221.01974731706,1.0,0.2767498633653699,0.0,0.0
1837,38227.697641804894,1.0,0.46624217680709423,0.0,0.0
1838,38241.11154585083,1.0,0.28025642348193636,0.0,0.0
1839,38246.863631126456,1.0,0.2887966246736195,0.0,0.0
1840,38264.70680969139,0.95,0.05239363257227955,0.0,0.0
1841,38271.306472093296,1.0,0.029959321279036444,0.0,0.0
1842,38280.6711607559,0.95,0.7834086895109592,0.0,0.0
1843,38287.151535143465,1.0,0.44887634056057224,0.0,0.0
1844,38292.76873177661,1.0,0.1578664432957026,0.0,0.0
1845,38299.27291143179,1.0,0.05941560788408751,0.0,0.0
1846,38307.597854021136,1.0,0.2309772734351797,0.0,0.0
1847,38348.65673911949,1.0,0.14829394408407798,0.0,0.0
1848,38355.557315945916,0.95,0.25770396388682576,0.0,0.0
1849,38368.29590516948,1.0,0.07145878258086646,0.0,0.0
1850,38374.00361714298,1.0,0.012577122050378892,0.0,0.0
1851,38379.18576268777,1.0,0.20617392034454457,0.0,0.0
1852,38390.828888694836,1.0,0.23619640501897157,0.0,0.0
1853,38419.16427879918,1.0,0.19728075110974802,0.0,0.0
1854,38424.97402393833,0.95,0.7261357083465703,0.0,0.0
1855,38667.801434331916,1.0,0.19942751918703583,0.0,0.0
1856,38674.182286286254,1.0,0.1569652045495431,0.0,0.0
1857,38744.445868382594,1.0,0.2759910441802378,0.0,0.0
1858,38763.189424709446,1.0,0.0034271154472505366,0.0,0.0
1859,38773.1945206275,0.95,0.7193809918703692,0.0,0.0
1860,38786.35995604074,1.0,0.31707226494750973,0.0,0.0
1861,38793.8265446608,0.95,0.1852020779645946,0.0,0.0
1862,38800.468473198736,1.0,0.0,0.0,0.0
1863,38811.34843091408,1.0,0.16644545838434957,0.0,0.0
1864,38830.22277088974,1.0,0.05778119429435536,0.0,0.0
1865,38839.28220960171,0.95,0.6464586875242271,0.0,0.0
1866,38844.93722273337,1.0,0.06860976119657664,0.0,0.0
1867,38851.74527135992,1.0,0.030784307019088117,0.0,0.0
1868,38858.19156364801,1.0,0.1475113174842319,0.0,0.0
1869,38873.52081560202,1.0,0.08201153808252659,0.0,0.0
1870,38879.84960769149,1.0,0.10986952669836772,0.0,0.0
1871,39006.7786712381,1.0,0.0,0.0,0.0
1872,39034.34671708105,1.0,0.0,0.0,0.0
1873,39041.25115190491,0.95,0.7600498051260755,0.0,0.0
1874,39046.5179907217,1.0,0.0681226570538543,0.0,0.0
1875,39052.28587889342,1.0,0.03757191122232116,0.0,0.0
1876,39059.561482133955,1.0,0.0,0.0,0.0
1877,39064.991841343035,1.0,0.0,0.0,0.0
1878,39074.547446263765,1.0,0.0,0.0,0.0
1879,39082.145322195545,1.0,0.02370851948734036,0.0,0.0
1880,39096.03762010191,1.0,0.0,0.0,0.0
1881,39103.68420712366,1.0,0.21500090919268527,0.0,0.0
1882,39110.330026948934,0.95,0.6577831327976801,0.0,0.0
1883,39115.439490125995,0.9025,0.6512688999140521,0.0,0.0
1884,39120.966767923186,0.8573749999999999,0.6089767732675414,0.0,0.0
1885,39238.13541421398,1.0,0.010183612872744302,0.0,0.0
1886,39243.726712057134,0.95,0.6299899688479684,0.0,0.0
1887,39248.83397277923,1.0,0.10607871939322289,0.0,0.0
1888,39254.372992127086,1.0,0.0,0.0,0.0
1889,39259.64765964787,1.0,0.01745627548380413,0.0,0.0
1890,39265.20564994875,1.0,0.006027608673374957,0.0,0.0
1891,39275.65123193228,1.0,0.0,0.0,0.0
1892,39281.83315831429,1.0,0.0,0.0,0.0
1893,39287.57144373276,1.0,0.02613226411603914,0.0,0.0
1894,39292.708490977224,1.0,0.0068464840808232785,0.0,0.0
1895,39299.359630086976,1.0,0.0,0.0,0.0
1896,39318.29719229486,1.0,0.0,0.0,0.0
1897,39325.09187543666,1.0,0.0,0.0,0.0
1898,39332.078002219416,1.0,0.042870213434346785,0.0,0.0
1899,39338.52686123949,1.0,0.21678551785220593,0.0,0.0
1900,39343.53915690476,1.0,0.01671419852072331,0.0,0.0
1901,39350.521148801556,1.0,0.12532178847305336,0.0,0.0
1902,39359.768497608304,1.0,0.06557945932483855,0.0,0.0
1903,39365.80795992017,1.0,0.10523486856519179,0.0,0.0
1904,39389.21543207938,1.0,0.25673295863845985,0.0,0.0
1905,39400.93417445692,1.0,0.11456366598865639,0.0,0.0
1906,39413.16544134374,0.95,0.09085314038928125,0.0,0.0
1907,39419.55853942419,0.9025,0.03350144740925154,0.0,0.0
1908,39445.56802230548,0.8573749999999999,0.18314779138704612,0.0,0.0
1909,39454.84156678811,1.0,0.14223791060249533,0.0,0.0
1910,39465.498353035306,0.95,0.6823753809599302,0.0,0.0
1911,39470.786019249004,0.9025,0.6882966581905402,0.0,0.0
1912,39501.55642173176,0.8573749999999999,0.7619386004487025,0.0,0.0
1913,39514.44453886053,0.8145062499999999,0.8004332212572732,0.0,0.0
1914,39521.75080745813,1.0,0.2140416552332987,0.0,0.0
1915,39532.50533518162,1.0,0.08702075196433569,0.0,0.0
1916,39537.96057548982,1.0,0.0,0.0,0.0
1917,39544.37385362955,1.0,0.27082141387852,0.0,0.0
1918,39550.74669335646,1.0,0.37240095173044774,0.0,0.0
1919,39557.165907098584,1.0,0.3025517531399754,0.0,0.0
1920,39569.33650579181,1.0,0.20173984736109787,0.0,0.0
1921,39574.796036777814,1.0,0.08925394815665343,0.0,0.0
1922,39582.60454900854,1.0,0.4133417205848801,0.0,0.0
1923,39629.308249861424,1.0,0.06238660775538293,0.0,0.0
1924,39648.75755882036,0.95,0.4473443652516901,0.0,0.0
1925,39655.577704754556,1.0,0.13521401066220162,0.0,0.0
1926,39663.23566570607,0.95,0.7414665207214086,0.0,0.0
1927,39673.850009836,1.0,0.08163837463974397,0.0,0.0
1928,39682.22628603299,1.0,0.2429670545596396,0.0,0.0
1929,39689.54667929464,0.95,0.25521229629185493,0.0,0.0
1930,39767.27363276584,0.9025,0.28117889079175595,0.0,0.0
1931,39774.48043039953,0.8573749999999999,0.6672770667058137,0.0,0.0
1932,39784.374630273465,1.0,0.2128063520284376,0.0,0.0
1933,39791.05391211114,1.0,0.2739521119875341,0.0,0.0
1934,39798.13629858145,1.0,0.24470835864388157,0.0,0.0
1935,39805.650392999596,1.0,0.5703597927596872,0.0,0.0
1936,39813.45530894913,1.0,0.24930037015585907,0.0,0.0
1937,39833.37765898419,1.0,0.4776256582618967,0.0,0.0
1938,39841.82183479719,0.95,0.45521657994493747,0.0,0.0
1939,39848.92569933446,1.0,0.6187607627632703,0.0,0.0
1940,39898.62779207429,0.95,0.322165349597208,0.0,0.0
1941,39904.81719362813,0.9025,0.39475965756176085,0.0,0.0
1942,39910.184327518386,0.8573749999999999,0.7508167953903941,0.0,0.0
1943,39915.3878648178,1.0,0.3244484568546421,0.0,0.0
1944,39921.40625513178,1.0,0.38783225832262913,0.0,0.0
1945,39927.599576815956,1.0,0.588757321110082,0.0,0.0
1946,39933.08742867027,1.0,0.12951427012019862,0.0,0.0
1947,39941.765756398,1.0,0.23027942343027868,0.0,0.0
1948,39948.30448103298,1.0,0.4717731481522834,0.0,0.0
1949,39955.15076713238,1.0,0.33261074308758876,0.0,0.0
1950,40021.75973295165,1.0,0.3046439971803225,0.0,0.0
1951,40029.3724124803,1.0,0.4824236209607005,0.0,0.0
1952,40039.139854471214,1.0,0.21190369050632127,0.0,0.0
1953,40048.86390999496,1.0,0.4367476017224404,0.0,0.0
1954,40097.81480945833,1.0,0.334764884394521,0.0,0.0
1955,40111.95305599705,0.95,0.5278367705823783,0.0,0.0
1956,40131.1495494134,1.0,0.5637239814943635,0.0,0.0
1957,40137.93037019229,1.0,0.6269904023813532,0.0,0.0
1958,40146.100848802926,0.95,0.5152929312175468,0.0,0.0
1959,40158.071638395064,0.9025,0.8371091104329538,0.0,0.0
1960,40173.8519491412,1.0,0.2454490783485259,0.0,0.0
1961,40182.43820299314,0.95,0.8169637240839435,0.0,0.0
1962,40210.80626788647,1.0,0.6141839013714983,0.0,0.0
1963,40268.358701669975,1.0,0.682046964215555,0.0,0.0
1964,40275.47292341717,0.95,0.7417574613496822,0.0,0.0
1965,40283.878701161884,0.9025,0.8404796046205489,0.0,0.0
1966,40289.36710185031,0.8573749999999999,0.8576693751268535,0.0,0.0
1967,40296.833784180664,1.0,0.4987779773966561,0.0,0.0
1968,40302.71928776227,1.0,0.705430219569306,0.0,0.0
1969,40309.67677190648,1.0,0.5737463700590655,0.0,0.0
1970,40321.86855690014,1.0,0.7260869761619654,0.0,0.0
1971,40342.046387903945,1.0,0.6233896185807946,0.0,0.0
1972,40347.86732061033,0.95,0.7639097920561875,0.0,0.0
1973,40356.7145619035,1.0,0.6256665147822568,0.0,0.0
1974,40361.714860373904,1.0,0.45923899325131673,0.0,0.0
1975,40368.824217512454,1.0,0.7649121713975633,0.0,0.0
1976,40374.36869732907,1.0,0.5224462841238235,0.0,0.0
1977,40398.517487042795,1.0,0.3232294504308949,0.0,0.0
1978,40404.84412396343,1.0,0.25292506539250315,0.0,0.0
1979,40452.72940733896,0.95,0.5986015497457704,0.0,0.0
1980,40457.992956034745,1.0,0.4652050847003346,0.0,0.0
1981,40463.234609913154,1.0,0.514592971921907,0.0,0.0
1982,40469.0314482928,1.0,0.8192294816119514,0.0,0.0
1983,40476.22110575122,1.0,0.6767133210405506,0.0,0.0
1984,40482.29096281334,1.0,0.6596116626997393,0.0,0.0
1985,40487.43567838773,1.0,0.5942051209856701,0.0,0.0
1986,40522.36589785943,1.0,0.7187020047182504,0.0,0.0
1987,40527.6705773768,1.0,0.9426339484278179,0.0,0.0
1988,40535.327434695,1.0,0.48007057760498806,0.0,0.0
1989,40541.08824043683,1.0,0.5998130004889836,0.0,0.0
1990,40555.100516394275,1.0,0.5725170786295749,0.0,0.0
1991,40561.61565522081,1.0,0.6555548454941661,0.0,0.0
1992,40566.86375764895,0.95,0.6228443749607853,0.0,0.0
1993,40572.15035366086,1.0,0.8269427501163119,0.0,0.0
1994,40612.49116388612,1.0,0.6453432754456241,0.0,0.0
1995,40635.76864167811,1.0,0.69975052036087,0.0,0.0
1996,40642.81561988057,0.95,0.8551046387440479,0.0,0.0
1997,40649.403310237256,1.0,0.519543056274829,0.0,0.0
1998,40659.68933513556,1.0,0.740594386040511,0.0,0.0
1999,40664.840262241625,1.0,0.7532507167616141,0.0,0.0
