step,simulated_time_sec,dopamine_level,toxicity,control_signal_u,friction_delay_applied
0,9.617915021962284,1.0,0.6931887891933873,0.0,0.0
1,17.32082517125741,1.0,0.7510789937267874,0.309617848830513,0.0
2,32.48714312181534,1.0,0.5708793323958172,0.1662592242461427,0.0
3,43.070297303104,1.0,0.8275253896377335,0.26996380306971096,0.0
4,48.6604199903036,1.0,0.4188128643199628,0.1741622557622869,0.0
5,63.85328764467435,0.9043056815041778,0.7780145398476176,0.3407808344471697,0.8519520861179243
6,72.02925446234012,1.0,0.8013671998868078,0.248298625296387,0.0
7,77.49854790059733,1.0,0.23058642013147845,0.2877711972346744,0.0
8,145.22631561281668,1.0,0.5483456900226892,0.47684407828766806,1.1921101957191702
9,163.94271066686912,0.9043056815041778,0.628681528454442,0.579180359157412,1.4479508978935298
10,173.90709287993826,0.6687457539921505,0.7334759924884213,0.5019287686558236,1.254821921639559
11,203.04672427647196,0.49454613924203666,0.7827451067454684,0.43838289365958494,1.0959572341489623
12,258.1699527832642,1.0,0.9102230016987388,0.4028829790334156,1.0072074475835389
13,273.7299399704882,0.9043056815041778,0.6331663965242497,0.726337512882393,1.8158437822059825
14,304.80776588658847,0.6687457539921505,0.8586372933340096,0.5982768910143963,1.4956922275359907
15,346.1864729168311,0.8997147751840264,0.9209060011341549,0.5674694329405914,1.4186735823514784
16,369.70770245626767,1.0,0.8686855703903755,0.7030143847534889,1.7575359618837223
17,379.73456384403545,0.9043056815041778,0.7224070958042432,0.6452628464948478,1.6131571162371194
18,422.76447188810585,0.6687457539921505,0.8599379904222442,0.5421677099783917,1.3554192749459792
19,439.9180393017476,0.49454613924203666,0.8215171428760468,0.49778698814294475,1.244467470357362
20,466.3002956845821,1.0,0.8138916704136732,0.4531060461810093,1.1327651154525233
21,478.02592843968876,0.9043056815041778,0.809094461919873,0.5889467529508216,1.472366882377054
22,516.8974409765957,1.0,0.853120401523257,0.4927516206401019,1.231879051600255
23,523.4598814259928,1.0,0.7388694484365309,0.49933153575353884,0.0
24,530.9603243495485,1.0,0.47437614842480225,0.448431074742741,0.0
25,539.6186519876794,1.0,0.9440109196607398,0.5221527777497575,0.0
26,618.4176237029875,1.0,0.8343988642949446,0.5716290768147558,1.4290726920368897
27,634.0254954768227,0.9043056815041778,0.6909672569724795,0.6206837349719619,1.551709337429905
28,652.8253956314145,0.7648924391079062,0.9184307583751297,0.6510947607801617,1.6277369019504042
29,671.312397519421,0.7375982272903027,0.8644851897633695,0.6999726821158894,1.7499317052897234
30,693.5679096907253,0.5454634342582622,0.8509388728023809,0.7364667172432442,1.8411667931081106
31,703.8615629934006,0.4033772684159611,0.9102726162610542,0.7526235650126955,1.8815589125317387
32,717.1815485742355,0.29830271005422165,0.8852449498890811,0.6821132337949614,1.7052830844874034
33,750.0787914113539,0.6655573492610452,0.8933731952763424,0.5825786571420546,1.4564466428551364
34,766.3111740926411,0.9043056815041778,0.6559412105624989,0.7704064983422647,1.9260162458556618
35,785.0038095953435,0.6687457539921505,0.8374467040022103,0.7740210765499067,1.9350526913747668
36,798.1928242030374,0.6485859485444214,0.9197564346623281,0.7491119426270595,1.8727798565676488
37,831.3509093147563,1.0,0.9077609136497398,0.7338183158978677,1.8345457897446693
38,840.8052369737617,0.9043056815041778,0.8072697122872999,0.6917979421703184,1.729494855425796
39,871.1222503374422,1.0,0.8088750409724887,0.6262518823600219,1.5656297059000548
40,876.9101557237763,0.9043056815041778,0.7586936452655559,0.590487937561335,0.0
41,887.564210044683,1.0,0.9239193202606005,0.539793089920872,0.0
42,897.2844956619293,1.0,0.8722830466984007,0.5655242061755371,0.0
43,933.4080221668767,1.0,0.6815423753766896,0.6098379989299251,0.0
44,978.108893655933,1.0,0.9683972527144149,0.6789786656869145,1.697446664217286
45,994.7907562796039,0.9043056815041778,0.9258033937082943,0.7258746554328336,1.814686638582084
46,1013.9032854303132,0.6687457539921505,0.9714219669303179,0.753266333093343,1.8831658327333576
47,1029.3153873268682,0.49454613924203666,0.9294740071837979,0.7898428133721516,1.974607033430379
48,1037.7030182987805,0.3657232698363789,0.8606609937552203,0.7787740745121544,1.946935186280386
49,1049.0472426053561,0.2704570908283893,0.918944852269673,0.7262240797745257,1.8155601994363144
50,1125.7778017458315,0.5426836037430451,0.8937898783150706,0.6112045324670821,1.528011331167705
51,1137.5327611652165,0.9043056815041778,0.8321361468655757,0.8901389159905321,2.2253472899763302
52,1148.3545350340496,0.6687457539921505,0.909433878422357,0.8594257848519318,2.1485644621298294
53,1158.6636498377,0.49454613924203666,0.9601403455702991,0.8352200881140112,2.088050220285028
54,1174.9715575796445,0.4896243125846591,0.9505806206750613,0.8339291820152328,2.084822955038082
55,1183.3766089139147,0.5968636033458963,0.9611358358447664,0.8883131039184212,2.220782759796053
56,1217.832364516494,0.44138835862017,0.8194843740211931,0.827689381525428,2.06922345381357
57,1224.7469758722534,0.3264124031575485,0.9207778464873,0.7649471003383632,1.912367750845908
58,1240.096222734698,0.24138619620181623,0.910751468097615,0.6545041123135082,1.6362602807837705
59,1266.9830736871363,0.3289042567267841,0.9005164044406617,0.5279569948180466,1.3198924870451165
60,1284.9389846399363,0.5352735324001953,0.8477045924356206,0.5927092499622404,1.481773124905601
61,1305.937740356386,0.3958417041255277,0.847683861575947,0.5179164947950238,1.2947912369875594
62,1316.4225634616146,0.7194232924355974,0.9194387228093818,0.4577331747546566,1.1443329368866415
63,1335.4185876170854,1.0,0.9508012404060772,0.7282958137358604,1.8207395343396509
64,1345.5653033618994,0.9043056815041778,0.9174866193013014,0.7485756377199327,1.8714390942998318
65,1361.6765276212636,0.8033661816623485,0.856671956347197,0.6811595425329096,1.7028988563322738
66,1439.958239893494,0.8419742992324365,0.9017270765196654,0.6440644389495436,1.610161097373859
67,1474.7683728866004,1.0,0.9363189412677515,0.5948510784697146,1.4871276961742865
68,1498.1785738574083,1.0,0.6240701735748715,0.5543001130762428,0.0
69,1505.4414860987247,1.0,0.7619054765763592,0.5085218647563077,0.0
70,1512.1486686157668,1.0,0.967238017005245,0.5378962588561458,0.0
71,1523.4614799376195,1.0,0.9824386671628056,0.5901260020598847,0.0
72,1545.189367851094,0.9043056815041778,0.9427053924101827,0.6461012573555878,1.6152531433889694
73,1563.238035830328,0.6687457539921505,0.8369916566357334,0.6688905812273287,1.6722264530683217
74,1571.3904369921054,0.49454613924203666,0.8949007537723865,0.7085174171924375,1.7712935429810939
75,1604.7624527243286,0.5305692428260141,0.9042435363706242,0.7285539666919386,1.8213849167298466
76,1609.7673131374022,0.7079438024840452,1.0,0.8262185825397109,2.0655464563492774
77,1618.9889749842087,0.5235336033594031,0.8469695300670032,0.7862387061572524,1.9655967653931312
78,1628.3225418771738,0.3871598746747386,0.9148608374963779,0.7830185350705843,1.9575463376764608
79,1652.5914856965703,0.4829763308404729,0.9142757281364915,0.7196724776725963,1.7991811941814908
80,1664.9877739655572,0.7376552450030659,0.827365589814578,0.790169556749791,1.9754238918744773
81,1673.2272759472814,0.5455055995947106,0.9685890932388868,0.7317031779179729,1.8292579447949322
82,1712.511397237768,0.782618601691187,0.8404609579413135,0.7068134806429999,1.7670337016074997
83,1732.351420906177,0.9043056815041778,0.8462974632639166,0.7047409547747041,1.7618523869367602
84,1759.7117983038756,1.0,0.9048559879863545,0.6409419564123339,1.6023548910308347
85,1842.0755376852128,1.0,1.0,0.6095268234064889,1.5238170585162223
86,1847.4328512740856,1.0,0.8524234889674493,0.5554045669797547,0.0
87,1853.182257882985,1.0,0.8808298906968095,0.5667218381065399,0.0
88,1901.8430109218496,0.9043056815041778,0.7751891658478169,0.6135739223336427,1.533934805834107
89,1915.5859133795118,0.6687457539921505,0.7010478823031638,0.6483397536923683,1.6208493842309206
90,1930.6835492952762,0.49454613924203666,0.9896119154379688,0.6930505163919431,1.7326262909798578
91,1989.0197709216734,0.5308663369331448,0.859085656655193,0.707813662244565,1.7695341556114124
92,2077.238953799881,0.708749794151104,0.7807098102739748,0.8054194967104441,2.0135487417761104
93,2090.143431704475,0.5241296446274419,0.7866216328909073,0.7814279599719377,1.9535698999298443
94,2097.781368299962,0.3876006549057574,0.8684819760167379,0.7653181133914985,1.9132952834787462
95,2123.4721532432172,0.42725057631032715,0.7794858339043744,0.7094529349953901,1.7736323374884753
96,2133.568962711153,0.5858239703500586,0.7679007345465594,0.8609582868943146,2.1523957172357866
97,2154.113534478883,0.43322440715707844,0.8273613362574107,0.8145654788998554,2.0364136972496385
98,2163.8191316545544,0.3203750554017993,0.7899009571771198,0.7603418073783207,1.9008545184458017
99,2170.5832547749833,0.23692149940779006,0.8983819751973876,0.7051930395387249,1.7629825988468122
100,2178.8659741018073,0.17520651478698182,0.7778319403483439,0.5817264555658472,1.454316138914618
101,2185.1481564584055,0.14873148246880427,0.8831386571950312,0.45876907044920173,1.1469226761230042
102,2199.602278073356,0.14436120381902887,0.9183296723270686,0.3371617181362447,0.8429042953406117
103,2208.8818133003897,1.0,0.8567322605955905,0.1354888759830494,0.0
104,2242.702506583684,1.0,0.7665479432460429,0.5091257795144966,1.2728144487862414
105,2281.8933358979884,0.9043056815041778,0.7605187118447604,0.7522082332496168,1.8805205831240421
106,2315.901755498906,0.8438100895191211,0.7936694725785574,0.9384692179676124,2.346173044919031
107,2333.8655507266653,1.0,0.8425907598291201,0.9672642320190955,2.4181605800477386
108,2345.6976235927164,0.9043056815041778,0.9105689308990743,0.9755502173510282,2.4388755433775704
109,2368.26959180555,0.6687457539921505,0.8038966538208083,0.9216652605353298,2.3041631513383245
110,2409.2650641021432,0.49454613924203666,0.8510953525533459,0.8616067962399735,2.1540169905999336
111,2418.4003765223724,0.3657232698363789,0.7369226639809959,0.7958494244075706,1.9896235610189263
112,2435.7453061225465,0.2704570908283893,0.7914616604999759,0.7043521439112691,1.7608803597781728
113,2458.904338613421,0.8312960988146645,0.8175062011860056,0.6007708800039989,1.5019272000099972
114,2470.1956447365405,1.0,0.8221423957041962,0.8329367441407564,2.082341860351891
115,2476.719608612892,0.9043056815041778,0.8017453055811257,0.7799289374222852,1.949822343555713
116,2495.1844541641244,0.8394656128754407,0.8011085988243738,0.7143047633483715,1.7857619083709286
117,2521.916646335034,1.0,0.8352779139210679,0.681027442993023,1.7025686074825575
118,2527.5451670716616,1.0,0.33625447494570954,0.6161557358003793,0.0
119,2533.2597098863753,1.0,0.43457903807429776,0.5691263071906718,0.0
120,2542.955405608594,1.0,0.4012460585186687,0.5887637161116516,0.0
121,2548.25833728215,1.0,0.4554685601517412,0.6468600049430471,0.0
122,2594.3657141622984,0.9043056815041778,0.5044427294083127,0.7046321760685592,1.761580440171398
123,2609.2345478843017,0.6687457539921505,0.4815267799195123,0.7310913037961172,1.827728259490293
124,2648.400854804198,0.49454613924203666,0.8486496574676965,0.7792480482363262,1.9481201205908154
125,2665.83754468929,0.3657232698363789,0.8259509954355818,0.8055348320118519,2.0138370800296297
126,2703.2189762408866,0.3317531586998862,0.7749032986428834,0.7690939499864143,1.9227348749660358
127,2714.553561868106,0.3591046171510141,0.17270930917385624,0.6082946089205752,1.520736522301438
128,2747.9142301693623,0.2655625115163097,0.7102598756268291,0.5512217177181884,1.378054294295471
129,2762.371347358065,0.19638691388140223,0.7036618651803013,0.40313916016454193,1.0078479004113547
130,2780.066486210938,0.9135696351620939,0.8118063520982811,0.24381875934716835,0.0
131,2797.656270108418,0.9043056815041778,0.37313974543605366,0.48807755480943904,1.2201938870235975
132,2810.9362297297716,0.6687457539921505,0.3636386906748388,0.5220656599138397,1.3051641497845992
133,2825.4701343856573,0.49454613924203666,0.5071769699243424,0.5028847334326135,1.2572118335815339
134,2877.73236430432,0.3657232698363789,0.7345268548874839,0.464170617679024,1.16042654419756
135,2899.1777726948294,1.0,0.8174186148354823,0.3850083558926119,0.9625208897315297
136,2913.967653045486,0.9043056815041778,0.2048177915114941,0.5424317128297076,1.356079282074269
137,2931.9600150964834,0.6687457539921505,0.3805386248239875,0.5812816976362974,1.4532042440907436
138,2940.0602629812975,0.49454613924203666,0.7604687195791843,0.6674521659756555,1.6686304149391387
139,2962.795611662266,0.8651744391931211,0.6995450353038326,0.615894068919127,1.5397351722978176
140,2976.588928242252,0.9043056815041778,0.13615139707106536,0.7416408583583683,1.8541021458959208
141,2988.9042745526535,0.8894368624298135,0.7026533007065985,0.8448262851844128,2.112065712961032
142,3006.0742187932533,0.9043056815041778,0.6868334967319604,0.8860456815703197,2.215114203925799
143,3017.7004815859427,0.9507500263035835,0.7483920998756675,0.8222632039916914,2.0556580099792283
144,3029.036017310309,1.0,0.7077630810325306,0.7866735452668352,1.966683863167088
145,3040.1221943509395,1.0,0.7710681213106069,0.7385726845825481,1.8464317114563702
146,3064.8409583911916,1.0,0.8238216804223555,0.6901552794585543,1.7253881986463857
147,3071.2160990331668,0.9043056815041778,0.06080231496229002,0.6172646862327271,0.0
148,3077.6708487754395,1.0,0.7119118261657398,0.5744299446936816,0.0
149,3086.810900909347,1.0,0.26241794058380413,0.5279851817257181,0.0
150,3091.850888915056,0.9043056815041778,0.19282757455828786,0.48974027991413005,0.0
151,3106.93264202733,1.0,0.7650588440863785,0.5412780063971797,0.0
152,3113.0063368235824,1.0,0.1216685903200268,0.5016938430082174,0.0
153,3127.4857740457546,1.0,0.0,0.5488385744392872,0.0
154,3140.6433063265117,1.0,0.4261082664599478,0.6232369725352408,0.0
155,3156.6253630236006,0.9043056815041778,0.2161904816776331,0.6650101429745369,0.0
156,3883.661386524417,0.6687457539921505,0.785285770026878,0.7193274732656373,1.7983186831640932
157,3904.8798541934148,0.49454613924203666,0.695208655568034,0.7444541771360348,1.861135442840087
158,3982.4821794225118,0.3657232698363789,0.6261696037915716,0.7238478509211108,1.809619627302777
159,3993.6595415659826,0.2704570908283893,0.7120958403762363,0.6753585538227771,1.6883963845569427
160,4009.085684774472,0.20000651862289462,0.7068823323586951,0.5529555244676521,1.3823888111691303
161,4897.319664462114,0.147907408783868,0.6840838237590938,0.40350179053673696,1.0087544763418423
162,4943.525904447972,1.0,0.7391082962606446,0.2328540237337093,0.0
163,4954.697692628305,0.9043056815041778,0.3062999341960909,0.43901117401115947,1.0975279350278986
164,5028.07069487965,0.6687457539921505,0.7305778066837294,0.5608265543065613,1.402066385766403
165,5058.828041621538,0.6861154405693632,0.8020729360434804,0.647330920357295,1.6183273008932375
166,5070.020525322342,0.8722819947397783,0.7903829626466985,0.9087644571849318,2.2719111429623293
167,5100.700858236617,1.0,0.8308903561125107,0.8911370863396967,2.2278427158492415
168,5122.670551099867,1.0,0.767163666684163,0.8588898947568592,2.1472247368921478
169,5130.066012614464,0.9043056815041778,0.7952881669904138,0.8097336178576904,2.0243340446442257
170,5172.46809527508,1.0,0.7617151112282944,0.7430971904693601,1.8577429761734001
171,5188.752324060516,1.0,0.7647362929199831,0.7088170377800618,1.7720425944501543
172,5242.277183397292,1.0,0.7777418626607291,0.6592071929571691,1.6480179823929229
173,5248.704499198575,1.0,0.6323115227263703,0.6079142080023535,0.0
174,5283.16343637271,1.0,0.7559519354946022,0.5822768351669293,0.0
175,5302.454277255763,1.0,0.5728705842536191,0.6327179692189326,0.0
176,5315.971062312623,0.9043056815041778,0.733855107010553,0.6953003575695256,1.738250893923814
177,5332.296665920183,0.6687457539921505,0.7844522545009309,0.7211658058752909,1.8029145146882273
178,5367.091786474197,0.49454613924203666,0.7800943479049386,0.7558139182132,1.889534795533
179,5390.250538936055,0.3657232698363789,0.8918325774973159,0.800618776709147,2.0015469417728675
180,5403.477140218113,0.2704570908283893,0.819799160120339,0.7772382337904106,1.9430955844760265
181,5415.973822484634,0.20000651862289462,0.8975118694324304,0.7332782402039224,1.833195600509806
182,5482.28922339565,0.147907408783868,0.7447617383613696,0.5923370743304376,1.480842685826094
183,5498.644774656728,0.3370708341432403,0.8763213248152962,0.4686420490251136,1.171605122562784
184,5507.037653384794,0.6956863254570751,0.8759295248373269,0.747896737055328,1.8697418426383199
185,5538.72064025523,0.5144690404753042,0.9015381216003946,0.7805086075049089,1.9512715187622722
186,5552.8514622937055,0.38045651311844164,0.8810323047463255,0.8019651105403578,2.0049127763508947
187,5578.954439125343,0.2813525148967466,0.8638302939968305,0.7324826167740707,1.8312065419351766
188,5588.797654370436,0.20806382571792273,0.8065181179319559,0.6308654751948949,1.5771636879872373
189,5605.687493087142,0.7319745568810286,0.8966087394293486,0.5202889524733908,1.300722381183477
190,5622.91376756751,0.9043056815041778,0.6993357961423701,0.8639863440048544,2.159965860012136
191,5662.902476895162,0.6687457539921505,0.794672061307463,0.9145174696350482,2.2862936740876205
192,5675.380844664167,0.49454613924203666,0.913360932053584,0.8742595289409801,2.18564882235245
193,5703.762946819423,0.3657232698363789,0.799154874494007,0.824704887150681,2.0617622178767023
194,5725.93109296516,0.4686872121279981,0.8726019892280612,0.8069274629593837,2.017318657398459
195,5745.743735418152,0.922545695979061,0.8056587730227145,0.858942023838799,2.1473550595969977
196,5770.1324060647175,1.0,0.8142378831120531,0.8161825247894164,2.040456311973541
197,5781.1022559311605,0.9043056815041778,0.8977393401326941,0.7686875566164347,1.9217188915410868
198,5801.58702475537,1.0,0.8679714545369898,0.7021652843347981,1.7554132108369953
199,5823.348120618198,0.9043056815041778,0.902458246112245,0.6688290999560729,1.6720727498901822
200,5829.484771823705,1.0,0.8458982904099858,0.6015030655592625,0.0
201,5856.841513929947,1.0,0.8347494978628437,0.5667978136364648,0.0
202,5864.7377256317295,1.0,0.6606756715351695,0.5280376446767917,0.0
203,5870.88106991244,0.9043056815041778,0.6019561459288707,0.5809874314092861,0.0
204,5877.323827605636,1.0,0.8980209122642568,0.6195287722647721,0.0
205,5937.976385821764,0.9043056815041778,0.684793727744819,0.6799263804244832,1.6998159510612079
206,5981.549383045693,0.999737704655533,1.0,0.7271471808147448,1.8178679520368621
207,5993.105507798894,0.9043056815041778,0.6247682880675963,0.7874205192340555,1.968551298085139
208,6013.618957608105,0.7822986261223956,0.9753529420502599,0.8046841453805662,2.0117103634514155
209,6033.1245401628585,0.7848197687218839,0.8930250094313406,0.8624559925117781,2.1561399812794453
210,6080.225414139653,0.5803843752356617,0.8691636661191844,0.8668347439222663,2.167086859805666
211,6097.129836990252,0.42920175617678313,0.8995669835061497,0.8954174184819695,2.238543546204924
212,6116.263880853695,0.31740025294518953,0.8530827735359624,0.8709175261889707,2.1772938154724266
213,6148.821307622342,0.23472159449453758,0.89527794567233,0.842235988503879,2.1055899712596977
214,6190.697457238954,0.17357965663490546,0.8336978791671773,0.7386727519557309,1.8466818798893272
215,6253.363083406241,0.12836440235665178,0.9164392271692483,0.6017900386222592,1.5044750965556482
216,6271.426268055875,0.7350869187479442,0.8949411399701879,0.4277212302353233,1.0693030755883084
217,6286.9050463920275,0.9043056815041778,0.7732837771298726,0.8133164544142255,2.033291136035564
218,6343.411994444336,0.6687457539921505,0.9845984908311407,0.9218148865693582,2.3045372164233955
219,6396.912515984947,0.49454613924203666,0.9187516358255252,0.9242692242250627,2.3106730605626566
220,6402.188836223574,0.3657232698363789,0.8539613091284807,0.8898961410623377,2.2247403526558442
221,6419.091838129421,0.39240088993843514,0.8874860136978564,0.854948565289446,2.137371413223615
222,6443.350409097974,0.8397988875921308,0.9574787649421754,0.9297076321591389,2.324269080397847
223,6455.446100390597,1.0,0.9181612041165967,0.8958266704279263,2.2395666760698156
224,6466.912737404278,0.9043056815041778,0.8310398812839878,0.8362776448178154,2.0906941120445386
225,6480.341465829646,0.769576204407105,0.8089508818183387,0.7699922094127735,1.9249805235319337
226,6496.600217421378,1.0,0.9251807798819893,0.7288904819995351,1.8222262049988378
227,6526.623454127623,1.0,0.7858264021901908,0.684927674951263,1.7123191873781576
228,6532.584880320533,1.0,0.8885174465011215,0.6380083944055684,0.0
229,6538.402915852589,1.0,1.0,0.5999256163835526,0.0
230,6547.147834979225,1.0,0.8727821638610717,0.6461090931634429,0.0
231,6581.220910772069,0.9043056815041778,0.5838605264669319,0.6901408641484232,1.7253521603710582
232,6619.348705545627,0.8565244565276317,0.9054786277989595,0.7314607871585245,1.8286519678963111
233,6662.224014499429,0.9043056815041778,0.7841800644280081,0.7934510659036296,1.9836276647590738
234,6680.31871668686,0.6687457539921505,0.8747540386825068,0.8305390733131538,2.0763476832828847
235,6692.571727172684,0.49454613924203666,0.8932417830327091,0.8683212562307949,2.170803140576987
236,6709.179207113582,0.3657232698363789,0.8991353873570527,0.9003648090207255,2.2509120225518138
237,6723.445896143372,0.2704570908283893,0.9015597364248682,0.8969620640906482,2.24240516022662
238,6739.295164117822,0.22761923336918594,0.8949300064815574,0.8313615917259373,2.078403979314843
239,6755.027300372259,0.2174990606203513,0.9401246997053929,0.7721265462993857,1.9303163657484643
240,6767.695360306065,0.22977706508968326,0.9239276483881143,0.6453212399149982,1.6133030997874955
241,6791.4689989320805,0.3016793763997903,0.827109441547018,0.6122341765189334,1.5305854412973336
242,6814.428948038154,0.6907915891519961,0.8637895310532427,0.5021557238415156,1.2553893096037891
243,6837.247415520542,0.9043056815041778,0.9963730489717872,0.9620533307952099,2.405133326988025
244,6846.480760894323,0.6687457539921505,0.9204097662702497,0.9265980871767887,2.3164952179419718
245,6864.06080261893,0.49454613924203666,0.9395651702491423,0.9264518183550371,2.3161295458875926
246,6876.466000894506,0.3657232698363789,0.952613021176897,0.9352292935380105,2.3380732338450265
247,6898.5440605627655,0.2704570908283893,0.9454159318043188,0.9226930228356547,2.306732557089137
248,6918.891004343798,0.46688999274236254,0.927791118212756,0.8394775053614916,2.098693763403729
249,6963.652060803334,0.8666207819772991,0.9086069493154876,1.0,2.5
250,6976.709230659053,0.6408772831159067,0.8625218535504251,0.8856964360716115,2.214241090179029
251,6992.074007732675,0.4739370443862549,0.8692882366951143,0.8287125303909505,2.0717813259773763
252,7012.506773242068,0.5710464054788589,0.816287757355741,0.77769298236898,1.94423245592245
253,7042.400997642356,0.8482363716501895,0.9382203251372935,0.8046896974806178,2.0117242437015443
254,7059.0386102006105,0.8130686408217834,0.8514605094572507,0.7220992039703739,1.8052480099259347
255,7105.04358456817,1.0,0.7828075614328056,0.689792341870594,1.724480854676485
256,7134.359738325869,1.0,0.8568107964474124,0.6420124270331853,1.605031067582963
257,7162.61817400173,1.0,0.7860152306175627,0.5898885481057128,0.0
258,7181.56172956506,0.9043056815041778,0.7053210657200528,0.54656337999451,0.0
259,7189.99697690218,0.6687457539921505,0.7726870902613564,0.5643660695222282,0.0
260,7195.53755507386,1.0,0.7898341697595821,0.603322480594751,0.0
261,7203.624491701437,1.0,0.6946114604811504,0.6338616349081169,0.0
262,7210.558133426566,1.0,0.6559389297627344,0.6832288521489086,0.0
263,7312.899230457748,0.9043056815041778,0.7309201785539895,0.7429051581999714,1.8572628954999284
264,7330.067540560797,0.6687457539921505,0.7193346993319756,0.7742763737158256,1.935690934289564
265,7340.321285286524,0.49454613924203666,0.8353950948251484,0.8114794030066347,2.028698507516587
266,7362.528240830318,0.3657232698363789,0.8150683154648031,0.8384305410899354,2.0960763527248387
267,7383.25378897496,0.2704570908283893,0.8019444865209885,0.8097719271289411,2.0244298178223525
268,7393.43547404025,0.20000651862289462,0.752139013932269,0.7139237080289605,1.7848092700724014
269,7407.719684271139,0.147907408783868,0.7973178908178309,0.5854337023963592,1.4635842559908978
270,7444.935534403822,1.0,0.7722167815834532,0.3850032262808386,0.9625080657020966
271,7454.712897564386,0.9043056815041778,0.26489885892450254,0.5943772628586808,1.4859431571467019
272,7467.509013115846,0.6687457539921505,0.8784484013636575,0.7860181685987699,1.9650454214969248
273,7526.915247462871,0.49454613924203666,0.7726017378603811,0.8597284341363352,2.149321085340838
274,7544.219958239079,0.3657232698363789,0.7184161875878127,0.8077350550099167,2.019337637524792
275,7557.3863314504515,0.2704570908283893,0.6959564197149765,0.6869914884932681,1.7174787212331701
276,7574.370526878446,0.6955000507204114,0.8093928065312875,0.5622271314487407,1.4055678286218518
277,7593.682165888515,0.9043056815041778,0.5561778508873515,0.8381727667485751,2.095431916871438
278,7628.169408349626,0.6687457539921505,0.8297099573066546,0.9192620516177332,2.298155129044333
279,7654.593666996231,0.7789264610979606,0.8240614973248345,0.8832781763601661,2.208195440900415
280,7664.672889508287,0.9043056815041778,0.7942875700191318,0.8595721836273038,2.1489304590682594
281,7686.758479618038,0.893222598402317,0.7464048815390638,0.7925064672510382,1.9812661681275956
282,7725.45963918656,1.0,0.7272117962638472,0.7575598865428022,1.8938997163570055
283,7757.206659379749,0.9043056815041778,0.27642733664449753,0.6940363406317763,1.7350908515794408
284,7769.829746031453,0.8373662890315192,0.7739253666283927,0.6578643737052113,0.0
285,7775.533032232045,1.0,0.8472412499648679,0.6256930620966809,0.0
286,7789.5787658758045,1.0,0.8383844604904487,0.57542734648756,0.0
287,7803.5841761419315,0.9043056815041778,0.4635448414086002,0.5510729505942179,0.0
288,7809.828595501149,1.0,0.8029457412024232,0.5934334474416725,0.0
289,7814.973888575016,1.0,0.33351663671569937,0.644979809797678,0.0
290,7820.924098383837,1.0,0.3412715077123512,0.675913973989821,0.0
291,7861.403327083594,0.9043056815041778,0.7334954034931092,0.7487421229746039,1.8718553074365096
292,7885.611170587344,0.6687457539921505,0.18529419338323233,0.7550399920550673,1.8875999801376684
293,7894.299112712007,0.49454613924203666,0.16530563503439522,0.6891783337556339,1.7229458343890847
294,7923.284994475457,0.6824542380007322,0.7984204777922564,0.7343710087202239,1.8359275218005597
295,7949.576994033837,0.9043056815041778,0.35864937966663857,0.9333991800401249,2.333497950100312
296,7965.749963758723,0.6687457539921505,0.7699560910379482,0.8854318794315427,2.2135796985788567
297,7983.123968618867,0.49454613924203666,0.7165828683951252,0.8708803044279653,2.1772007610699133
298,7992.797551624714,0.3657232698363789,0.7239568726252993,0.814882825954025,2.037207064885062
299,8023.768037284148,0.6673577543234449,0.7594773203801201,0.7724463229555455,1.9311158073888637
300,8049.762689822821,0.9043056815041778,0.2827386550630698,0.8709046953467618,2.1772617383669046
301,8067.29999523904,0.6687457539921505,0.7281281908256929,0.8186371459182868,2.0465928647957172
302,8093.245662229279,0.8975259991808536,0.7102461588960879,0.7729125390362155,1.9322813475905387
303,8107.059851105031,1.0,0.739150622167491,0.7509668980468978,1.8774172451172444
304,8116.244749385174,1.0,0.7604644249321163,0.7016063002184355,0.0
305,8122.309794870272,0.9043056815041778,0.19226831007141115,0.6345604045976819,0.0
306,8127.852700184198,1.0,0.64572823416725,0.5884786823951683,0.0
307,8133.005657262894,1.0,0.024064309699966063,0.5636561588247001,0.0
308,8138.083757145124,1.0,0.31300610085521274,0.5753337319939444,0.0
309,8151.249736804564,1.0,0.5930472662325852,0.642849917076463,0.0
310,8162.523952229343,0.9043056815041778,0.089809631154886,0.6754977144413877,0.0
311,8179.324168671121,0.6687457539921505,0.7068598386393605,0.7296932516656832,1.824233129164208
312,8198.627706658044,0.49454613924203666,0.7385213924855736,0.7625468451933327,1.9063671129833317
313,8205.926236887188,0.3657232698363789,0.6984011962888027,0.7626168464304505,1.9065421160761262
314,8219.56236678221,0.4115874185096999,0.8137557946310039,0.7414693377471603,1.8536733443679008
315,8250.396500030158,0.5756883413250996,0.6619329782337071,0.7812743846669754,1.9531859616674385
316,8263.544523101202,0.5074457034777778,0.6931097108801896,0.7327873737402072,1.831968434350518
317,8296.267478126012,0.797854378016958,0.7033389080429723,0.7324556564648662,1.8311391411621656
318,8309.050705323558,1.0,0.7307102254096218,0.7084301511367264,1.7710753778418158
319,8314.60480128961,1.0,0.6299630602192303,0.6554077242150482,0.0
320,8321.180049549414,1.0,0.16853228749289068,0.604272976009325,0.0
321,8341.722590348314,0.9043056815041778,0.22840730010507634,0.6591625994935026,0.0
322,8353.2842393581,0.6687457539921505,0.6584465236166357,0.7081138032105374,1.7702845080263434
323,8372.372979967371,0.49454613924203666,0.698971519025358,0.7429989519346628,1.857497379836657
324,8399.564125266259,0.6001121958703461,0.6777929285068599,0.7411926736055946,1.8529816840139866
325,8413.96034043725,0.8966080651237481,0.18851591128059408,0.8281336238187338,2.0703340595468345
326,8431.296842041198,0.6630532670648206,0.6169348622185907,0.7754899956669925,1.9387249891674814
327,8485.762068045786,1.0,0.6531893314950272,0.7309688901389739,1.8274222253474348
328,8491.181978637993,0.9043056815041778,0.4134040716470192,0.7012418656205879,0.0
329,8507.360853848115,1.0,0.7002544864686457,0.656519229872466,0.0
330,8513.60722373882,1.0,0.17510758684055938,0.6407068787838931,0.0
331,8521.768748365146,1.0,0.37097685174095335,0.6999709469868899,0.0
332,8540.510161206948,0.9043056815041778,0.0,0.7403609365224838,1.8509023413062096
333,8545.676144619776,0.6687457539921505,0.6728822080766439,0.7973961351788774,1.9934903379471935
334,8563.313224712456,0.6616453886280473,0.7448943026679494,0.8321437097927398,2.0803592744818493
335,8577.493209870667,0.8058967737480753,0.707146497812343,0.9001387490421375,2.250346872605344
336,8589.795726397608,0.5959710932077213,0.721419065161848,0.9175225427508061,2.2938063568770155
337,8606.03434385659,0.5485644259757427,0.7425732855285054,0.864194690370397,2.1604867259259923
338,8641.286492327821,0.6067531095965971,0.6346155210971055,0.8221231873104526,2.0553079682761317
339,8673.435107228384,0.44870177647156995,0.6627051135220176,0.8030723569400038,2.0076808923500096
340,8691.703690264632,0.3318207703007904,0.7643747928973625,0.7769573046365273,1.9423932615913184
341,8720.083048106546,0.47922000709508694,0.6977319103825448,0.6972109158620005,1.7430272896550012
342,8744.774475900527,0.9893581133728491,0.7333795253200013,0.8870804967970508,2.217701241992627
343,8780.24806316532,0.9043056815041778,0.6999043640253758,0.8423789482466681,2.1059473706166703
344,8799.628816902514,0.9449707138983717,0.7739690242001008,0.7791271012981353,1.9478177532453382
345,8804.669305756506,0.9043056815041778,0.7051403358204995,0.7426914524745789,0.0
346,8810.079517239366,1.0,0.6642015738673371,0.6912730278008806,0.0
347,8818.26517158292,1.0,0.2760060752365999,0.6560597759972063,0.0
348,8829.20806148644,1.0,0.3218540629744965,0.6801491152622656,0.0
349,8835.610797044454,0.9043056815041778,0.1560730716410237,0.729989462769307,0.0
350,8859.923706663298,0.6687457539921505,0.0,0.7101687989638924,1.775421997409731
351,8883.52010927182,0.6181803516361127,0.7608346983768524,0.8184706672416423,2.046176668104106
352,8897.199914661158,0.6879797340522882,0.7164502047527596,0.8815120125494132,2.203780031373533
353,8931.716363401472,0.5087699164013171,0.6362122713280174,0.9133364211394422,2.2833410528486056
354,8939.471977964906,0.37624193711399384,0.6954622677195537,0.8993559472033518,2.2483898680083794
355,8960.257101201538,0.6824631996227903,0.7493638991489368,0.7853733080345027,1.9634332700862567
356,8975.915948472775,0.9043056815041778,0.6780563876260609,0.8978743625788026,2.2446859064470064
357,8996.196288846346,0.6687457539921505,0.7122690667632299,0.8332715072677536,2.083178768169384
358,9027.68750983043,0.7836254469730746,0.735808148253634,0.7724196545610411,1.9310491364026028
359,9066.286108456175,1.0,0.684525709769199,0.7480684064832018,1.8701710162080045
360,9071.855053896224,1.0,0.04239329969278448,0.6788044219729249,0.0
361,9082.710253195652,1.0,0.0,0.6275326110422611,0.0
362,9092.390733679133,0.9043056815041778,0.0,0.6803110703825951,0.0
363,9099.676781432263,0.6687457539921505,0.711114551018149,0.740545963021839,1.8513649075545975
364,9121.13971841243,0.7461015797019739,0.7883990190493646,0.7754715022743341,1.9386787556858354
365,9146.001572206345,0.9043056815041778,0.6626119344344169,0.8322351976582474,2.0805879941456187
366,9162.043095754554,0.7427786749134843,0.6150303821604789,0.8255127806003865,2.063781951500966
367,9206.923729989388,1.0,0.7798212721018555,0.7810443275844601,1.9526108189611502
368,9212.092162840314,0.9043056815041778,0.13103177069609148,0.7266220219777622,0.0
369,9218.55791361922,1.0,0.7308672994549827,0.6797339237468715,0.0
370,9224.002049624085,1.0,0.009157111481109786,0.6397765331081342,0.0
371,9241.06725112171,1.0,0.0,0.6914487652480602,0.0
372,9268.282278406137,0.9043056815041778,0.2470693256768272,0.7578829968313143,1.8947074920782858
373,9294.067056436947,0.6687457539921505,0.6433801142840101,0.801971076987082,2.004927692467705
374,9320.276856498354,0.49454613924203666,0.6785379460271359,0.8347005469041441,2.0867513672603604
375,9329.190302330933,0.3657232698363789,0.7518018887105402,0.8465677176667996,2.116419294166999
376,9336.769410548148,0.2704570908283893,0.6887775726625659,0.7778331656382513,1.9445829140956283
377,9349.940983540113,0.3241427860393564,0.7646087432093465,0.6852223178536206,1.7130557946340517
378,9361.138032115025,0.47935945185616,0.7013407505178836,0.7562568140929061,1.8906420352322653
379,9386.018640088387,0.663011104307182,0.6121860375616093,0.6414821817777644,1.603705454444411
380,9409.94151771876,0.9043056815041778,0.16037620633920718,0.7745296600075409,1.9363241500188522
381,9490.5475022639,0.6687457539921505,0.6947596415253261,0.8691136858168605,2.172784214542151
382,9504.937681233383,0.562341792328293,0.7359366940990363,0.8807895235097029,2.201973808774257
383,9524.24825605777,0.652018908605287,0.6972002891272638,0.8324106519291494,2.0810266298228735
384,9548.442633101982,0.6958845009695829,0.7624430525861262,0.832355377531029,2.0808884438275723
385,9558.55829539502,0.5146155938313711,0.7112976494684077,0.7825536892263344,1.956384223065836
386,9566.28073794814,1.0,0.8115906726579099,0.7432392463049191,0.0
387,9575.549441215006,1.0,0.21689750305072172,0.7131503970553285,0.0
388,9581.805079992815,0.9043056815041778,0.26861418770801526,0.7119029231041589,0.0
389,9644.525681196743,0.6687457539921505,0.7809455794420931,0.7616436532266108,1.904109133066527
390,9669.374191676903,0.7176214242020772,0.7238388723384755,0.7983724506678841,1.9959311266697102
391,9687.036128349038,0.9043056815041778,0.6380582017805039,0.8513559922838646,2.1283899807096613
392,9715.861449740818,0.8292844931098724,0.7262512664839672,0.8528129994785585,2.1320324986963963
393,9775.973027866936,1.0,0.718796644546223,0.8207208135640497,2.0518020339101244
394,9782.17854416771,0.9043056815041778,0.40911424149436404,0.7614303294131262,0.0
395,9787.270722271465,1.0,0.2652508654031957,0.7004701157283527,0.0
396,9797.175826822675,1.0,0.337983986800118,0.7295425305584258,0.0
397,9811.726863378039,0.9043056815041778,0.43990246161248675,0.7888346903636421,1.9720867259091053
398,9836.382021310017,0.8178566760809116,0.8142241749309116,0.8349969849373141,2.087492462343285
399,9850.11598437752,0.88128580852397,0.7215048428189229,0.8899079709085196,2.224769927271299
400,9887.746205666184,0.6517222600256565,0.8482340713475653,0.9277840670457462,2.3194601676143654
401,9901.762817613117,0.48195704515466153,0.8579202789104141,0.9668108710491037,2.417027177622759
402,9935.925831709523,0.4922712148125506,0.7442734386201879,0.8691591974653823,2.172897993663456
403,10000.892645014908,0.6226640254984779,0.7310806449403842,0.8968845082259026,2.2422112705647566
404,10016.60331132191,0.4604681046824138,0.7531830889631101,0.8360344961150069,2.0900862402875173
405,10035.673553289886,0.7034040231353124,0.8534807475942668,0.7986642836303642,1.9966607090759105
406,10079.928147198329,1.0,0.7174008519795749,0.7976854347853581,1.9942135869633955
407,10141.254308199896,1.0,0.7325819381882847,0.7529257971307558,1.8823144928268896
408,10148.678941814042,1.0,0.7668971867310171,0.7039552426814488,0.0
409,10154.173836679329,1.0,0.35831597875193405,0.6416977943384974,0.0
410,10159.899364976218,1.0,0.45327527972748405,0.6994495853944985,0.0
411,10231.7028313587,0.9043056815041778,0.836043123271256,0.773357280611895,1.9333932015297375
412,10247.183606262395,0.6687457539921505,0.6163771691988617,0.7928843988438623,1.9822109971096558
413,10273.219672143814,0.49454613924203666,0.7724178592665666,0.8289513297582445,2.0723783243956113
414,10299.398976266306,0.3657232698363789,0.7319765408340746,0.8310764545415176,2.0776911363537938
415,10318.366665998941,0.38192513891448093,0.8433573815639861,0.8164568345838981,2.041142086459745
416,10348.954916816701,0.6104878787957843,0.8238379046770437,0.9015537154961193,2.253884288740298
417,10399.029493188675,0.9350122596148203,0.8631890562051252,0.8871892161228198,2.2179730403070494
418,10415.809383721797,1.0,0.894261911835543,0.8538877920430958,2.13471948010774
419,10433.558665016299,0.9043056815041778,0.8383362348120309,0.8022100097864608,2.005525024466152
420,10450.294403306521,0.8289416535225177,0.8612865945337191,0.7563195850092201,1.8907989625230504
421,10469.40296063379,1.0,0.8273897211918138,0.7209318906524103,0.0
422,10484.720920974452,0.9043056815041778,0.5784667095255777,0.663464188270217,0.0
423,10493.878748221368,0.6687457539921505,0.8170624323349115,0.6215300734489866,0.0
424,10504.914053397055,1.0,0.9323077311564022,0.6059157173083907,0.0
425,10511.599207753805,1.0,0.6979433618181702,0.5781079270746865,0.0
426,10516.867028653782,1.0,1.0,0.6371696382761002,0.0
427,10523.073466371632,1.0,0.5370702740887241,0.6758087632004822,0.0
428,10623.149316856472,0.9043056815041778,0.6633882241107399,0.7306844320300336,1.826711080075084
429,10654.560978129462,0.6687457539921505,0.8892610255915311,0.7742068459696887,1.9355171149242216
430,10671.917573360128,0.49454613924203666,0.8453208595861199,0.8054579696466477,2.0136449241166194
431,10692.396641673075,0.3657232698363789,0.9282956487693075,0.8480119822777459,2.1200299556943647
432,10796.1560036344,0.2704570908283893,0.9118546677999304,0.8483916662171783,2.1209791655429457
433,10801.92477615435,0.20000651862289462,0.9639575807946292,0.8202523630056745,2.0506309075141864
434,10821.260019351072,0.4404485822647878,0.9010931150632758,0.7051959841889389,1.7629899604723474
435,10848.145750095704,0.8990856484897876,1.0,0.9993268670451838,2.4983171676129596
436,10870.480106580448,0.664885472026139,0.8887533500728771,0.8892535544586568,2.223133886146642
437,10907.533818199472,0.8020170200595949,0.8971018836059406,0.830817972648962,2.077044931622405
438,10921.18092282946,0.9043056815041778,0.914052825255341,0.8097933542667013,2.0244833856667532
439,10954.530793867218,0.9399536490237514,0.849653636371663,0.742232142870944,1.85558035717736
440,10985.717474703571,0.9043056815041778,0.5570475931673229,0.699083173302609,1.7477079332565226
441,10990.99467530756,1.0,0.974334270893072,0.6614412547418638,0.0
442,10998.707740684038,1.0,0.6489080369767654,0.6657935545671979,0.0
443,11020.865380098443,0.9043056815041778,0.9819899582166659,0.7280313109080417,1.8200782772701043
444,11039.014761850352,0.6687457539921505,0.8888286069625837,0.7590457397421689,1.8976143493554223
445,11056.717154332497,0.49454613924203666,0.8528352077927795,0.79472416852508,1.9868104213127
446,11065.930090918466,0.3657232698363789,0.9009247930628752,0.8368576987295309,2.0921442468238274
447,11086.348263672391,0.2704570908283893,0.942773057572245,0.84767819243054,2.11919548107635
448,11112.097287815079,0.20000651862289462,0.9600072006212637,0.817048092181333,2.0426202304533323
449,11127.834143604288,0.147907408783868,0.8711638726361164,0.7144368402067013,1.7860921005167532
450,11135.90993272426,0.10937944284908938,0.860191299707946,0.5533723989012505,1.383430997253126
451,11170.700926486157,0.6982663144215563,0.9321288756507801,0.3900766802330715,0.9751917005826788
452,11201.84388390165,1.0,0.9260709633080969,0.84803303755385,2.120082593884625
453,11218.188316757218,0.9043056815041778,0.8593302610895002,0.9644177375079236,2.411044343769809
454,11241.171472878517,0.6687457539921505,0.9223363896932495,0.9195000388208333,2.2987500970520833
455,11284.624023262188,0.49454613924203666,0.942590243976202,0.9165937571547398,2.2914843928868494
456,11302.26116040702,0.3657232698363789,0.9396564970167325,0.9479884098971347,2.3699710247428367
457,11322.308968868287,0.35137800050523194,0.9484547430016088,0.9080082753502554,2.2700206883756384
458,11358.223411928526,0.4123451849805987,0.925940106174447,0.9393972165744369,2.3484930414360923
459,11373.573135576633,0.37024780674383667,0.9031890106588588,0.8911156218077059,2.2277890545192647
460,11379.16776678298,0.39458238479556196,0.9172337649392013,0.9165939296635255,2.2914848241588137
461,11395.840194009572,0.35997610019634446,0.8762732077408247,0.8560590809286284,2.140147702321571
462,11412.325156222401,0.5358739057275361,0.9289456280839598,0.9220491677946326,2.3051229194865814
463,11419.333610168456,0.667805976091387,0.8960972069870803,0.8998438994459929,2.249609748614982
464,11432.976877177287,0.4938511613228601,0.9061688118270166,0.8119111390869007,2.0297778477172517
465,11445.560290541822,0.3652093246715154,0.9273333222524975,0.7612064962852901,1.9030162407132254
466,11476.702655674779,0.27007702172806525,0.9185055138421399,0.7045678217123469,1.7614195542808673
467,11492.03394237126,0.5046542973650566,0.7633573449035738,0.5854336707048583,1.4635841767621458
468,11508.740920596934,0.9043056815041778,0.8640331348243766,0.7732731281622999,1.9331828204057497
469,11530.39897532203,1.0,0.8841416822823829,0.6588852687301854,1.6472131718254635
470,11553.16216552601,1.0,0.9646663827906878,0.6377143769854525,1.5942859424636313
471,11559.526978161517,1.0,0.906927937962775,0.5841498343140508,0.0
472,11634.135338206093,0.9043056815041778,0.8926213682305237,0.5337206252947587,0.0
473,11650.002617835968,1.0,0.8896666129051287,0.4991903110678155,0.0
474,11657.778044679762,0.9043056815041778,1.0,0.4760339349508286,0.0
475,11666.429515488562,1.0,0.9181044615551173,0.462211902251973,0.0
476,11672.459546386654,1.0,0.9105374375976675,0.47583879037671734,0.0
477,11685.481755709794,1.0,0.8956347424414309,0.4871960517852657,0.0
478,11718.482587818226,1.0,0.962051586435089,0.5402952927068478,0.0
479,11730.308871068853,0.9043056815041778,0.7748859369669207,0.583573581606587,0.0
480,11736.147294609475,0.6687457539921505,1.0,0.6246977917396127,0.0
481,11741.970105099805,0.49454613924203666,0.9078913084147142,0.6592255143213149,1.6480637858032874
482,11764.434584379409,0.532516031510113,0.9206001998971578,0.7016298249945614,1.7540745624864034
483,11781.488691818533,0.7132252786872009,0.8604652925136026,0.7218738974287537,1.8046847435718845
484,11788.618950054419,0.5274393233586362,0.9150001896209105,0.6611831742332245,1.6529579355830613
485,11812.747739986487,0.5162883397978018,0.9124788206190135,0.6143323877499753,0.0
486,11818.235446415169,1.0,0.9334444825400695,0.5805130639417578,0.0
487,11827.818271686734,1.0,1.0,0.5513366252183914,0.0
488,11836.74949312232,1.0,0.9741102758222779,0.5339718714335278,0.0
489,11854.22626030703,1.0,0.8089476628315518,0.5790169750885791,0.0
490,11862.822730812268,1.0,0.7075349815993968,0.6287266889298295,0.0
491,11958.012232711664,0.9043056815041778,0.6596497821748658,0.6779231401479966,1.6948078503699915
492,11984.562978318429,0.6687457539921505,0.6697691305705302,0.7138400955610898,1.7846002389027247
493,11991.660468787268,0.49454613924203666,0.8511727156832419,0.7541024593483328,1.8852561483708319
494,12008.424372401552,0.3657232698363789,0.8613584855068364,0.7929602906162405,1.9824007265406012
495,12026.13876986933,0.2704570908283893,0.812554826184633,0.7707772782411924,1.926943195602981
496,12060.593959725627,0.22302048145928094,0.8894144666487376,0.725554468977679,1.8138861724441973
497,12080.261281303627,0.29040004256007973,0.7751559221031703,0.637803170112243,1.5945079252806074
498,12102.756374647697,0.3777851688274345,0.5652693954686638,0.5972468317772502,1.4931170794431257
499,12150.858540484289,0.27937702122397584,0.8800463474311236,0.5572810566930043,1.3932026417325107
500,12184.942574256618,0.20660292258226362,0.8925268040969712,0.4548406533420292,1.137101633355073
501,12216.527325103747,1.0,0.8507297441803583,0.3062575306704187,0.7656438266760468
502,12224.30529740519,0.9043056815041778,0.6729534570201009,0.6544378715602579,1.6360946789006447
503,12238.951803229347,0.6687457539921505,0.7838038956524825,0.8209830942186407,2.052457735546602
504,12257.849140116381,0.6740642930502454,0.9128200108022656,0.9152692015762067,2.288173003940517
505,12283.05614088906,0.8395882312292285,0.7816300261916803,0.979202678599626,2.448006696499065
506,12303.986174332784,0.6208863620124592,0.809078297124548,0.9506766076962604,2.376691519240651
507,12311.932963065701,0.4591534995299564,0.8285787915734313,0.8905307570001749,2.2263268925004374
508,12342.94220161344,0.3395499547570593,0.9160930134678458,0.8782509211337606,2.1956273028344016
509,12499.421566111077,0.25110158562125673,0.76314914643763,0.7984838451729052,1.9962096129322628
510,12511.517449064828,0.32877910864441573,0.8365786971293552,0.6808494010237357,1.7021235025593393
511,12525.294172749647,0.7516951997592352,0.8335889453549002,0.7690766932238522,1.9226917330596305
512,12543.5631953101,0.9043056815041778,0.7634436200009705,0.8549696193749575,2.137424048437394
513,12556.584369762964,0.9239911795338995,0.8143318482836575,0.7838836279377944,1.9597090698444861
514,12569.93348578661,1.0,0.8629259667411678,0.7509706633718435,1.8774266584296087
515,12601.660572551813,1.0,0.9292624184003534,0.7029607450303448,1.757401862575862
516,12609.303419079515,0.9043056815041778,0.7846906668709819,0.6486235804989061,1.6215589512472652
517,12614.89771808663,1.0,0.8757860924704428,0.5857272076071544,0.0
518,12642.481816799069,1.0,0.5831611375874298,0.5459900962064868,0.0
519,12648.28657947506,1.0,0.20353014334084785,0.5850729899959207,0.0
520,12654.240285327165,1.0,0.41790796223316357,0.6488815490580974,0.0
521,12701.120074049555,0.9043056815041778,0.6513739077806012,0.7108820976475096,1.777205244118774
522,12710.45577202975,0.6687457539921505,0.0,0.6689764479726618,1.6724411199316545
523,12723.322034355559,0.49454613924203666,0.7973628386761116,0.7794222612462101,1.948555653115525
524,12743.93095338254,0.3657232698363789,0.9109108832507613,0.8192016938825285,2.048004234706321
525,12784.716385397676,0.2704570908283893,0.8681408508627421,0.8098752804845684,2.024688201211421
526,12819.633106020265,0.3108831003579185,0.702764063180984,0.6984977800289897,1.746244450072474
527,12835.98960483487,0.4433870245661083,0.18401877983244377,0.5602170936576452,1.4005427341441128
528,12880.546362479945,0.4268267831253751,0.7980428931349649,0.565439046662549,1.4135976166563724
529,12911.557883312833,0.6979430048339024,0.7085996982516279,0.6407598227273059,1.6018995568182648
530,12924.934051198645,0.8891319338779572,0.7153674694110512,0.9235310418257948,2.308827604564487
531,12942.036371152131,0.6575245712607707,0.6583824081922043,0.9195751009851875,2.298937752462969
532,12952.524094911201,0.48624792940009653,0.7594573934744963,0.8739578272769459,2.184894568192365
533,12977.949550408059,0.3595866362720483,0.7974261573018434,0.8461388533563311,2.1153471333908276
534,12989.137700582216,0.4331084020661051,0.7607768177795359,0.7575816398099386,1.8939540995248465
535,13008.043657199249,0.6431492242985826,0.7340423893109792,0.8342282184814432,2.0855705462036083
536,13035.95554101892,0.7145617479782225,0.7357854248422283,0.7731648722852853,1.9329121807132132
537,13060.469148330607,0.9043056815041778,0.7250542184091786,0.7512860837553004,1.878215209388251
538,13083.269244272302,0.6687457539921505,0.720431533836521,0.6855181675155958,1.7137954187889894
539,13088.490456565725,1.0,0.7247563042674122,0.6330159194422024,0.0
540,13094.958180788642,1.0,0.055308987501495405,0.5901197247395774,0.0
541,13103.053156358195,1.0,0.3050770302989259,0.6513020404820566,0.0
542,13180.205218582796,0.9043056815041778,0.2687640758731752,0.7057867433355193,1.7644668583387981
543,13193.414444913355,0.6687457539921505,0.0,0.6777414620704597,1.6943536551761493
544,13263.08677482625,0.8018564115015802,0.6797659093942542,0.7652411104896062,1.9131027762240156
545,13278.736543780824,0.9043056815041778,0.21132485396736045,0.8584160946192445,2.146040236548111
546,13298.939114136283,0.6687457539921505,0.6650785302521658,0.8991155283118889,2.2477888207797223
547,13320.924204091116,0.49454613924203666,0.6860737342186632,0.9005202360577473,2.2513005901443686
548,13347.808442337779,0.6719601019050333,0.7255810490171151,0.8417632796509129,2.104408199127282
549,13362.562780420105,1.0,0.7865342289690808,0.8745110516502403,2.186277629125601
550,13378.08311958733,1.0,0.766646238845393,0.8239144000167101,2.0597860000417754
551,13405.396402328599,1.0,0.66196215949098,0.7707738656683514,1.9269346641708784
552,13443.951564734027,0.9043056815041778,0.13759746099972475,0.7050429125582754,1.7626072813956886
553,13457.616513193128,1.0,0.6446159377093342,0.6875101404662657,0.0
554,13468.700511041601,0.9043056815041778,0.15897726398533096,0.6385701918960486,0.0
555,13473.79174753947,1.0,0.7092160200593474,0.6206826815207899,0.0
556,13483.753962158382,1.0,0.3541715744542375,0.6229079696730764,0.0
557,13493.079437934857,1.0,0.3270043032336445,0.6206356775642003,0.0
558,13500.06590056431,0.9043056815041778,0.1693221599803289,0.6685148209010344,0.0
559,13518.551998723598,0.6687457539921505,0.21049442086584158,0.7016282513717574,1.7540706284293937
560,13539.094344490162,0.6831167825546294,0.7514117038842769,0.7569014807211216,1.892253701802804
561,13560.069650244455,0.992879297458961,0.7031260010867136,0.8308579065811676,2.077144766452919
562,13572.007426624337,0.9043056815041778,0.6278675876854771,0.7871995133965584,1.967998783491396
563,13584.6915882571,0.6687457539921505,0.6009610736950198,0.7434440205082241,1.8586100512705603
564,13591.076152749356,1.0,0.7199703626355235,0.7061713319175772,0.0
565,13619.976278761635,0.9043056815041778,0.17599256300903393,0.6670392227852243,0.0
566,13627.482204766435,1.0,0.6666573406770508,0.6552455979772903,0.0
567,13632.81446101858,1.0,0.24219269967764498,0.62236820110082,0.0
568,13648.316725350785,1.0,0.05933883031325372,0.6668825968590751,0.0
569,13655.948759586641,0.9043056815041778,0.07307412391592114,0.7216813180887577,0.0
570,13666.9674971145,0.6687457539921505,0.7406737688673857,0.7756659915679641,1.9391649789199104
571,13685.747847405159,0.49454613924203666,0.7225112441175005,0.8095996426414069,2.0239991066035175
572,13720.548260683154,0.3657232698363789,0.6145840093605258,0.7854084931630778,1.9635212329076945
573,13745.401028286506,0.48049509575067983,0.6094040982591773,0.7001944076935454,1.7504860192338634
574,13762.482514550948,0.7626291534099224,0.29083569647030294,0.763992815847491,1.9099820396187275
575,13777.716099693138,0.7114826289684439,0.6538599102737008,0.8061272371601689,2.015318092900422
576,13794.50645743019,1.0,0.7676476776296588,0.8494942532211628,2.123735633052907
577,13805.194285812293,0.9043056815041778,0.6629753012614642,0.8031257130164012,2.0078142825410032
578,13816.599575182705,1.0,0.650643316851739,0.7497563843781749,0.0
579,13822.798984798683,0.9043056815041778,0.0,0.6958662964403629,0.0
580,13836.66377678908,0.6687457539921505,0.0,0.6262184430267227,0.0
581,13845.90643805972,0.49454613924203666,0.03573005846598175,0.5452350826154476,0.0
582,13863.846423041225,0.4363693813288732,0.0888447031519303,0.3994912213302087,0.0
583,13870.96837016685,0.45238739263773153,0.26934695182049545,0.33822424186122024,0.0
584,13883.880360907633,0.33454633115081805,0.0,0.09664913522502075,0.0
585,13890.132460367578,1.0,0.8235474743786747,0.04695476864390674,0.0
586,13896.332733871286,1.0,0.0,0.1728032463070914,0.0
587,13904.259396770705,1.0,0.0,0.2825997098918513,0.0
588,13932.366425788967,0.9043056815041778,0.0014053200473926053,0.38704675821233087,0.0
589,13942.748507895723,0.6687457539921505,0.6100578920041504,0.5203472434981725,1.3008681087454312
590,13949.898049258007,0.49454613924203666,0.733086513315844,0.5513617333631411,1.3784043334078526
591,13994.631385518367,0.3657232698363789,0.696941945221499,0.48411934206053303,1.2102983551513327
592,14015.289120151194,0.2704570908283893,0.6781405937919414,0.3539764357854343,0.8849410894635857
593,14020.679751289286,0.4620647271858211,0.6843282686734314,0.19662836786664792,0.0
594,14033.449985073172,0.8535302368046586,0.6586219345329436,0.49472192539366977,1.2368048134841745
595,14045.305603068968,0.7490514736856029,0.7317275478470756,0.5803630569089898,1.4509076422724745
596,14085.563092558856,1.0,0.7146294479266828,0.756140137950879,1.8903503448771974
597,14103.472587159484,1.0,0.7144709403010877,0.8536261419411401,2.1340653548528503
598,14142.754711351503,1.0,0.69299206902448,0.802981763872311,2.0074544096807774
599,14201.061418709274,0.9043056815041778,0.6368347872728913,0.7512970334737301,1.8782425836843253
600,14224.725695081246,1.0,0.7272053146140436,0.6904922559190614,1.7262306397976535
601,14287.206113243392,0.9043056815041778,0.6851575089494666,0.6548600335889277,0.0
602,14293.986741593562,1.0,0.7689926616928133,0.6047234526059032,0.0
603,14301.928483640944,1.0,0.29022548388359437,0.5738991757411527,0.0
604,14311.47820805623,1.0,0.09298688805096796,0.618307073401167,0.0
605,14318.171578520261,1.0,0.3331380367593343,0.682459923416267,0.0
606,14383.505685100703,0.9043056815041778,0.20766227433171788,0.7306048891884485,1.8265122229711213
607,14396.164094013806,0.6687457539921505,0.3283079417105508,0.7629444034654815,1.9073610086637038
608,14414.002610816584,0.49454613924203666,0.7659795888003904,0.8158653165513483,2.0396632913783708
609,14459.29175325478,0.3657232698363789,0.7418221252963567,0.8181699144194954,2.0454247860487387
610,14473.922941185414,0.2704570908283893,0.6433543720249271,0.73720899498903,1.8430224874725751
611,14491.700473562489,0.40443223372140125,0.7282465453474962,0.6402039182757492,1.600509795689373
612,14511.43458666413,0.6971780629672767,0.6631426375900475,0.8212795853078145,2.053198963269536
613,14531.881824851485,0.5155721996685084,0.6600978202973927,0.813733228785366,2.034333071963415
614,14544.897427061776,0.5189179492770155,0.7605294115232224,0.7916914097969158,1.9792285244922894
615,14555.745840811283,0.645236722061751,0.7383683724876459,0.9042173065743885,2.2605432664359713
616,14579.19304478235,0.6919384577313592,0.789301453790189,0.8767396199235359,2.1918490498088397
617,14590.747843577457,0.9043056815041778,0.7065687546310503,0.852598361149916,2.13149590287479
618,14616.45804809602,0.9236243106102975,0.7460285380675316,0.788152918970192,1.97038229742548
619,14629.254091032728,1.0,0.7778515715960092,0.7547368218488728,1.886842054622182
620,14809.999992925228,0.9043056815041778,0.734597693648053,0.7034391935701692,1.7585979839254229
621,14816.415033649964,1.0,0.7334658491601384,0.6460128876053681,0.0
622,14822.072234413674,1.0,0.41148389361377113,0.6019826406536405,0.0
623,14829.888845705509,1.0,0.2724933050515968,0.6478129348555706,0.0
624,14835.614211496544,1.0,0.25792448932660617,0.70385039324277,0.0
625,14943.17494245414,0.9043056815041778,0.4463738297903655,0.7661141574841906,1.9152853937104766
626,14977.529178709532,0.6687457539921505,0.48666573975593197,0.7957417743969403,1.9893544359923507
627,15004.293962122914,0.49454613924203666,0.8297365645234842,0.8431424566757019,2.1078561416892545
628,15021.189939691416,0.3657232698363789,0.779281044508976,0.8525695140567954,2.1314237851419886
629,15032.43163275554,0.2704570908283893,0.7399323315638492,0.8003056233935852,2.000764058483963
630,15037.537781863974,0.20000651862289462,0.8081058724055116,0.7236243782713381,1.809060945678345
631,15058.463974332251,0.147907408783868,0.8330129449409109,0.5835051075657213,1.4587627689143032
632,15089.15173201166,0.15602339113399072,0.8449058362877728,0.40749774209381245,1.0187443552345312
633,15100.788588727162,0.7962874977225172,0.7980540698540055,0.29491116291904096,0.0
634,15114.458530163629,0.9043056815041778,0.6171725155383582,0.6148608414297999,1.5371521035744997
635,15121.735981448164,0.6687457539921505,0.7263943630781343,0.6855358830985788,1.7138397077464471
636,15131.09172727785,0.49454613924203666,0.8796644758886734,0.7455506878289156,1.8638767195722892
637,15156.770274526445,0.7059356864022178,0.8588541327099575,0.727466249708302,1.8186656242707548
638,15209.002656682665,0.9043056815041778,0.7552435428123868,0.8474180513426892,2.118545128356723
639,15230.771312306559,1.0,0.7737992560490892,0.782345487047627,1.9558637176190674
640,15243.426500636593,1.0,0.7691312924338324,0.7478346599956829,1.8695866499892073
641,15255.783942787626,1.0,0.867633194214834,0.7007897051722178,1.7519742629305446
642,15263.452879733517,1.0,0.8023234368308504,0.6538661585190673,0.0
643,15323.007548915832,0.9043056815041778,0.5405266200965654,0.6118503285841494,0.0
644,15329.938234401947,1.0,0.8976171620054315,0.6569338331424469,0.0
645,15438.288271769494,0.9043056815041778,0.5352206549189973,0.7116911734683085,1.779227933670771
646,15472.116744814917,0.6687457539921505,0.7942729299473616,0.7538335299763643,1.8845838249409108
647,15484.250260748837,0.49454613924203666,0.9289938258734458,0.7989638493283261,1.9974096233208152
648,15498.36156009784,0.3657232698363789,0.7497709872310625,0.8010958289106214,2.0027395722765533
649,15517.759055385042,0.2704570908283893,0.8396165245747923,0.787564375456026,1.968910938640065
650,15541.769292169853,0.20000651862289462,0.8622862866054696,0.7269557113932202,1.8173892784830505
651,15561.731834189986,0.147907408783868,0.80123268503694,0.5974601208400984,1.4936503021002459
652,15568.512154511825,0.10937944284908938,0.7831022920065986,0.4144939659193219,1.0362349147983048
653,15579.395713752763,1.0,0.8881329141731539,0.2398752941803307,0.0
654,15623.16249517421,0.9043056815041778,0.45800233723388944,0.5197499765503836,1.299374941375959
655,15638.678221129132,1.0,0.9138272686303905,0.6866434457533489,1.7166086143833723
656,15664.005677877065,0.9043056815041778,0.8926987196065412,0.9213870255022115,2.303467563755529
657,15681.004569211702,0.9177414754345433,0.9492168639977487,0.857453334158755,2.1436333353968875
658,15713.480440818486,1.0,0.768987614392704,0.8432064239685023,2.1080160599212556
659,15724.805817104225,0.9043056815041778,0.8095077023460304,0.794422014704287,1.9860550367607175
660,15794.776526277892,1.0,0.8303223008984766,0.7322278143894457,1.8305695359736143
661,15805.696123080368,1.0,0.6208251317074992,0.6915721110786642,0.0
662,15811.39842877194,1.0,0.8035362818361772,0.6472414267928954,0.0
663,15917.418102767411,1.0,1.0,0.7031353503465653,1.7578383758664131
664,15922.818830905771,0.9043056815041778,0.7604043334824686,0.7544001861266583,1.8860004653166458
665,15931.711823751524,0.6687457539921505,0.9155646660050167,0.7849730903512987,1.9624327258782468
666,15965.462360929498,0.7028878877211224,0.8715556910708948,0.8178498474834581,2.0446246187086454
667,15991.980875978014,0.9043056815041778,0.8752320867641011,0.8769773782585504,2.1924434456463757
668,16093.86295356183,0.6687457539921505,0.9867803807238194,0.8146945914267495,2.0367364785668736
669,16112.107909531576,0.49454613924203666,0.9073251508810061,0.7507529093339985,1.8768822733349964
670,16265.112518054862,0.3657232698363789,0.9002908160920515,0.6924635176715024,0.0
671,16292.386311342594,0.8274008198365086,0.9012220695422217,0.6738523120986273,1.684630780246568
672,16303.717716574953,1.0,1.0,0.7074252754449845,0.0
673,16316.52798623788,1.0,0.9135312060699092,0.6548311996674981,0.0
674,16349.769926623136,1.0,0.9210954068090385,0.6183520357196038,0.0
675,16355.51477854231,1.0,0.9647733874052361,0.6049582073141503,0.0
676,16370.692057046084,1.0,0.628793640875505,0.6081611734144565,0.0
677,16377.345926788808,1.0,1.0,0.6707130134105682,0.0
678,16493.159087591725,0.9043056815041778,0.8118461186813755,0.7189223885080943,1.7973059712702357
679,16507.893531592807,0.6687457539921505,1.0,0.7582899883933693,1.8957249709834232
680,16521.80628057047,0.49454613924203666,0.9049830345360101,0.7886161967126838,1.9715404917817094
681,16540.10463712916,0.3657232698363789,0.8825350291140535,0.826970287349606,2.067425718374015
682,16633.437597168086,0.2704570908283893,0.9265998246881114,0.836219661442832,2.09054915360708
683,16672.11464704376,0.20000651862289462,0.9176033337285501,0.7938300051362082,1.9845750128405204
684,16696.4604041235,0.4382627664353087,0.979241354350777,0.7043346900798634,1.7608367251996584
685,16712.15769702136,0.8931557114698284,0.6084669537354216,0.951194522205126,2.377986305512815
686,16725.96423333434,0.6605002068612201,0.8723012522496032,0.8685163821921091,2.1712909554802726
687,16737.609491770676,0.4884484504340001,0.8112305432539311,0.8563780900219553,2.1409452250548884
688,16748.711880624858,0.3612139500533193,0.8942408802866171,0.8733752088733783,2.1834380221834455
689,16765.666242408606,0.26712239049420816,0.8221440137167555,0.8394006560689079,2.0985016401722696
690,16781.627544265128,0.19754046457177946,0.7816624019391514,0.7340624929724016,1.8351562324310038
691,16798.34729963861,0.3047877544367651,0.7501064000598391,0.5908286380009057,1.4770715950022641
692,16810.4814907909,0.5346964341699294,0.9751407194490613,0.7917167361142267,1.9792918402855666
693,16838.488878502852,0.39541493251608173,0.9186441905422913,0.7948724600393539,1.9871811500983847
694,16847.361057291637,0.2924144596165525,0.9362266227178493,0.7655855158575713,1.9139637896439283
695,16882.932538088633,0.7054767230783248,0.8534303203377465,0.654545657330681,1.6363641433267027
696,16903.056834623178,0.9043056815041778,0.6629104178833014,0.9689339495454133,2.4223348738635333
697,16918.685945266538,0.6687457539921505,0.9651409325282969,0.9228141751718724,2.307035437929681
698,16930.3188428329,0.49454613924203666,0.8164849661750878,0.8670502033185084,2.167625508296271
699,16949.62922692867,0.4602583948643315,0.8478409963839335,0.8213916607353897,2.0534791518384745
700,16961.196287609924,0.7211016927114331,0.852521038619731,0.8133988923829744,2.033497230957436
701,16987.71709345942,1.0,0.9754756642131039,0.7926309196623247,1.9815772991558118
702,17010.06093068171,1.0,0.8768319214772131,0.7396715954152219,1.8491789885380547
703,17063.30823910451,1.0,0.8269216669942459,0.6881742758374922,1.7204356895937307
704,17073.887369786953,1.0,0.8058393895919206,0.6375417955850691,0.0
705,17086.922825682603,0.9043056815041778,0.8285623245241848,0.588223471722266,0.0
706,17100.54933177341,1.0,0.895521484026566,0.5863587872421466,0.0
707,17108.51981822467,0.9043056815041778,0.9970918804715904,0.6146295634206373,0.0
708,17114.90840483048,1.0,0.8643463930422589,0.6387365513901605,0.0
709,17120.576937735474,1.0,0.652883065658274,0.6600064023646923,0.0
710,17155.48087490779,1.0,0.6754789495641436,0.6882135185465106,0.0
711,17167.862354059216,1.0,0.5564831555278528,0.7400001720430345,0.0
712,17184.14775194116,0.9043056815041778,0.5028817810516482,0.7880947601334075,1.9702369003335187
713,17211.49497109519,0.6687457539921505,0.8802509043605716,0.8288451281594504,2.072112820398626
714,17219.657089715136,0.49454613924203666,0.7896741763608424,0.8647074469838655,2.1617686174596638
715,17236.157837006056,0.3657232698363789,0.8412299358784063,0.9020449231803357,2.255112307950839
716,17260.382965758206,0.2704570908283893,0.9404135007014103,0.9112789737047706,2.2781974342619264
717,17271.326930709274,0.20000651862289462,0.8475971047716044,0.8165573765989733,2.0413934414974335
718,17299.4679021047,0.5286609845936788,0.8880303552951234,0.6926521473469722,1.7316303683674306
719,17311.652122845542,0.9043056815041778,0.3380235329624384,0.9006911248005763,2.251727812001441
720,17322.52122617464,0.6687457539921505,0.9521650274819236,0.9232949032041313,2.3082372580103283
721,17333.42974876882,0.49454613924203666,0.7286623836093369,0.8813057367990446,2.2032643419976115
722,17341.62758452389,0.3657232698363789,0.8477881526429716,0.8386865750693585,2.0967164376733964
723,17353.944968385676,0.2704570908283893,0.7612831583851236,0.7705744629364353,1.9264361573410882
724,17371.182375265966,0.6995285197489393,0.8473920085863702,0.660452644522647,1.6511316113066175
725,17420.01740117485,0.9043056815041778,0.7139749312310433,0.830990285697595,2.0774757142439877
726,17445.792079941497,1.0,0.8730566367063528,0.770133501232511,1.9253337530812775
727,17469.65491309931,1.0,0.8396809881230956,0.7347614436186937,1.836903609046734
728,17477.407485364427,0.9043056815041778,0.48898249565901153,0.6742404767670678,0.0
729,17484.214958267283,1.0,0.8557473921797124,0.6698109549795197,0.0
730,17490.538422324975,1.0,0.7935703706979446,0.6559533008375026,0.0
731,17495.792657519527,1.0,0.5140343548244112,0.6975672321572632,0.0
732,17596.014689017964,0.9043056815041778,0.4595226446380295,0.7525593221810422,1.8813983054526053
733,17618.92709681373,0.6687457539921505,0.5962599227612176,0.7891882696008494,1.9729706740021236
734,17657.071639957314,0.5530001141930684,0.8311291893631632,0.8316823228534583,2.0792058071336457
735,17677.656145647863,0.5111511569276792,0.6933735808620537,0.8768066103185489,2.1920165257963724
736,17690.788112972514,0.3780028952986089,0.7673656068489325,0.9025754493389552,2.256438623347388
737,17707.071255053273,0.27953803276698347,0.788029722433755,0.868414822241913,2.1710370556047827
738,17718.196165206376,0.20672199270195032,0.7484766498988945,0.7484590594755016,1.871147648688754
739,17726.246275586276,0.15287358876953705,0.8317027437793184,0.6000609191638356,1.5001522979095891
740,17748.036053262575,0.9756726199504172,0.7585498973064085,0.39462046906643056,0.9865511726660764
741,17769.62751860485,0.9043056815041778,0.5292664842300849,0.6924038960860761,1.7310097402151903
742,17793.08998927607,0.8386365727211555,0.8630252736803414,0.8643791884812186,2.1609479712030466
743,17803.064200759032,0.9043056815041778,0.6763212988172067,0.9587960733796427,2.3969901834491067
744,17819.59375899658,0.7490657210256254,0.8018072889539379,0.8980766014794525,2.245191503698631
745,17825.974780049186,0.6946616540461884,0.6638969325421019,0.915421486011252,2.28855371502813
746,17852.510269259943,0.5137112827067941,0.7935423173528234,0.8588270982544592,2.147067745636148
747,17902.736475528545,0.4863350672092183,0.7209473947030857,0.8016628267027159,2.0041570667567896
748,17926.066366486983,0.814556345579166,0.8024763258556032,0.7923434037190507,1.9808585092976267
749,17942.331574009473,1.0,0.7334277465441719,0.7631432676151784,1.907858169037946
750,17948.280981416618,1.0,0.6981985472975325,0.7120863797011016,0.0
751,17955.938284645115,1.0,0.7785971901105502,0.6753537038209326,0.0
752,17961.283179596714,1.0,0.5373452308836602,0.7181161568572069,0.0
753,18063.18155989365,0.9043056815041778,0.43131289425971725,0.7694345752269929,1.923586438067482
754,18095.81726593696,0.6687457539921505,0.318688372353861,0.7972388683490177,1.9930971708725442
755,18102.181853846763,0.49454613924203666,0.7126627587898486,0.8473018172184716,2.118254543046179
756,18131.856248706597,0.3657232698363789,0.7634855499520086,0.8620131951397816,2.155032987849454
757,18155.101926058283,0.2704570908283893,0.7259011927908126,0.806917234488767,2.017293086221917
758,18170.937893875845,0.20000651862289462,0.7615584315519239,0.6942788834621518,1.7356972086553797
759,18190.38661160493,0.2761073503587764,0.6442042552091004,0.48332553433949843,1.2083138358487462
760,18503.35390643861,0.4532415193357823,0.8138210671342845,0.5678314231422189,1.4195785578555473
761,18518.45834885158,0.3351779688971857,0.644788280480023,0.4638762934399463,1.1596907335998656
762,18527.909702439323,0.24786844550049472,0.7118757544479055,0.345460955088006,0.0
763,18536.42333829544,0.8761408424468455,0.6699717071418521,0.16102036802910435,0.0
764,18608.758707380348,1.0,0.2004363923847535,0.36098415181762783,0.0
765,18619.683487072816,0.9043056815041778,0.12030483027058106,0.47404158812054586,1.1851039703013646
766,18632.392871195465,0.6687457539921505,0.6590568370714653,0.6197450385461118,1.5493625963652797
767,18639.41827809485,0.49454613924203666,0.6493345098754344,0.6456776509876013,1.6141941274690033
768,18684.61309656743,1.0,0.8023980146923935,0.6250962917378906,1.5627407293447266
769,18695.28820958319,0.9043056815041778,0.05016955743705212,0.7393270646491306,1.8483176616228265
770,18708.104939991317,0.7918629045441659,0.6559220780036904,0.8355910730691727,2.088977682672932
771,18721.515579968465,0.9116931846423553,0.7613563779822672,0.908662504917685,2.2716562622942122
772,18777.871601466057,0.8518142546406224,0.6841540282362749,0.8590698860124064,2.147674715031016
773,18824.29974137335,0.6299276645408016,0.6783171533890939,0.8089064914498847,2.0222662286247117
774,18838.72129623969,0.7574157648118917,0.6340015286621095,0.746153391569637,1.8653834789240924
775,18868.22566210937,1.0,0.6508184198816411,0.7262862803694682,1.8157157009236704
776,18891.605365755127,0.9043056815041778,0.15276279867905324,0.6613445995898134,0.0
777,18898.796496826926,1.0,0.6898819265909854,0.6452566532683377,0.0
778,18904.77539890915,1.0,0.5453253631122523,0.6272156482223463,0.0
779,18918.004369459788,0.9043056815041778,0.39877163998778875,0.6645908059867185,0.0
780,18928.276561147646,0.6687457539921505,0.21219174845962668,0.6934988237493586,0.0
781,18945.964955940475,0.49454613924203666,0.6746779105073086,0.7458346317657503,1.8645865794143757
782,18962.411375897525,0.48628507867447485,0.7084167607264831,0.7526198152383695,1.8815495380959237
783,18979.237639903204,0.5878045387553433,0.6534792968480964,0.8512324710401252,2.128081177600313
784,18999.00219541579,0.4346890631231031,0.7599757186810749,0.8867231060054973,2.216807765013743
785,19013.5039442067,0.32145818744262544,0.7658658762199643,0.8612014295227318,2.1530035738068296
786,19037.62761027774,0.4193164267000837,0.6990697967074573,0.7617327975099859,1.9043319937749648
787,19078.513546795966,0.6621257019014013,0.6641051274579428,0.9175988439214247,2.293997109803562
788,19113.801708129653,0.8248519875076072,0.7527841425622829,0.9090457963136208,2.272614490784052
789,19144.827487501203,0.9043056815041778,0.6010173025525792,0.8822268295375997,2.205567073843999
790,19182.213759501166,0.7494546406495233,0.7830942110103786,0.82205990117227,2.0551497529306753
791,19227.780102333694,1.0,0.7056267604440903,0.7886713034039426,1.9716782585098567
792,19236.828681423856,0.9043056815041778,0.036956036417369,0.732450887259335,1.8311272181483376
793,19241.950850898542,1.0,0.6703335678724504,0.7117260835214497,0.0
794,19248.896192857315,1.0,0.16098229214997883,0.6996457698544637,0.0
795,19255.60481377393,1.0,0.13563355704007776,0.7513042853793175,0.0
796,19281.172014240507,0.9043056815041778,0.0,0.8004052966833115,2.0010132417082787
797,19292.660780911257,0.6687457539921505,0.6486808490218718,0.8569826999279603,2.1424567498199005
798,19329.32334025845,0.5700243310499019,0.7198880004192455,0.891305707931231,2.2282642698280775
799,19358.489949213108,0.5573364450080605,0.6653721415114399,0.9437804392878781,2.3594510982196955
800,19380.4312380642,0.412157513512756,0.7602923561851895,0.9849990497795597,2.462497624448899
801,19399.501656782897,0.35233888100540045,0.7021493659745648,0.9002273398391202,2.2505683495978004
802,19532.3687372787,0.3462745258690598,0.6606201473622266,0.8343100946345016,2.085775236586254
803,19554.816543422385,0.5417995308665904,0.6883809022286074,0.703304232112793,1.7582605802819826
804,19568.104902431154,0.9043056815041778,0.12264252279151938,0.8256028149995567,2.0640070374988917
805,19580.60354799521,0.6687457539921505,0.61872057864245,0.8979433887404998,2.2448584718512494
806,19623.866740740392,0.6570287634621396,0.7878993739428682,0.9191277480101256,2.297819370025314
807,19642.230167668247,0.9177220558349433,0.6521502313949662,0.8848821493169828,2.212205373292457
808,19655.40685456169,1.0,0.7003865505946811,0.8436002451901315,2.1090006129753287
809,19668.740003546212,0.9043056815041778,0.6763467877643211,0.7929683716326622,1.9824209290816555
810,19688.667790353968,1.0,0.68558214535816,0.7276161966641476,0.0
811,19693.867909689805,1.0,0.22074163119629947,0.6793001928900922,0.0
812,19700.75880200389,1.0,0.5724634253799956,0.6523415710320757,0.0
813,19705.778998418613,1.0,0.41108701230713396,0.6976901574961586,0.0
814,19751.540985260708,0.9043056815041778,0.25859425828712035,0.745788988148095,1.8644724703702376
815,19775.864883599454,0.7860996615685558,0.7312716668664098,0.7951715881878604,1.987928970469651
816,19799.569209550915,0.7951316625705681,0.7914769757282467,0.8516684113918191,2.129171028479548
817,19822.60963251317,0.5880101541818415,0.7060013604240951,0.8853617987264479,2.21340449681612
818,19831.358247933076,0.4348411183918451,0.7170480871481463,0.9182932471100193,2.295733117775048
819,19844.69520920124,0.36109830345391,0.6937725169214215,0.8317145669727269,2.0792864174318173
820,19859.323731009503,0.3364884736214903,0.7499068640896118,0.8173196418224381,2.043299104556095
821,19869.970403966236,0.3077704700948199,0.7280922289106028,0.7096388700206069,1.774097175051517
822,19885.400689259208,0.3372805927114425,0.774823109322922,0.7007895675128047,1.7519739187820118
823,19892.665414932195,0.24942336302095988,0.697264170117981,0.5683488071277273,1.4208720178193182
824,19992.11338046532,0.6737324822301735,0.6847664372979085,0.3921513502492586,0.9803783756231466
825,20005.03777498276,0.9043056815041778,0.3775497013300309,0.6173472229205487,1.5433680573013717
826,20061.99732224149,0.6687457539921505,0.7692714390829191,0.73719406567112,1.8429851641778
827,20069.791952417567,0.5828235851993104,0.864391563760396,0.7916623892458051,1.9791559731145127
828,20082.18640336376,0.8374320219754192,0.8165487424435894,0.8462763009489265,2.1156907523723163
829,20101.602965933398,1.0,0.8650153879636491,0.8184475701572486,2.0461189253931216
830,20112.022316851468,0.9043056815041778,0.7666145930323089,0.7654955343443909,1.9137388358609773
831,20117.36449262708,0.6687457539921505,0.8436943807698778,0.7021786923105169,1.7554467307762922
832,20126.23752110693,1.0,0.8586528079235574,0.6505341607230407,0.0
833,20133.022859914705,1.0,0.5444615910059791,0.6182956491746778,0.0
834,20151.319523571645,1.0,0.5984888770446842,0.6478531051815718,0.0
835,20164.141145296562,0.9043056815041778,0.4684421075104959,0.7007847359127325,0.0
836,20182.777929488886,0.7535670027709098,0.8562387736913741,0.74195555155755,1.8548888788938749
837,20194.443805107665,0.7068732580151237,0.8440664671191396,0.7921209761532119,1.9803024403830296
838,20214.231551218672,0.5963221371683491,0.860780375275609,0.8304054298508159,2.07601357462704
839,20223.97656393143,0.5722886462024792,0.7852101107306397,0.8814257216451264,2.203564304112816
840,20254.479164762844,0.42321485979081064,0.8864066095402685,0.8846415124804605,2.211603781201151
841,20272.119794991813,0.3129728655919989,0.820007242546938,0.8676767267339972,2.169191816834993
842,20298.228619675014,0.43083720312133195,0.8802118485416665,0.805777113998702,2.014442784996755
843,20315.07026823619,0.7059306232529239,0.7684613738898128,0.9375654693085589,2.3439136732713974
844,20336.36250612492,0.7673319206561414,0.949982334442727,0.874309261488651,2.1857731537216276
845,20358.63134647955,1.0,0.9165437458964136,0.8489732588127062,2.1224331470317654
846,20381.345184765134,0.9043056815041778,0.820426962569379,0.7960897433489986,1.9902243583724966
847,20435.94594322622,0.9711145477863122,0.8949541086586608,0.7326963220645349,1.8317408051613373
848,20470.020139803783,1.0,0.8094317206923559,0.6957598622459148,1.739399655614787
849,20479.79180393146,1.0,0.9207291054902409,0.6490987719186762,0.0
850,20487.237899813405,1.0,0.6831802354495531,0.6336319469771321,0.0
851,20495.621288020135,1.0,0.3825405548795465,0.6775847049376991,0.0
852,20541.94424562415,0.9043056815041778,0.5195952697593299,0.7377397113447938,1.8443492783619844
853,20562.543825575478,0.6687457539921505,0.7385138791239618,0.7763982047178658,1.9409955117946645
854,20580.393592787383,0.5476139359600606,0.9540644747307794,0.8168597728356156,2.042149432089039
855,20600.08780953013,0.4965389021945699,0.8782513065677908,0.8621172836711248,2.1552932091778123
856,20728.807155965165,0.3671969438279022,0.8974643566653397,0.902974768724469,2.2574369218111725
857,20741.107743323253,0.271546891815773,0.8600121437168453,0.8699749366268397,2.174937341567099
858,20775.728566462505,0.20081244055605896,0.8102244180910785,0.7562307635171069,1.8905769087927673
859,20818.69570536033,0.7790269277145447,0.9480384907854129,0.6819134464649604,1.704783616162401
860,20841.48532291345,0.9043056815041778,0.833640986114012,1.0,2.5
861,20864.563885771662,0.6687457539921505,0.829448192233827,0.9072770763178374,2.2681926907945935
862,20883.15815034002,0.694662422822238,0.892514760605835,0.8959709025989182,2.2399272564972956
863,20892.00772492401,0.8954692485727483,0.9233602330267254,0.8777006914427727,2.1942517286069316
864,20909.439615860138,0.8997482893951413,0.86306623168073,0.8150648876229676,2.037662219057419
865,20915.107965132982,0.9043056815041778,0.7660489213340332,0.7782171496652966,1.9455428741632417
866,20925.03555567674,0.857086402414186,0.9682024848382368,0.718652520960334,1.7966313024008351
867,20949.88525568064,1.0,0.9267193234522649,0.683037237958811,1.7075930948970275
868,20961.121128072064,1.0,0.8927656961209229,0.6320186172027633,0.0
869,20971.881908505722,1.0,0.8349014566148587,0.580282678070785,0.0
870,20977.43767623826,1.0,0.7857108690682272,0.5617910264319177,0.0
871,20984.490115680044,1.0,0.6476668063385136,0.6076497164092447,0.0
872,20991.657818099866,1.0,0.7937653403562286,0.6620326844160163,0.0
873,21036.592058160957,0.9043056815041778,0.6290095986657069,0.7132720677955522,1.7831801694888805
874,21059.31304239414,0.6687457539921505,0.8847907989103743,0.7547566557423823,1.8868916393559556
875,21070.306992769776,0.49454613924203666,0.9397378699562398,0.7892246591115105,1.9730616477787764
876,21092.607831051195,0.3657232698363789,0.9141122826539856,0.8279210426782393,2.0698026066955983
877,21111.707695361547,0.2704570908283893,0.943601236030684,0.8402505711618918,2.1006264279047295
878,21137.269292066198,0.20000651862289462,0.9016670408674934,0.791094251788119,1.9777356294702975
879,21178.638959688928,0.32930889523036944,0.9103231541981025,0.7056464230741234,1.7641160576853085
880,21205.220211035783,0.5975728972123254,0.7729968468475854,0.8894911977350799,2.2237279943376995
881,21229.435554606418,0.4419128906132878,0.9565860627832661,0.9469693673603363,2.3674234184008407
882,21297.501868657982,0.32680030135436966,0.8889177935798428,0.9197063989904523,2.2992659974761307
883,21303.912845706698,0.24167305193811317,0.9170253732128067,0.8544117809565265,2.136029452391316
884,21346.919074504658,0.17872034937247158,0.9217457572152106,0.7443865255350272,1.8609663138375678
885,21357.897671151168,0.13216601116121807,0.9307994130022001,0.6087710627626005,1.5219276569065012
886,21368.913786111454,0.11893349104696536,0.8295793534669365,0.412552380864682,1.031380952161705
887,21380.740341635603,0.4324697535711587,0.957141479385311,0.3106699114004108,0.776674778501027
888,21392.144200725106,1.0,0.970961157261929,0.8064846060125646,2.0162115150314115
889,21406.79221187898,1.0,0.9001712063088734,0.9589724795988444,2.397431198997111
890,21421.36514727519,1.0,0.9223285797621157,0.9127889086026902,2.2819722715067257
891,21435.612301693563,1.0,0.9128296116865043,0.8617848145324057,2.1544620363310143
892,21451.598309585628,1.0,0.9186906580928427,0.8121355792488865,2.0303389481222163
893,21463.01644468277,0.9043056815041778,0.8818333104484343,0.7610033397004249,1.9025083492510622
894,21475.648751421628,0.7437162797917045,0.9613606122318328,0.6977599230890199,1.7443998077225498
895,21484.219257971155,1.0,0.897465501020728,0.6606312478481025,0.0
896,21566.00493474643,0.9043056815041778,1.0,0.631353297829628,0.0
897,21571.167753492926,1.0,0.9870855793489994,0.6652008143602812,0.0
898,21676.368853157746,1.0,0.889018300368447,0.7259030777671734,1.8147576944179336
899,21689.443957982025,0.9043056815041778,0.8631548243462551,0.7751271853958748,1.937817963489687
900,21712.841770680625,0.6687457539921505,0.8656562007184578,0.810655129989904,2.02663782497476
901,21742.11919019197,0.49454613924203666,0.8604334788991762,0.8459642489294523,2.114910622323631
902,21755.239489000283,0.3657232698363789,0.9468141104186041,0.8919024623949788,2.229756155987447
903,21781.74481407776,0.2704570908283893,0.9422343534967905,0.8792159208657065,2.198039802164266
904,21793.093169327785,0.20000651862289462,0.8536825939197217,0.7901166861028964,1.9752917152572411
905,21811.054005121194,0.38437289963577737,0.8408596669331307,0.6660367719116076,1.665091929779019
906,21854.367300738035,0.7469569733028698,0.8936972520784692,0.9577019241748795,2.394254810437199
907,21867.412393670307,0.5523843480450529,0.8963666101615781,0.8960194825628062,2.2400487064070154
908,21879.164676641114,0.4084953737240728,0.8915033803544408,0.8368552170364144,2.092138042591036
909,21892.069425307003,0.30208761516240495,0.9788436845077114,0.7992271031602591,1.9980677579006478
910,21905.870821834047,0.22339770069501635,0.9589125473865528,0.7607251420224259,1.9018128550560647
911,21929.853416129114,0.4584758335185839,0.8610962010337224,0.6419716299606432,1.6049290749016079
912,21955.136941929995,0.9043056815041778,0.9973808821276358,0.8551339089401514,2.1378347723503786
913,21963.58679303014,0.6687457539921505,0.8855111268518061,0.7429461097101918,1.8573652742754796
914,21999.890645133884,0.8127297912965288,0.89897173765654,0.6857967556715061,1.7144918891787653
915,22013.234593328303,0.9043056815041778,0.7916501508151342,0.6631772956691455,1.6579432391728637
916,22021.576042665543,0.6687457539921505,0.9177049436223131,0.6013297038092534,0.0
917,22027.59642975791,1.0,0.9988775330111979,0.5422068563652596,0.0
918,22037.954746581396,1.0,0.7255161422801127,0.5111932396207438,0.0
919,22050.790061739935,0.9043056815041778,0.8041353824469368,0.5314571713607109,0.0
920,22057.265080699097,1.0,0.9385435561517816,0.569860204773341,0.0
921,22581.165409117733,0.9043056815041778,0.7381921490669245,0.6294788981716896,0.0
922,22599.457226921288,0.8251244847202029,0.8426880922563099,0.6675109466831441,1.6687773667078605
923,22613.04095970359,0.9010027704577589,0.7494280413957022,0.73073419529333,1.8268354882333249
924,22625.454934250512,0.6663032085307171,0.7381517791935612,0.7006190199684541,1.7515475499211353
925,22636.473239658193,0.4927398452645959,0.8084625590604715,0.7432851243984054,1.8582128109960137
926,22651.2018978893,0.36438749206501087,0.7892313856207973,0.7455959700970199,1.8639899252425498
927,22669.167939754887,0.5147622724990062,0.8252111603167114,0.7290241414065477,1.8225603535163692
928,22685.50529993917,0.8575688111739387,0.7959341621956251,0.8033303939233436,2.008325984808359
929,22707.059799998893,0.6341832335662687,0.8261922475953989,0.7394166597455024,1.848541649363756
930,22734.90734642499,0.5452703260678393,0.7854422481065073,0.7194587244362413,1.798646811090603
931,22751.444918829216,0.5412997452216625,0.7905912564950011,0.7070226472195081,1.7675566180487703
932,22775.060822484927,0.7000044107711907,0.7881262327755331,0.720631143082808,1.8015778577070198
933,22804.690662894405,0.9043056815041778,0.3283486225709079,0.6906063817672642,1.7265159544181605
934,22811.890031026524,0.6687457539921505,0.46274350370814377,0.6427854737125829,1.6069636842814572
935,22906.48993875029,1.0,0.8161710627313528,0.6750116567049123,1.6875291417622806
936,22917.12482019279,0.9043056815041778,0.4021808165531309,0.6397791742341163,1.5994479355852909
937,22923.644114952735,1.0,0.758771155919106,0.6021726329476844,0.0
938,22934.74390915631,1.0,0.4106709063060581,0.5997106790888552,0.0
939,22944.485044051973,1.0,0.3464718354116756,0.6339543303038572,0.0
940,22959.9248776542,0.9043056815041778,0.24686396429045443,0.686843493387592,1.7171087334689799
941,22983.904044581483,0.6687457539921505,0.6798181513768458,0.733527575710237,1.8338189392755924
942,23001.197099665438,0.49454613924203666,0.7849923602287457,0.771264183761413,1.9281604594035326
943,23012.734944813667,0.3657232698363789,0.7827955955327548,0.7924733801788973,1.9811834504472434
944,23032.54013250899,0.2704570908283893,0.6603916887224432,0.7238677403254823,1.8096693508137056
945,23044.488005043695,0.20000651862289462,0.34353534708789046,0.5079091497270143,1.2697728743175358
946,23072.918589429784,1.0,0.8060648243762631,0.4029722596751484,1.0074306491878708
947,23094.636216175168,0.9043056815041778,0.43275019142352356,0.6525073984628453,1.6312684961571133
948,23112.996739347134,0.6687457539921505,0.7427594911503205,0.7869619452894191,1.9674048632235477
949,23132.968841954236,0.49454613924203666,0.665055925421473,0.8415569843240531,2.103892460810133
950,23148.90703743339,0.3657232698363789,0.7524316806435114,0.8200030054449061,2.0500075136122655
951,23166.029530769905,0.2704570908283893,0.7028533503912008,0.702054289075053,1.7551357226876325
952,23200.19344810507,0.4743127734352595,0.6361964378631038,0.5179601897797482,1.2949004744493706
953,23221.616534526423,0.8867581702367379,0.3433996232662042,0.7475435557733585,1.8688588894333962
954,23262.957501805296,0.6557691423294761,0.6323266814468873,0.835239121637139,2.0880978040928473
955,23273.003144016573,0.5852706076799776,0.7378210517746734,0.8501893386734058,2.1254733466835147
956,23302.04878615991,0.6178910732500341,0.6651939618172215,0.9046884305845038,2.261721076461259
957,23317.527493908015,0.45693844472844247,0.6602570419005548,0.8599591286338522,2.1498978215846303
958,23344.91699344569,0.33791189306656055,0.6825649625761621,0.7523648292172943,1.8809120730432358
959,23356.411410460136,0.6175397353903818,0.7098705935587589,0.6377165021253157,1.5942912553132893
960,23366.072416633244,0.9043056815041778,0.6367925838390978,0.7840177636780705,1.9600444091951763
961,23384.5089315338,1.0,0.7907601943530942,0.723007556361861,1.8075188909046525
962,23393.267992727033,1.0,0.634003514143804,0.683934067744107,0.0
963,23400.078818722195,1.0,0.23910061840818647,0.6220869687745741,0.0
964,23406.712305512472,1.0,0.1802380079564406,0.6721862243856647,0.0
965,23480.436550907973,0.9043056815041778,0.23572593314477422,0.7279309308500954,1.8198273271252385
966,23500.616051146244,0.6687457539921505,0.6482962239990513,0.7763715969350666,1.9409289923376667
967,23512.44263651757,0.49454613924203666,0.7517371495242902,0.8125853928345718,2.0314634820864295
968,23537.48563664639,0.3657232698363789,0.729403879759791,0.8153162898961341,2.0382907247403352
969,23547.750137885174,0.2704570908283893,0.732859460104419,0.7656348174998433,1.9140870437496083
970,23577.70637758485,0.4850271515926219,0.7368152082032319,0.6656027813243294,1.6640069533108235
971,23866.23457574483,0.9043056815041778,0.14843820111993153,0.8078693180147591,2.019673295036898
972,23876.991832957134,0.6687457539921505,0.6496567598211797,0.8813560547618946,2.2033901369047366
973,23885.37515476152,0.49454613924203666,0.719072091780458,0.8239121350084121,2.05978033752103
974,23901.166293506005,0.3657232698363789,0.5993466407532841,0.7141419628607826,1.7853549071519565
975,23920.725876890232,0.7524389729940635,0.6863503277191161,0.655712570397545,1.6392814259938626
976,23945.941612597075,0.9043056815041778,0.08715873820615325,0.7372807519310138,1.8432018798275345
977,23967.841395335683,1.0,0.7282777742488111,0.7421279853879051,1.8553199634697628
978,23975.169620229484,1.0,0.6991996721032625,0.7068848541691402,0.0
979,23987.93782231958,0.9043056815041778,0.023665649619206322,0.6366188212717023,0.0
980,23993.933342142755,1.0,0.1432553279457552,0.6654870035655787,0.0
981,24070.4032436917,0.9043056815041778,0.09875276703525383,0.7407832952900684,1.851958238225171
982,24109.1469893359,0.6687457539921505,0.0,0.7246158838085272,1.811539709521318
983,24128.76433760558,0.49454613924203666,0.6574048588432784,0.8045955836891593,2.0114889592228984
984,24207.850503059737,0.3657232698363789,0.7189963900936303,0.8066508578654958,2.0166271446637394
985,24227.3407782755,0.39632365421474164,0.656258837999626,0.7294858737082867,1.8237146842707166
986,24244.252584913054,0.5342790150058856,0.6647913962494322,0.8095172511732986,2.0237931279332466
987,24265.068169545335,0.6759265609050119,0.711331122619498,0.7532279129235762,1.8830697823089404
988,24281.54258377048,1.0,0.7610089270828323,0.8937976063868687,2.234494015967172
989,24298.124917211637,1.0,0.6755941862451607,0.8412351522026261,2.1030878805065654
990,24317.501379726174,1.0,0.7522095950007734,0.7935336025786154,1.9838340064465385
991,24336.9256128221,0.9043056815041778,0.6263072496702392,0.7397565202414876,1.849391300603719
992,24343.83522686601,1.0,0.6504726265617103,0.6748522458585762,0.0
993,24355.432140729095,1.0,0.1884332038172305,0.6385503828986681,0.0
994,24369.81480137937,0.9043056815041778,0.07765346236749371,0.6866692608116852,0.0
995,24375.745801147554,0.6687457539921505,0.05782095546740472,0.6896306082546954,0.0
996,24390.116703488355,1.0,0.12657294787568915,0.6218683773480475,0.0
997,24402.963152122553,0.9043056815041778,0.0909291468271428,0.8058290854216793,2.014572713554198
998,24414.816212360136,0.6687457539921505,0.640889449152865,0.8971510549538276,2.242877637384569
999,24424.49951606361,0.49454613924203666,0.7242837512992356,0.92954342642376,2.3238585660593998
1000,24447.41490394485,0.3657232698363789,0.6133564096816726,0.893269062515651,2.2331726562891276
1001,24461.267240951456,0.2704570908283893,0.6461103396011788,0.7863320263639527,1.9658300659098817
1002,24474.535731002237,0.2606410051930236,0.6675963639244075,0.6145634346080312,1.536408586520078
1003,24540.357355850385,0.3070843882412441,0.6454253083103402,0.5231336533879867,1.3078341334699668
1004,24574.54124837243,1.0,0.6654260582605598,0.36478110187080476,0.9119527546770119
1005,24591.12661599027,0.9043056815041778,0.0519532940568849,0.4829358716490723,1.2073396791226807
1006,24605.869436826906,0.987451498178736,0.621557137387158,0.5971137558866895,1.4927843897167237
1007,24617.44063694279,0.9043056815041778,0.23041754942605755,0.7676452282762862,1.9191130706907156
1008,24634.50891245332,0.9809247440814206,0.7402146716337358,0.9030023406594212,2.257505851648553
1009,24648.996282026725,1.0,0.6539382850652732,0.9337644626606003,2.334411156651501
1010,24668.411115528175,1.0,0.6921539771936653,0.8849109215206069,2.212277303801517
1011,24764.88077030631,0.9043056815041778,0.8207279091289917,0.8387681276152148,2.0969203190380368
1012,24782.831803046873,0.8968047585727287,0.7593383145543489,0.7712972040500738,1.9282430101251846
1013,24832.62756274392,1.0,0.7148496887415786,0.7355917571144033,1.8389793927860083
1014,24839.50972035148,1.0,0.7025207378207633,0.6852218766603383,0.0
1015,24848.719697588458,1.0,0.1608142934289155,0.6263898997192643,0.0
1016,24854.430172247852,1.0,0.25330422322221013,0.6814567556468901,0.0
1017,24885.064029757556,0.9043056815041778,0.4429744587005557,0.7457094391499491,1.8642735978748728
1018,24918.848099292954,0.6687457539921505,0.7076278052397986,0.7853467773663397,1.9633669434158494
1019,24938.19321079491,0.49454613924203666,0.7190789630321305,0.8182806652781329,2.045701663195332
1020,24958.392026731904,0.4567330566759683,0.7872252021533086,0.8397280043341934,2.0993200108354833
1021,24981.520359929902,0.5076323545757856,0.7999199369637018,0.922262708882457,2.3056567722061425
1022,24989.96682065295,0.37540069542295157,0.868496982687571,0.9045531475479089,2.2613828688697724
1023,25006.263625020998,0.4294304539525775,0.8458619659778157,0.8715672903770678,2.1789182259426694
1024,25027.62689173579,0.7685854021289538,0.8103112755766217,0.925607005943868,2.31401751485967
1025,25048.029907589756,0.8655447308143702,0.798819201819815,0.8834947914154874,2.2087369785387185
1026,25076.009208195737,0.952054968991451,0.8722177810091956,0.8200845209134466,2.050211302283617
1027,25086.504558666456,0.9043056815041778,0.7548484430598892,0.7840945022973863,1.9602362557434658
1028,25147.47127175713,0.9844710566243727,0.8159388096091006,0.7202979776207139,1.8007449440517846
1029,25152.702974379357,1.0,0.8295467542375086,0.6863354278242497,0.0
1030,25158.582405619796,1.0,0.4269416479473851,0.6242572625346386,0.0
1031,25171.129492496035,1.0,0.7749093831591418,0.6513957280732662,0.0
1032,25176.89992713605,0.9043056815041778,0.470956511133523,0.6967716603933657,0.0
1033,25285.14969344543,0.6687457539921505,0.724798523774806,0.7375366002326275,1.8438415005815687
1034,25350.03435807085,0.49454613924203666,0.8624177745606763,0.7789838769306777,1.9474596923266942
1035,25380.122708589657,0.3657232698363789,0.8422100671216075,0.8137917208823802,2.03447930220595
1036,25389.286981011068,0.2704570908283893,0.8724221892665162,0.8052510445376515,2.013127611344129
1037,25414.05167879089,0.30269787300545636,0.7482728903487682,0.708308388819075,1.7707709720476874
1038,25434.680523420815,0.4211811817684036,0.8622054228129911,0.8197365745328626,2.0493414363321567
1039,25454.198553562626,0.31146893437682643,0.8115818356871913,0.7725191085996007,1.9312977714990018
1040,25463.227799599365,0.2303353076566955,0.77695871118198,0.6521921713231394,1.6304804283078487
1041,25487.593457180796,0.7438900750378894,0.8830212246318585,0.5328302030159336,1.332075507539834
1042,25510.8364039992,0.9043056815041778,0.7261488376034421,0.8730346122079895,2.182586530519974
1043,25531.26595211286,0.6687457539921505,0.8329534131836,0.9231967619307759,2.30799190482694
1044,25546.527426521698,0.49454613924203666,0.8045522407704644,0.8905076040266704,2.2262690100666758
1045,25584.744416041973,0.3657232698363789,0.8567193947209226,0.8802957657787013,2.2007394144467534
1046,25613.79328761261,0.2704570908283893,0.8812669271258411,0.872206554465017,2.1805163861625427
1047,25619.35991211546,0.20000651862289462,0.8455229588214532,0.7688309471817738,1.9220773679544345
1048,25626.45455619183,0.147907408783868,0.8423246469767061,0.6427892305690158,1.6069730764225396
1049,25706.321082919676,0.996813480567953,0.876598712866546,0.49819894245700597,1.2454973561425149
1050,25722.167421826874,0.9043056815041778,0.6450206201082189,0.8235928252720379,2.058982063180095
1051,25737.000900940457,0.6687457539921505,0.9235911631502569,0.9199955555640249,2.2999888889100624
1052,25765.030169764756,0.8453795138676278,0.9958020146789124,0.888162763229787,2.2204069080744677
1053,25794.31611975229,0.9043056815041778,0.87770019143743,0.865946062799237,2.1648651569980926
1054,25809.55818679473,0.8985891673525008,0.9549444788072101,0.8152932286303796,2.0382330715759487
1055,25828.048387400348,1.0,0.8457174675707972,0.7776456301030593,1.9441140752576482
1056,25852.847346797418,1.0,0.8291786819408264,0.7271494546058378,1.8178736365145944
1057,25864.69443670006,1.0,0.9689914318869699,0.6813438252457944,1.703359563114486
1058,25870.303056962817,1.0,0.8634489304695941,0.628177538235163,0.0
1059,25885.784656006606,1.0,0.8034463673918719,0.5787355283516831,0.0
1060,25891.005406809953,1.0,0.9501392928068548,0.5594119986290502,0.0
1061,25901.779885222695,1.0,1.0,0.5611315160989762,0.0
1062,25912.00050689164,1.0,0.792378218976858,0.6049028744963967,0.0
1063,25917.603441645708,0.9043056815041778,0.7928764894454956,0.6549178345316075,0.0
1064,25946.419390631305,0.7454803794318767,0.9305005542225546,0.6934173446778416,1.7335433616946039
1065,25960.295094028403,0.6849349197261079,0.8485560106840314,0.7420331592096339,1.8550828980240848
1066,25971.648593707545,0.5065182368045014,0.8719317917080848,0.7808966320336032,1.9522415800840078
1067,26210.800272070002,0.374576790913412,0.9613053094173349,0.8235426931390052,2.058856732847513
1068,26220.649455680115,0.2770043842372924,0.9365590600247854,0.814144249781299,2.035360624453247
1069,26243.403465877338,0.27589985747093604,0.930392347791806,0.7583824470651694,1.8959561176629236
1070,26258.97543250162,0.33879677225832433,0.9193960143692599,0.7981771568159871,1.9954428920399678
1071,26287.79517749183,0.2505445974165908,0.9374652114100723,0.7679922465316994,1.9199806163292485
1072,26294.991400338782,0.18528097205949468,0.8273161582189356,0.6630747360700694,1.6576868401751734
1073,26349.42924236578,0.8363319100359843,0.918262173681103,0.5514223564991917,1.3785558912479792
1074,26368.49609489314,0.9043056815041778,0.6329432633663883,0.8744581961311146,2.1861454903277866
1075,26386.07067253216,0.6687457539921505,0.9199738732632079,0.9190883865571553,2.2977209663928884
1076,26399.649017020278,0.49454613924203666,0.8958689738365466,0.9020280248470722,2.2550700621176807
1077,26416.459971965414,0.5781323728933241,0.9656326231713708,0.9169038133869868,2.292259533467467
1078,26439.116058403775,0.964555341378775,0.9326783502827246,0.9500218612711295,2.375054653177824
1079,26449.20035269774,0.9043056815041778,0.8620356987561646,0.8950110639630294,2.2375276599075735
1080,26476.5024478927,0.9229779928877557,0.9570048249598518,0.8322309020911363,2.0805772552278405
1081,26502.986336957856,1.0,0.9256926257984746,0.7969207479608977,1.9923018699022443
1082,26517.542876870797,1.0,0.9114876932926296,0.7464945880584433,1.866236470146108
1083,26559.33145697286,0.9043056815041778,0.8968488142627677,0.6960554097600744,1.740138524400186
1084,26572.17410376735,1.0,0.9195385230181856,0.6311068653324217,0.0
1085,26588.416387333324,1.0,0.9338817835815819,0.5971663750143359,0.0
1086,26694.117665702277,0.9043056815041778,0.7936041217429645,0.5898839355421777,0.0
1087,26709.314151578936,0.6687457539921505,0.9060574875348311,0.6281684550714239,0.0
1088,26715.1628446281,1.0,0.8734593003286044,0.6649524651331281,0.0
1089,26720.57292059804,1.0,0.7513780931101863,0.695246049470226,0.0
1090,26784.426572578257,0.9043056815041778,0.5814810616308381,0.7447793039664775,1.8619482599161938
1091,26803.522435446594,0.6687457539921505,0.8891751495213411,0.7914934561781826,1.9787336404454563
1092,26817.117517720853,0.49454613924203666,0.8065193047386299,0.8197130845859685,2.049282711464921
1093,26828.85888122017,0.3657232698363789,0.8767005859898649,0.8618187747691101,2.154546936922775
1094,26845.089180357,0.2704570908283893,0.8564435860823791,0.8467980164760582,2.1169950411901457
1095,26893.02272155927,0.20000651862289462,0.8807904439403129,0.790488443838444,1.97622110959611
1096,26900.23478060847,0.147907408783868,0.8830032885716337,0.6810661096045282,1.7026652740113204
1097,26986.940650457687,0.8337539440687928,0.9643605236137502,0.5443264416790278,1.3608161041975695
1098,27016.663111123304,0.9043056815041778,0.8020882569954402,0.9067121764246646,2.2667804410616617
1099,27025.04937244813,0.6687457539921505,0.8925906054660641,0.9210891551370152,2.302722887842538
1100,27037.459420041097,0.5656002653314034,0.8671467544731829,0.8830511378223982,2.2076278445559954
1101,27063.331469077515,0.5453343217143022,0.8909210104670611,0.8582790245069659,2.145697561267415
1102,27100.18644311675,0.7828339696219211,0.9701951803405384,0.8550327311209801,2.13758182780245
1103,27151.35438093899,0.9043056815041778,0.9549621871190781,0.8378182873854693,2.094545718463673
1104,27181.48584243686,1.0,0.8787805565203749,0.769903602732994,1.924759006832485
1105,27192.061372138134,0.9043056815041778,0.7159680015687663,0.7306484378702632,1.826621094675658
1106,27265.44785844939,0.6687457539921505,0.8151099473339452,0.6679934605870801,0.0
1107,27275.172918352044,0.49454613924203666,0.8887919758372039,0.6760733526921058,0.0
1108,27280.464248748307,1.0,0.8839839643576048,0.6324257730440115,0.0
1109,27290.193115707236,1.0,0.8660852721498223,0.6178096627923209,0.0
1110,27295.58827039876,1.0,0.784270666531488,0.6347384762542195,0.0
1111,27301.057552517945,1.0,0.7140866861072475,0.6832808162369579,0.0
1112,27394.766116306964,0.9043056815041778,0.5267495978827434,0.7270128679214942,1.8175321698037354
1113,27422.149142275,0.6687457539921505,0.6189061449153129,0.7663478344073575,1.9158695860183939
1114,27449.1398309939,0.49454613924203666,0.6132426842658507,0.8026910253268851,2.0067275633172126
1115,27464.911605915797,0.3657232698363789,0.8368548014564745,0.8448435089203167,2.112108772300792
1116,27476.69996607446,0.2704570908283893,0.7730692105496014,0.8048724794224391,2.012181198556098
1117,27498.888063827388,0.448030698679478,0.9173412272657477,0.7639874452393641,1.9099686130984104
1118,27524.054596478407,0.9377159553567866,0.922078794195407,0.9815359167885995,2.453839791971499
1119,27547.442057750977,0.9043056815041778,0.775733810388954,0.9294704663264727,2.3236761658161815
1120,27565.609227776138,0.855058166052359,0.8600438329509436,0.8663705313405635,2.165926328351409
1121,27609.49148469871,0.9043056815041778,0.7579059773029726,0.8289356074840657,2.0723390187101645
1122,27629.79704846428,1.0,0.8139381952857485,0.764987338348139,1.9124683458703475
1123,27650.601354088045,0.9043056815041778,0.8064512225834386,0.7303919410223232,1.825979852555808
1124,27655.73990012379,0.6687457539921505,0.7455761010013573,0.6629364516471891,0.0
1125,27678.93539583625,0.49454613924203666,0.8113760213535992,0.6532158222003277,0.0
1126,27694.888555553895,0.3657232698363789,0.8151129125472716,0.6298236258442176,0.0
1127,27700.92083334364,0.589410436230988,0.8038483298124334,0.589199508616274,0.0
1128,27716.944514462484,0.9043056815041778,0.8093422144910127,0.6422127153326922,0.0
1129,27722.554016779417,1.0,0.7644287981791433,0.5752360771227999,0.0
1130,27727.96235136691,1.0,0.6370057312798447,0.5370425969174588,0.0
1131,27733.203727725577,1.0,0.41741996726034275,0.4804550119777823,0.0
1132,27738.47391825104,1.0,0.3663302939418339,0.5323962661781173,0.0
1133,27744.06907604726,1.0,0.2943581762021374,0.5843536090689201,0.0
1134,27750.00025043861,1.0,0.49125148831922566,0.6469139678640075,0.0
1135,27770.559717179953,0.9043056815041778,0.2889901170684364,0.6908581762282477,1.7271454405706193
1136,27777.842910867064,0.6687457539921505,0.7716528736096679,0.739888810155573,1.8497220253889324
1137,27806.65078665349,0.49454613924203666,0.7214720346659369,0.7646803201888744,1.911700800472186
1138,27841.209774317438,0.3657232698363789,0.3817521021590457,0.6747162361435027,1.6867905903587568
1139,27876.346999004258,0.4835083437926707,0.6813931409650501,0.6185641870326053,1.5464104675815133
1140,27883.177992133984,0.7708038453823836,0.27883518543960945,0.7254148514837748,1.813537128709437
1141,27907.256985367996,0.5700194185475873,0.7236870212679919,0.7804517649451416,1.951129412362854
1142,27963.15943955268,0.421536736574194,0.7192445465515055,0.8130533290749579,2.0326333226873947
1143,27980.26477180355,0.4187670678225774,0.7394516462712185,0.7434554784401926,1.8586386961004813
1144,27991.078525503875,0.5126165724625985,0.7503370172742905,0.8169861776108843,2.042465444027211
1145,28011.576107220364,0.37908658905046216,0.641477219364067,0.7306686406643941,1.8266716016609852
1146,28024.73278491914,0.45364615946617587,0.7366636111213704,0.690469846498174,1.726174616245435
1147,28041.10478333427,0.6700255215525592,0.6940904322073466,0.8387987717254348,2.096996929313587
1148,28058.808815779208,0.733459883501844,0.7320819558590682,0.825690142991319,2.0642253574782976
1149,28103.600338863434,0.9043056815041778,0.723808690466072,0.825428307664833,2.0635707691620824
1150,28128.45159359432,0.8772660831348424,0.7294015350380919,0.7599668573040355,1.8999171432600885
1151,28153.59133554252,1.0,0.7897875432559761,0.727407649436167,1.8185191235904175
1152,28161.529500507186,0.9043056815041778,0.7711683104193257,0.6768490605218151,1.6921226513045378
1153,28176.104571620937,1.0,0.8568583344359597,0.6358199254519884,0.0
1154,28185.189095120437,0.9043056815041778,0.5074726992107355,0.6138090812545354,0.0
1155,28218.60096236404,1.0,0.7449059110087727,0.655302865856017,1.6382571646400426
1156,28241.08338361214,0.9043056815041778,0.21031701955105736,0.704894434573764,1.76223608643441
1157,28246.790433738202,1.0,0.7641419595743798,0.6706828800608422,0.0
1158,28298.670517955612,0.9043056815041778,0.21005968812386225,0.7193757238064422,1.7984393095161055
1159,28305.261416379537,0.6687457539921505,0.07651158771117827,0.7002794514377377,0.0
1160,28327.604628107474,0.49454613924203666,0.26220874218508333,0.6677807404436372,0.0
1161,28353.114419089063,0.871640044771221,0.7620421646371025,0.6964524808607757,1.7411312021519394
1162,28365.55784800224,1.0,0.6860836273623362,0.9117209209068374,2.2793023022670935
1163,28390.3119250085,1.0,0.7578325686884698,0.8606149428537716,2.151537357134429
1164,28403.02936703783,0.9043056815041778,0.6088958919714788,0.8061468305647531,2.015367076411883
1165,28408.265235553506,1.0,0.689128564317055,0.7429245750705288,0.0
1166,28413.516206349184,1.0,0.30660883244070736,0.6970781948018392,0.0
1167,28422.025828492435,1.0,0.2416047746239834,0.7207022207395418,0.0
1168,28433.714580918066,0.9043056815041778,0.18409328141781958,0.7739612211246375,1.9349030528115938
1169,28447.01561290756,0.6687457539921505,0.5990902399470641,0.8189674648614927,2.047418662153732
1170,28453.827566765758,0.49454613924203666,0.7908811108162952,0.8604103146544879,2.15102578663622
1171,28915.568777065015,0.3657232698363789,0.7129547315510936,0.8588370795999278,2.1470926989998196
1172,28931.976326453907,0.48022623226648214,0.7351572021904926,0.8065242080230169,2.016310520057542
1173,29042.44228342019,0.7618997490809956,0.7202852070725618,0.9256141552468073,2.314035388117018
1174,29088.911480005932,0.901281805621559,0.6302717391983935,0.8597457343153446,2.1493643357883614
1175,29097.719954983055,0.9043056815041778,0.21478917247264315,0.819897776504872,2.0497444412621797
1176,29104.671272168653,0.6687457539921505,0.7030384115546302,0.7689160181951377,1.9222900454878442
1177,29135.720148796674,0.49454613924203666,0.7085971238846638,0.7601873654132667,0.0
1178,29151.796412037147,1.0,0.717907924533314,0.6967637710481104,0.0
1179,29182.565282363514,0.9043056815041778,0.35943852804626214,0.7024546563570747,0.0
1180,29200.91551554578,1.0,0.6339000607332458,0.6450592667599196,0.0
1181,29207.381345486516,0.9043056815041778,0.09480359719681297,0.5945155844714323,0.0
1182,29215.64046368341,1.0,0.6064370784949982,0.5684645223305442,0.0
1183,29222.658561667344,0.9043056815041778,0.22190622080670996,0.6175104697588948,0.0
1184,29239.973135679953,0.6687457539921505,0.10878839963631154,0.6313358629300563,0.0
1185,29248.124737425635,1.0,0.6094105132387063,0.6914459020490052,0.0
1186,29253.57599209499,1.0,0.0,0.7034158803522587,0.0
1187,29354.74686218614,0.9043056815041778,0.18615969953536599,0.7643064284192498,1.9107660710481245
1188,29379.030237579682,0.6687457539921505,0.17034484336118103,0.7884182353113388,1.971045588278347
1189,29388.890776837266,0.49454613924203666,0.6519977125958738,0.8471231882452881,2.11780797061322
1190,29414.980627120753,0.5665028681889097,0.6610634019895607,0.831576714844742,2.078941787111855
1191,29433.98669601391,0.8054287472021723,0.6960674381958875,0.9783598832370058,2.4458997080925147
1192,29447.947904156797,0.5956249815203463,0.6953794203963247,0.9345499530959999,2.3363748827399995
1193,29475.974190206405,0.749844257948883,0.7784321825089459,0.9161294007746844,2.290323501936711
1194,29499.31305544412,1.0,0.7558916665916713,0.8966931045686866,2.2417327614217166
1195,29547.933518099657,1.0,0.7705568857570312,0.8471330492292742,2.1178326230731854
1196,29572.675539812684,0.9043056815041778,0.704924132353464,0.7951640546768981,1.9879101366922454
1197,29581.686416028802,0.6687457539921505,0.6697475787862488,0.7284795223536982,0.0
1198,29601.157975048176,0.6542127702037469,0.6654991480579711,0.7414436286147,1.8536090715367501
1199,29627.42673105851,0.7857326965394329,0.779229524839189,0.7518240238566264,1.879560059641566
1200,29656.012307958274,0.581059497170837,0.733912396838163,0.7054325376211364,0.0
1201,29661.96660006553,0.6136051862963162,0.7041890101577628,0.6747054915156169,0.0
1202,29667.80803041457,1.0,0.7442380112770041,0.6532910385197848,0.0
1203,29674.11672856505,1.0,0.07564227555641248,0.601209888871882,0.0
1204,29685.149341671207,1.0,0.12235929268581613,0.6552147090133862,0.0
1205,29694.333080903594,0.9043056815041778,0.32117352283288303,0.7186703937547573,0.0
1206,29719.049344430412,0.6687457539921505,0.1572346172132501,0.7307703722017718,1.8269259305044294
1207,29731.223625122275,0.49454613924203666,0.6431954291198071,0.7924877322388076,1.9812193305970192
1208,29749.379403826748,0.3657232698363789,0.763951478217479,0.8112331655389751,2.0280829138474377
1209,29771.618537604256,0.5043195158020441,0.8304804935152965,0.7923226538216058,1.9808066345540145
1210,29786.582492964448,0.8272628286428948,0.7056344997061973,0.9130798550671908,2.282699637667977
1211,29800.62303511198,0.6117715672981936,0.7037897179908118,0.8487268168000232,2.1218170420000577
1212,29828.298445756893,0.45241299088520665,0.7694560015940803,0.8029536697028633,2.007384174257158
1213,29840.836030887196,0.4679020150842554,0.7328594885460799,0.7276551062430292,1.819137765607573
1214,29852.04188647754,0.7517152193987753,0.8164658755002592,0.7744068680525016,1.936017170131254
1215,29874.35552890476,0.8388433731031021,0.7512937584648156,0.7382822608888062,0.0
1216,29880.34545959904,1.0,0.8135145280181474,0.675651041246599,0.0
1217,29886.939225914077,1.0,0.358698392342149,0.6308477507475345,0.0
1218,29953.27765572909,0.9043056815041778,0.3646633422085134,0.5998439928901433,0.0
1219,29959.85239854552,1.0,0.7948513179651538,0.6493380888925011,0.0
1220,29969.853273820132,1.0,0.5560813277971799,0.6805884875757225,0.0
1221,30000.522640962085,0.9043056815041778,0.5078954642772491,0.7291429235695127,1.8228573089237818
1222,30008.753769903287,0.6687457539921505,0.720031580516303,0.7746138081195293,1.9365345202988231
1223,30037.310504045494,0.5561983166110236,0.7871014060307384,0.8103318887682424,2.025829721920606
1224,30055.933262742645,0.5198276147791511,0.7024732821862263,0.8594704637972629,2.1486761594931574
1225,30080.728666561477,0.3844192481608538,0.7122169045450996,0.8725082843243934,2.1812707108109834
1226,30106.042118449277,0.2842830087419263,0.7965431012321724,0.8325172577115841,2.0812931442789604
1227,30149.22174807504,0.21023096383962986,0.8398529921307984,0.7524602713733375,1.8811506784333436
1228,30175.55100186881,0.6001091500440865,0.8272481667113482,0.6227349279862683,1.5568373199656707
1229,30185.71555606009,0.9043056815041778,0.43427920288716154,0.8489202362515811,2.122300590628953
1230,30201.314526394344,0.6687457539921505,0.8188637857113319,0.931735452628355,2.3293386315708875
1231,30214.392618108068,0.49454613924203666,0.780115052966083,0.9039144982616806,2.2597862456542015
1232,30232.277963505752,0.6859242770598292,0.8113546564534452,0.847691517411478,2.119228793528695
1233,30242.98251197004,0.9043056815041778,0.7699424144568754,0.8441863581014695,2.1104658952536735
1234,30262.260400555464,0.8678947090268319,0.7520692389026414,0.7780209271263943,1.9450523178159855
1235,30274.980799028428,1.0,0.8819406458677199,0.7475462812520041,1.8688657031300102
1236,30286.1908024016,1.0,0.8698263924612728,0.6971828417234662,0.0
1237,30291.2297788597,1.0,0.6984749560340928,0.6420422866331218,0.0
1238,30300.262838753944,1.0,0.7395845067514171,0.6857144974856104,0.0
1239,30315.310656375652,0.9043056815041778,0.4574624396581697,0.732163018281487,1.8304075457037174
1240,30338.138422187196,0.6687457539921505,0.7613748155188587,0.7722058415607141,1.9305146039017853
1241,30364.779161634724,0.49454613924203666,0.8169729842859624,0.8108489505884813,2.027122376471203
1242,30370.248013309094,0.3657232698363789,0.8636574594469253,0.8537021964224045,2.1342554910560114
1243,30379.45322869924,0.2704570908283893,0.851906821559604,0.8367634515651345,2.0919086289128366
1244,30393.188595391726,0.20000651862289462,0.9334095793221082,0.7895469148745128,1.973867287186282
1245,30415.173924735816,0.3394726086081937,0.8586690063821175,0.6771904893543577,1.692976223385894
1246,30436.716145774957,0.625146208470565,0.8188936679766634,0.8714563401911467,2.178640850477867
1247,30470.566991208398,0.46230371111192753,0.9084617152204225,0.8711834277353955,2.1779585693384886
1248,30482.357928943267,0.3418795769884666,0.828253175460659,0.825025742730682,2.062564356826705
1249,30506.57295796251,0.44919030829189865,0.7947479806246235,0.7376745145503347,1.844186286375837
1250,30520.353664956227,0.7129673007773992,0.8344733387768887,0.9450838021137898,2.3627095052844744
1251,30535.582195985135,0.669512402308458,0.9598739213725579,0.8640415951006559,2.16010398775164
1252,30549.66793400307,0.7618345170233997,0.875008852699926,0.8322598138141489,2.080649534535372
1253,30562.981520786423,0.91117341994953,0.9383877457511701,0.7689699564739633,1.9224248911849082
1254,30608.352348024157,1.0,0.9747181221322057,0.7426795878430711,1.8566989696076777
1255,30622.253159234988,1.0,0.659657157290497,0.6832277468360477,0.0
1256,30633.416185471186,0.9043056815041778,0.8939699436943267,0.6402571186119795,0.0
1257,30638.42444117883,1.0,0.8482916420730481,0.5874524396003671,0.0
1258,30669.927468172402,1.0,0.5418016335241245,0.5794324790005162,0.0
1259,30675.71634571597,0.9043056815041778,0.6621329486741077,0.6355289465972679,0.0
1260,30681.320512088067,1.0,0.9593379755376685,0.6774665623607466,0.0
1261,30725.493125447676,0.9043056815041778,0.6406920723303012,0.7323992279716959,1.8309980699292396
1262,30752.06081835153,0.6687457539921505,0.6942131035918553,0.7698760832949436,1.924690208237359
1263,30771.584937798645,0.49454613924203666,0.8736525491112992,0.813946536317073,2.0348663407926826
1264,30791.890193961364,0.3657232698363789,0.8758625166433325,0.8516063864682064,2.129015966170516
1265,30813.05665022585,0.2704570908283893,0.8387858001266713,0.8322402080407981,2.0806005201019953
1266,30825.792994266212,0.20000651862289462,0.8706818698089502,0.7740537162291785,1.9351342905729463
1267,30850.3322644706,0.147907408783868,0.8960671649110745,0.6764945762628032,1.691236440657008
1268,30861.376683949675,0.10937944284908938,0.897974577753909,0.515511252720259,1.2887781318006475
1269,30909.73675004355,1.0,0.951067766097127,0.3564065834229683,0.8910164585574208
1270,30917.83719674463,0.9043056815041778,0.613940722400968,0.6888162842168266,1.7220407105420665
1271,30948.175008855942,1.0,0.9666584877407989,0.8224370228466968,2.056092557116742
1272,30962.908891904735,1.0,0.9174704194485614,0.8913389294543405,2.2283473236358513
1273,30987.048365997904,1.0,0.8680714157513599,0.8360420953258948,2.090105238314737
1274,31011.328345887614,0.9043056815041778,0.8283618729956205,0.8034250945326732,2.008562736331683
1275,31036.7780486455,1.0,0.8686948862268546,0.7390058492471822,1.8475146231179553
1276,31055.88852025829,0.9043056815041778,0.8072303579882005,0.7027911252311462,1.7569778130778655
1277,31062.51802132437,1.0,0.9125915908415804,0.6502934511460614,0.0
1278,31134.747988549105,1.0,0.6834664118939613,0.6510682747518239,0.0
1279,31159.721338923915,0.9043056815041778,1.0,0.7105642944574356,0.0
1280,31243.872465542176,0.9577446623776378,0.8680284366357783,0.7409759356389126,1.8524398390972816
1281,31304.114314199516,0.9043056815041778,0.9154061208937935,0.7845884058418432,1.961471014604608
1282,31312.045118631642,0.6687457539921505,0.9557183362163661,0.8201685604609409,2.0504214011523523
1283,31331.46086006162,0.49454613924203666,0.8992946310056504,0.8265800773709726,2.0664501934274315
1284,31375.172903304225,0.3657232698363789,0.9532925684768824,0.8292600679558754,2.0731501698896886
1285,31398.782132704226,0.5741274930152007,0.9523959703878954,0.8382188186957753,2.0955470467394384
1286,31418.903566640845,0.9043056815041778,0.883723338440634,0.8634826282655014,2.1587065706637536
1287,31466.04593595823,0.8984768115092203,0.990493416615887,0.7981541732896258,1.9953854332240644
1288,31475.358305899514,0.9043056815041778,0.8931201140871126,0.7608621860288337,1.9021554650720842
1289,31483.37137198351,1.0,0.8817932965277958,0.6948931457965324,0.0
1290,31501.07844632253,1.0,0.5815759318137939,0.6650126527377997,0.0
1291,31506.149375667585,1.0,0.9971711948027574,0.7301362565114127,0.0
1292,31609.945125683153,0.9043056815041778,0.8618632994064495,0.7819581088098128,1.9548952720245318
1293,31636.364424457563,0.6687457539921505,0.7771438323309807,0.8098059419942968,2.024514854985742
1294,31651.632671119634,0.49454613924203666,0.9407448784178748,0.8489327558844403,2.1223318897111008
1295,31667.56542119413,0.3657232698363789,0.8921393196358482,0.8853986706368601,2.21349667659215
1296,31688.33538204331,0.2704570908283893,0.9704653749341339,0.9059027048032297,2.264756762008074
1297,31698.16932961631,0.20000651862289462,0.9271354923161285,0.8589477816185367,2.1473694540463417
1298,31714.06628418014,0.16383243047455068,0.9193809431703543,0.7399703883821129,1.8499259709552822
1299,31740.98625133253,0.3827142491487374,0.952731681564541,0.6293586754333406,1.5733966885833515
1300,31766.06602124717,0.7409740586722517,1.0,0.9874733953436923,2.468683488359231
1301,31778.75259426237,0.5479599052514741,0.8056628236178354,0.9551787596467124,2.387946899116781
1302,31795.035425516322,0.40522344102199637,0.9093655810539791,0.9606001812454623,2.401500453113656
1303,32058.162164885744,0.29966797858750016,0.898251529908786,0.9556889109026478,2.3892222772566196
1304,32086.60354658082,0.22160834813562497,0.9173149987768405,0.8784831861184389,2.196207965296097
1305,32106.474960347885,0.3317640505011306,0.8383259748420258,0.7290606261967062,1.8226515654917654
1306,32116.554251284753,0.5722838648501968,0.9492470791315291,0.9550938919090637,2.387734729772659
1307,32144.356491881448,0.7231979565132818,0.9555107021897576,0.9341769648150523,2.3354424120376307
1308,32169.5027593399,1.0,0.8428646962788613,0.9782591802641909,2.445647950660477
1309,32179.04734001308,0.9043056815041778,0.9184931800098157,0.8988270480891364,2.247067620222841
1310,32205.54690835022,0.9062063829656488,0.8685715755016206,0.8189617155284652,2.0474042888211628
1311,32218.98729640323,0.9043056815041778,0.8550607852412675,0.7980825329030512,1.9952063322576281
1312,32288.805591570213,1.0,0.8099382713061906,0.7281933179524036,1.820483294881009
1313,32304.694634564665,1.0,1.0,0.6995243817567826,1.7488109543919563
1314,32314.732995003113,1.0,0.8052089018069654,0.6436806368029842,0.0
1315,32322.08463265989,1.0,0.8545582134477036,0.6391793728385433,0.0
1316,32367.896707173677,0.9043056815041778,0.7874244043220964,0.6894178084853938,1.7235445212134846
1317,32387.238489544954,0.6687457539921505,0.5126130615587365,0.715680366359921,1.7892009158998026
1318,32403.27504539311,0.49454613924203666,0.8869631091477388,0.7629643184662696,1.9074107961656739
1319,32415.977583449258,0.3657232698363789,0.8830228817573967,0.8029531139004511,2.007382784751128
1320,32430.41220393468,0.2704570908283893,0.8671261215556554,0.795406419346083,1.9885160483652076
1321,32456.71310533278,0.3320476975813183,0.8364653416609065,0.7306985703552284,1.826746425888071
1322,32478.47862355504,0.5008048211137123,0.5391804162349956,0.7692252054034899,1.9230630135087248
1323,32489.29566513943,0.3703516460733929,0.7503667066081492,0.753746980659773,1.8843674516494324
1324,32533.43321124265,0.2738798349509662,0.8020097316967837,0.7007369742275252,1.7518424355688131
1325,32549.022137072225,0.516425939068587,0.8501078389000658,0.5878617558071287,1.4696543895178218
1326,32564.62012350038,1.0,0.8826072284752404,0.9528607920430109,2.382151980107527
1327,32597.2278243072,1.0,0.8352424916783234,0.9350572514308859,2.3376431285772146
1328,32614.686024051753,0.9043056815041778,0.839876912143124,0.8851962721259727,2.212990680314932
1329,32670.118241187756,0.6687457539921505,0.7392110434954795,0.8165470603210838,2.0413676508027097
1330,32682.004586500716,0.49454613924203666,0.7346794728845553,0.7839443866189527,1.9598609665473818
1331,32720.731156558195,0.9458498552816799,0.951629786387383,0.7680952810230005,1.9202382025575013
1332,32729.76721383464,0.9043056815041778,0.7062220510489721,0.7466537573712476,1.866634393428119
1333,32791.289064757715,1.0,0.7717263426748173,0.6829896504488474,1.7074741261221185
1334,32801.08514220596,0.9043056815041778,0.5854466651672401,0.6636860443133452,0.0
1335,32809.33585896164,1.0,0.8282901407609278,0.605342112989257,0.0
1336,32815.4765088081,1.0,0.5864272040875137,0.5964602615258559,0.0
1337,32828.695766230514,1.0,0.8692094402075177,0.6057501199750357,0.0
1338,32834.83895358915,0.9043056815041778,0.25547947063584053,0.6389798675252182,0.0
1339,32841.84303818347,0.6687457539921505,0.7121191960795077,0.6854082126432991,0.0
1340,32862.43140653647,0.49454613924203666,0.6314658354381713,0.7214306104679148,1.803576526169787
1341,32894.69815595899,0.6069859631007393,0.733841458037886,0.7373281630188322,1.8433204075470804
1342,32926.74582010447,0.9043056815041778,0.1057075235254612,0.824492544051597,2.0612313601289927
1343,32942.48856563881,0.6687457539921505,0.7672069517964528,0.7787082914949818,1.9467707287374545
1344,33016.6062847554,1.0,0.7239315473819358,0.7363422929156893,1.8408557322892234
1345,33021.783507519656,1.0,0.3599629689507764,0.7026104604996667,0.0
1346,33030.27084686563,1.0,0.4244578256139009,0.6711634865033552,0.0
1347,33042.87454620114,0.9043056815041778,0.3659080282616224,0.719407004477542,0.0
1348,33101.686003477014,0.6687457539921505,0.29273618446878313,0.7521068884967903,1.8802672212419758
1349,33114.876754238656,0.49454613924203666,0.3275188883638484,0.7295554500538751,1.8238886251346877
1350,33133.239060748114,0.5625080527837656,0.7220090850949845,0.7467802365459515,1.8669505913648787
1351,33171.83437222222,0.7945911443998755,0.7085429486779034,0.9232139721281798,2.3080349303204493
1352,33184.311769424436,0.5876104339998284,0.7253794731339841,0.8957731430666607,2.239432857666652
1353,33204.33753358206,0.43454552014451164,0.705946452475578,0.8732628847541296,2.183157211885324
1354,33227.85478552077,0.5238113621895994,0.7150205113462839,0.7804068846622797,1.9510172116556992
1355,33245.00763626927,0.951863262961453,0.75132125415265,0.841857926028973,2.1046448150724326
1356,33263.309489505795,0.9043056815041778,0.7435433755432067,0.7999814631093919,1.9999536577734798
1357,33272.53726604426,0.6687457539921505,0.7664004777222828,0.7350379404845238,1.8375948512113094
1358,33286.18278163596,0.49454613924203666,0.7703249196458748,0.6918754725070569,0.0
1359,33298.4000168559,1.0,0.7764147762221182,0.6792676373359054,0.0
1360,33303.61637893025,1.0,0.3818190323747187,0.6702290163478548,0.0
1361,33310.767438557974,1.0,0.24612253962895636,0.6593940076017752,0.0
1362,33316.11816268953,1.0,0.262128969109011,0.7144458524724034,0.0
1363,33421.63116376033,0.9043056815041778,0.2833322717826473,0.767926803917248,1.91981700979312
1364,33448.885581519484,0.6687457539921505,0.23792881780392242,0.7944782270281849,1.9861955675704623
1365,33460.57488673378,0.49454613924203666,0.6544224206282342,0.8460735397183469,2.115183849295867
1366,33473.800546434046,0.3657232698363789,0.6383727204587795,0.821505220851426,2.053763052128565
1367,33484.091198102695,0.2704570908283893,0.7251373225783705,0.7678347800307325,1.9195869500768312
1368,33498.554038514376,0.20000651862289462,0.7042576550038365,0.6526543075239579,1.6316357688098948
1369,33511.31277034518,0.147907408783868,0.6386097118691477,0.44094457135140486,1.1023614283785121
1370,33524.236657982125,1.0,0.8115108818042173,0.26439038743262755,0.0
1371,33533.690558732655,0.9043056815041778,0.25868689655483834,0.46224003776619665,1.1556000944154916
1372,33548.51312040065,1.0,0.6539610734010721,0.5525317901148525,1.3813294752871315
1373,33570.311739415614,0.9043056815041778,0.1185626259105988,0.6410963288033611,1.6027408220084027
1374,33595.601922887465,0.6687457539921505,0.21837502452659885,0.6142525278599745,1.5356313196499363
1375,33622.56079771664,0.9156428765236112,0.6354464975265119,0.6689678074089982,1.6724195185224955
1376,33627.57669632202,0.9043056815041778,0.25993207453075784,0.7969437483561496,1.992359370890374
1377,33640.07320701319,0.8350935606513644,0.6297214665277593,0.8313880858346582,2.0784702145866456
1378,33649.383071108066,1.0,0.7523619220757891,0.8037836147813758,2.0094590369534395
1379,33682.06904304744,1.0,0.5960281225379842,0.7490935888044261,1.8727339720110652
1380,33713.47902033539,0.9043056815041778,0.6544642882547563,0.7008466618811233,0.0
1381,33719.093741844874,1.0,0.6984707227914124,0.636537619236437,0.0
1382,33759.68108954115,1.0,0.0,0.5812127090990543,0.0
1383,33766.68559738295,1.0,0.05213912456815668,0.6260817981544834,0.0
1384,33815.55380740967,1.0,0.0,0.6782179415225983,0.0
1385,33832.62527892936,0.9043056815041778,0.14054116005465747,0.7389276428594029,1.8473191071485073
1386,33840.70570355007,0.6687457539921505,0.7052539934224298,0.7944506263595182,1.9861265658987957
1387,33865.48398500574,0.49454613924203666,0.65734291748476,0.8163634302987786,2.0409085757469465
1388,33874.87593223762,0.3657232698363789,0.6596943210895966,0.8006773196149839,2.0016932990374596
1389,33905.58337654362,0.4739571437512191,0.661611157945241,0.7312790544686639,1.8281976361716599
1390,34011.32671721899,0.7448922319943806,0.6263242800427123,0.8809726448543455,2.2024316121358636
1391,34017.6651980826,0.5508574451278361,0.7307823670531061,0.8206582711190487,2.0516456777976217
1392,34047.82441243877,0.48943987117748355,0.6496858333816306,0.7303747326089218,1.8259368315223046
1393,34082.654650739874,0.5130773502667955,0.6210345263732808,0.7119937475411119,1.7799843688527797
1394,34090.165976239696,1.0,0.7778670003846238,0.6847123365886262,0.0
1395,34098.867856057346,1.0,0.2935068752702784,0.6711388833533607,0.0
1396,34105.83070596918,1.0,0.12564312235641362,0.6467967878295757,0.0
1397,34113.33866598748,1.0,0.047700774483579594,0.6980022294628259,0.0
1398,34137.471346254024,0.9043056815041778,0.4277630679905418,0.7688014812587795,1.9220037031469486
1399,34164.88206153137,0.6687457539921505,0.7286798328909361,0.8102171902124797,2.0255429755311996
1400,34188.30809766703,0.49454613924203666,0.244409492382549,0.7343924139216799,1.8359810348041996
1401,34207.53749206347,0.3657232698363789,0.14300431517511397,0.57118501178206,1.4279625294551501
1402,34212.54013789511,1.0,0.6349023441610343,0.49473827865319153,0.0
1403,34304.74483128518,0.9043056815041778,0.15004498713836203,0.6783490375947753,1.6958725939869381
1404,34317.570983982194,0.6687457539921505,0.0,0.6244862735121699,1.5612156837804247
1405,34340.169442000995,0.8096838637662911,0.8064418564463158,0.7285987151250499,1.8214967878126247
1406,34345.21172214573,0.9043056815041778,0.605122695025342,0.9995543646723916,2.4988859116809787
1407,34362.576290611636,0.6687457539921505,0.7197432160032461,0.9985318736207013,2.4963296840517533
1408,34398.990520463674,0.49454613924203666,0.7477430793026238,0.9674869438880744,2.418717359720186
1409,34408.74303638527,0.46425114733607464,0.7412239216725796,0.8768354853737056,2.192088713434264
1410,34452.33458067976,0.9001972374807441,0.6779583967359555,0.8676148964085749,2.1690372410214374
1411,34468.53777100138,1.0,0.7745501276551003,0.8454783566083933,2.113695891520983
1412,34473.944288581675,1.0,0.7489814952057062,0.7947112857025525,0.0
1413,34480.67787073078,1.0,0.31106960755801,0.7315739169564307,0.0
1414,34495.705230668435,1.0,0.0753513762723345,0.7756517352314455,0.0
1415,34520.461718558305,0.9043056815041778,0.20867142283196025,0.835860105695409,2.0896502642385224
1416,34526.40832835647,0.6687457539921505,0.7140263611239841,0.8860251342348375,2.215062835587094
1417,34533.82237995792,0.49454613924203666,0.7905842970587446,0.9200280391343869,2.300070097835967
1418,34539.069605041776,0.3657232698363789,0.7666180599969762,0.9319510334007198,2.3298775835017995
1419,34553.59404542695,0.2704570908283893,0.7415323290527933,0.8620974834411341,2.1552437086028355
1420,34561.499304495235,0.20000651862289462,0.6557062444735607,0.6572064872982779,1.6430162182456947
1421,34569.12105585047,1.0,0.673326440288383,0.4519559479948424,0.0
1422,34574.60460077831,1.0,0.0,0.556220738533816,0.0
1423,34601.12816462678,0.9043056815041778,0.4237675347059756,0.7373299725608599,1.8433249314021496
1424,34614.70664403277,0.6687457539921505,0.7097276466456266,0.9150176363791587,2.287544090947897
1425,34628.17213324697,0.49454613924203666,0.6994166478432768,0.9635114041003332,2.408778510250833
1426,34653.83617814897,0.3657232698363789,0.7868294860188051,0.9755815039975925,2.4389537599939812
1427,34697.00046726503,0.2704570908283893,0.6496735300717591,0.836980290616858,2.092450726542145
1428,34709.54621785884,0.20000651862289462,0.7084763685254929,0.6815823524544629,1.703955881136157
1429,34734.26106976422,0.2699107240501406,0.7653059745112418,0.5074033424055577,1.2685083560138943
1430,34777.20600861657,1.0,0.7203173749777094,0.5478793482664484,1.369698370666121
1431,34795.084268848965,0.9043056815041778,0.2887069420734361,0.707888316222325,1.7697207905558123
1432,34815.07749597265,0.7925662038732941,0.7637578181959027,0.8191561810493494,2.0478904526233737
1433,34826.12722752596,0.812674855408154,0.8132752171405638,0.9039579997511674,2.2598949993779187
1434,34843.5981044418,0.7436510939467948,0.7346761095279368,0.8507609393010701,2.1269023482526754
1435,34901.56886603268,0.8154965833191419,0.7261033160539917,0.849776183607879,2.1244404590196977
1436,34919.240418621885,0.7400795816788011,0.7980733697376663,0.787840947867765,1.9696023696694125
1437,34946.6327865678,1.0,0.6913365865770236,0.7478133831301499,1.8695334578253746
1438,34954.674443869204,1.0,0.7125264527466946,0.7052612587182105,0.0
1439,34969.29070216515,1.0,0.2818702926006741,0.6554700212539654,0.0
1440,34975.307301547866,0.9043056815041778,0.19152562589105224,0.6914475706225339,0.0
1441,35032.26332603641,0.9744452853345054,0.7894334239175912,0.7452668330882756,1.863167082720689
1442,35066.61231567065,0.9043056815041778,0.5585683670251335,0.8086238281034356,2.021559570258589
1443,35120.03618492584,0.6687457539921505,0.801022872374414,0.8437961500726447,2.109490375181612
1444,35141.93830738487,0.49454613924203666,0.7618867825523408,0.8797542022224981,2.1993855055562452
1445,35173.613790439646,0.3657232698363789,0.8559207085536552,0.8988640639391428,2.2471601598478568
1446,35182.06270029092,0.2704570908283893,0.7645516056651132,0.8504949895946495,2.126237473986624
1447,35210.388869868184,0.20000651862289462,0.8017758937271231,0.7665743844526004,1.916435961131501
1448,35234.73699182214,0.4775344233476976,0.799540673590551,0.6003702310351944,1.500925577587986
1449,35261.1682116631,0.9043056815041778,0.559367410772283,0.8851162396384127,2.2127905990960315
1450,35298.53463144686,0.6687457539921505,0.7439831772271616,0.9158794548247129,2.2896986370617824
1451,35316.21419474485,0.7562976659816636,0.8823380850578051,0.8710130047989991,2.177532511997498
1452,35325.85275349078,0.9043056815041778,0.8682818277949221,0.8477785421744478,2.1194463554361196
1453,35343.4172003049,0.8077135523908082,0.7415134725137326,0.7783462557588838,1.9458656393972096
1454,35352.17550646077,0.8537683553804897,0.7743726360707128,0.7416081290125347,1.8540203225313368
1455,35376.57526412848,1.0,0.7974960050295457,0.6775460370725207,0.0
1456,35387.009447010976,1.0,0.359988028203657,0.632529680275769,0.0
1457,35395.391517874705,1.0,0.5152542462031857,0.5871876549642353,0.0
1458,35401.111431338766,1.0,0.4987328388056699,0.6375756812421889,0.0
1459,35406.12927821936,1.0,0.6319696214324797,0.6957871263798255,0.0
1460,35516.76177530904,0.9043056815041778,0.6068685221256703,0.751886268000562,1.879715670001405
1461,35527.11277334073,0.6687457539921505,0.9543042520511348,0.79764347869067,1.994108696726675
1462,35536.6676394158,0.49454613924203666,0.8327371193769322,0.8190907719111872,2.047726929777968
1463,35674.40063464383,0.3657232698363789,0.8642324209141358,0.8589695280202185,2.1474238200505464
1464,35691.465385629825,0.2704570908283893,0.8872546791537395,0.8545673222059692,2.136418305514923
1465,35708.762793560774,0.20000651862289462,0.9175457825077196,0.7767105411879212,1.9417763529698029
1466,35718.871781607886,0.147907408783868,0.8455227213001424,0.641617394143141,1.6040434853578525
1467,35739.228416702,0.26570385676443387,0.842065146577855,0.5040510167838267,1.2601275419595668
1468,35778.6011404121,0.9299271656603598,0.9157833685011639,0.6787572630313781,1.6968931575784452
1469,35786.38151507011,0.9043056815041778,0.845248466774786,0.9911560518959653,2.4778901297399134
1470,35860.50449109512,0.6687457539921505,0.7944476785849656,0.9117244772414581,2.2793111931036454
1471,35885.73959418286,0.49454613924203666,0.9045037111900089,0.8871932978270635,2.217983244567659
1472,35989.502342708016,0.3657232698363789,0.8529342607208449,0.8645211735574106,2.1613029338935266
1473,36006.25568948589,0.4788581604212194,0.9705781221372207,0.8572415736028884,2.143103934007221
1474,36018.468340946536,0.8590432467633549,0.8597376880303397,0.875309046194797,2.1882726154869925
1475,36039.97394348721,0.8141364988099625,0.8413764367002826,0.8188790859082288,2.0471977147705718
1476,36050.18551501832,0.6786433555905818,0.913691009865895,0.7587087993913849,1.8967719984784623
1477,36067.95851829434,1.0,0.9515978551346397,0.7121622249470643,1.7804055623676607
1478,36099.49549593968,1.0,0.7745363517096229,0.6745876120617122,1.6864690301542806
1479,36176.42180728919,0.9043056815041778,0.7502558201665493,0.6238591841836368,0.0
1480,36182.92650118437,1.0,0.9193376020695261,0.5801865501367334,0.0
1481,36199.37433230249,1.0,0.7001287629768297,0.5442938513922225,0.0
1482,36239.44892984316,0.9043056815041778,0.9190946072776841,0.6049205780004454,0.0
1483,36263.90565507807,1.0,0.8688230027933025,0.6390526011148042,0.0
1484,36285.045266353554,0.9043056815041778,0.8606352921856703,0.7019955604562589,1.7549889011406472
1485,36295.24692551935,0.6687457539921505,0.7052041403957551,0.7288169366212456,1.822042341553114
1486,36325.99721048499,0.49454613924203666,0.8955540714001481,0.7732329850463499,1.9330824626158747
1487,36373.981387506006,0.3657232698363789,0.8808904509007716,0.8139822362530693,2.0349555906326735
1488,36388.558474641075,0.2704570908283893,0.9007709531475689,0.8148149319315064,2.0370373298287663
1489,36414.03472392062,0.5222309586051856,0.947348482593098,0.7718312769217119,1.9295781923042798
1490,36443.97256204406,1.0,0.9453028295729081,0.9028406728273668,2.257101682068417
1491,36466.33810441788,1.0,0.9550705107527233,0.8405163226894672,2.101290806723668
1492,36476.733559079,0.9043056815041778,0.8810781091197619,0.7882965386864722,1.9707413467161805
1493,36498.96695400342,0.6687457539921505,0.8887654723488698,0.7228979238863236,1.807244809715809
1494,36510.27727111391,0.7145834662813835,0.9822003535531563,0.7147655276378815,1.7869138190947038
1495,36567.34389131975,1.0,0.9030598825997191,0.6895785385735186,1.7239463464337965
1496,36576.237018911896,1.0,1.0,0.6424867302179337,0.0
1497,36582.2969922849,1.0,1.0,0.5924867182970047,0.0
1498,36597.8506232012,1.0,0.995311443026545,0.6423460735066341,0.0
1499,36633.921009594385,0.9043056815041778,0.7135319436126611,0.6898337426133496,1.724584356533374
1500,36665.78659663815,0.6687457539921505,0.7432239744961285,0.7221858390255,1.8054645975637502
1501,36694.1745763453,0.49454613924203666,0.9202810679794382,0.7629079609639188,1.907269902409797
1502,36754.45769371289,0.3657232698363789,0.9883460311989292,0.8059948947299396,2.014987236824849
1503,36767.95343107022,0.2704570908283893,0.8553136319887711,0.791360916754737,1.9784022918868425
1504,36884.86021071083,0.20000651862289462,0.8688382080699625,0.734365681853455,1.8359142046336374
1505,36899.46306397443,0.30284881579093936,0.8924199957741532,0.645336247330256,1.61334061832564
1506,36921.5282406728,0.5257888967019398,0.8691892935609498,0.7934038907493096,1.983509726873274
1507,36938.881882117006,0.6991483288993114,0.9669121460475818,0.8083109968017623,2.020777492004406
1508,36948.60997363081,0.9043056815041778,0.9084525433359913,0.9476983749492423,2.3692459373731056
1509,36965.33250220315,0.6687457539921505,0.9355321362996848,0.8678780659017534,2.1696951647543834
1510,36976.5299400707,0.6746578958022685,0.8965615431742837,0.8131501558706276,2.032875389676569
1511,36993.81383670483,1.0,0.8570293138395899,0.7860539657816984,1.965134914454246
1512,37035.18773830338,1.0,0.9392303577402089,0.7427070908016664,1.856767727004166
1513,37045.72894969397,0.9043056815041778,0.8313356359619338,0.6894702371791565,1.723675592947891
1514,37056.872842924975,1.0,0.9779896224844715,0.6282406211399337,0.0
1515,37063.20213195017,1.0,0.608774450170588,0.6199308860563996,0.0
1516,37154.00111553817,0.9043056815041778,0.5581206119614331,0.6684112828084099,1.6710282070210247
1517,37171.79069170562,0.6687457539921505,0.547976243487392,0.705533574030612,1.76383393507653
1518,37188.327648165105,0.49454613924203666,0.8155173091721994,0.7489459706611084,1.8723649266527709
1519,37202.33832064085,0.3657232698363789,0.9147043174280731,0.792599772150568,1.98149943037642
1520,37217.302259164324,0.2704570908283893,0.8844429516686817,0.7889053783336166,1.9722634458340416
1521,37241.37717147341,0.45348009047923493,0.8208393918000272,0.7201685392743751,1.8004213481859377
1522,37275.460935578325,0.8302408295624131,0.9439886966760218,0.8813142567812882,2.2032856419532205
1523,37562.41727184177,0.613973837516158,0.7861441486332464,0.8059887255867952,2.014971813966988
1524,37591.35412400997,0.6600439814522205,0.7953454303449742,0.7456533684956584,1.864133421239146
1525,37605.185860669604,0.8825613709881903,0.8489067397677496,0.7256921600674131,1.8142304001685328
1526,37614.3489367744,0.6526655549748603,0.8501511293142854,0.6604760655859457,1.6511901639648643
1527,37622.67209920456,0.8910018743303976,0.7476175772436685,0.6414006447898439,0.0
1528,37927.23001194779,0.9043056815041778,0.37816986783949025,0.6082934315239973,0.0
1529,37938.90501773865,0.6687457539921505,0.7741284980334431,0.584829088195702,0.0
1530,37946.22464750301,1.0,0.7438674806735305,0.5277856458485811,0.0
1531,37951.7595077808,1.0,0.34286292471040747,0.49294273409004324,0.0
1532,37966.41734606242,1.0,0.28332918618670283,0.5397934337261324,0.0
1533,37975.049318631565,0.9043056815041778,0.10259986362658019,0.5862687026972595,0.0
1534,37980.25017323006,1.0,0.8128085144942797,0.6434373692413173,0.0
1535,38063.31772612896,0.9043056815041778,0.2873830578583454,0.6949927773871692,1.7374819434679232
1536,38076.055359876664,0.6687457539921505,0.3411367755801665,0.7255838320017082,1.8139595800042705
1537,38117.387806162755,0.5567522069816532,0.7200945904756051,0.775546911494223,1.9388672787355574
1538,38149.90235352157,0.7477886578303593,0.7688877414265901,0.8254743696466543,2.0636859241166357
1539,38178.54184470309,1.0,0.7747192712142669,0.8958034601739719,2.2395086504349297
1540,38191.49366278591,0.9043056815041778,0.8327915917345077,0.8475456178946106,2.1188640447365263
1541,38223.39514226979,0.7991735302825528,0.6804316833283961,0.7773455848738586,1.9433639621846466
1542,38239.82659847424,0.8305999838424896,0.7255568699211224,0.7598011484302242,1.8995028710755604
1543,38247.866198018055,1.0,0.641789391186694,0.7104181329341941,0.0
1544,38256.27022779445,0.9043056815041778,0.41747249776694934,0.6751540275635667,0.0
1545,38264.15366874352,1.0,0.7549214404835971,0.6783005420566287,0.0
1546,38428.5986246737,0.9043056815041778,0.1300581431083322,0.6873198491489921,0.0
1547,38438.12561929883,0.6687457539921505,0.6887369910495117,0.7384510029783761,0.0
1548,38448.34600833835,0.49454613924203666,0.73726114497037,0.7783487262976043,1.945871815744011
1549,38492.62137865118,0.7944392113269096,0.7951190539102687,0.7490499427120402,1.8726248567801005
1550,38499.2860668416,0.9043056815041778,0.7550129546836111,0.8041892427723617,2.0104731069309043
1551,38504.32888383097,0.6687457539921505,0.6099784341764525,0.7342089713918531,0.0
1552,38510.11644024391,1.0,0.7395760381068845,0.6763449720388152,0.0
1553,38517.29289591078,1.0,0.24915599859972032,0.6390134981009225,0.0
1554,38534.27217897348,0.9043056815041778,0.0,0.6737248443067074,0.0
1555,38543.817727074405,0.8964615265749795,0.6848716241257224,0.7307196571994319,0.0
1556,38570.96430451496,0.9043056815041778,0.03239393821751471,0.7746908405840356,1.936727101460089
1557,38591.043492223085,0.8288398332813881,0.7409197269486189,0.8309690548892399,2.0774226372230995
1558,38627.167908559546,1.0,0.6330800139334726,0.8860707742821841,2.2151769357054603
1559,38658.19830091092,1.0,0.6866546655664278,0.8376780019341935,2.0941950048354836
1560,38667.640639357065,0.9043056815041778,0.7181279882293803,0.7886221897072228,1.9715554742680568
1561,38674.49160113713,1.0,0.727711775668994,0.7232804676342371,0.0
1562,38679.783311336425,1.0,0.054049829962974666,0.6743574340979419,0.0
1563,38685.45863768136,1.0,0.2555795999408649,0.7296947915014834,0.0
1564,38728.78794449849,0.9043056815041778,0.030740707967544675,0.7752992679154078,1.9382481697885194
1565,38745.40949367882,0.6687457539921505,0.039369045536268535,0.7677734804264086,1.9194337010660214
1566,38767.39150852461,0.49454613924203666,0.6862140150265326,0.8569182171049274,2.1422955427623185
1567,38793.90436997997,0.5149668848258637,0.6981149120539819,0.8504971760337761,2.12624294008444
1568,38808.42577875306,0.6656158995308505,0.6902287150448233,0.9802001439521916,2.450500359880479
1569,38828.50358142285,0.49223157136480483,0.6884523846803439,0.9667246187693228,2.416811546923307
1570,38854.44124811866,0.4781937404847828,0.6629878830285104,0.9064123103879655,2.266030775969914
1571,38877.57898331834,0.5692767152631724,0.7029471728839973,0.9644484924756027,2.4111212311890067
1572,38888.25292456147,0.42098749788412804,0.6144318215939714,0.9010910345972224,2.252727586493056
1573,38923.16139143816,0.4554450695351085,0.7101267648690456,0.8062493694069895,2.0156234235174737
1574,38962.07932712611,0.6129332867050659,0.6850644478868346,0.8836441705438016,2.209110426359504
1575,38979.12619028302,0.453272097420271,0.6797078470910156,0.8268796651365431,2.0671991628413577
1576,38998.28730406976,0.33520058178637274,0.6282286749526519,0.7023506191139386,1.7558765477848466
1577,39020.99074641362,0.3501725227554967,0.7091276620271358,0.6118831521161792,1.5297078802904478
1578,39040.42983048032,0.45421866945398104,0.6211830651541081,0.6342733684994374,1.5856834212485935
1579,39052.32754920991,0.3359005840547853,0.725862577683095,0.575779405899549,1.4394485147488725
1580,39066.91284627199,0.2484028287608225,0.6344055516625994,0.46144713577726626,0.0
1581,39072.441851947486,1.0,0.747285827839661,0.35045668405394037,0.0
1582,39085.634304281615,1.0,0.1038433358698593,0.4666619328417289,0.0
1583,39107.27716238951,0.9043056815041778,0.01640596356464881,0.5712993400507294,1.4282483501268235
1584,39187.84107052183,0.6687457539921505,0.14728292999263065,0.5808011274335931,1.4520028185839828
1585,39199.34902422832,0.7274958472846373,0.6523797084564067,0.640456452712512,1.6011411317812798
1586,39218.130729026096,1.0,0.7358570983863435,1.0,2.5
1587,39234.180159664975,0.9043056815041778,0.6232751090214337,1.0,2.5
1588,39271.66632491805,0.6687457539921505,0.6860967693852851,0.9776684114510178,2.4441710286275447
1589,39284.50879047968,0.49454613924203666,0.5973863286182179,0.9156466962792704,2.289116740698176
1590,39297.29915787083,0.3657232698363789,0.6287340848310975,0.8187492213718292,2.046873053429573
1591,39309.370631483966,0.2704570908283893,0.7458767567302103,0.727827207374966,1.819568018437415
1592,39315.22793326239,0.20000651862289462,0.7387617677972564,0.5996619413336045,1.4991548533340113
1593,39321.83989085177,1.0,0.61176749774658,0.3975822936550418,0.0
1594,39412.24492797953,0.9043056815041778,0.2534135174128787,0.5668315666680014,1.4170789166700035
1595,39433.74304083936,0.6687457539921505,0.4455303651253119,0.6273984781160341,1.5684961952900853
1596,39443.08017650692,0.49454613924203666,0.11034399720442037,0.5162483920619281,1.29062098015482
1597,39463.424237755695,0.3657232698363789,0.70305118994909,0.5108542334086056,1.277135583521514
1598,39474.94626659179,0.2704570908283893,0.7286349960349762,0.4248558981353047,1.0621397453382617
1599,39485.43657977159,0.3898382503828375,0.7102451928218135,0.2670636724899943,0.0
1600,39513.80811999674,1.0,0.7247172313679686,0.44333564700343997,1.1083391175086
1601,39530.04117416725,0.9043056815041778,0.4356154602230735,0.6440144399784818,1.6100360999462047
1602,39554.74992705133,0.6687457539921505,0.6143733869584856,0.7132027899900631,1.7830069749751578
1603,39594.838302717275,0.8046145072657003,0.7446439873098424,0.7428564192644467,1.8571410481611168
1604,39605.29547459425,1.0,0.7092272289093134,0.8528251004334685,2.132062751083671
1605,39612.89380742126,0.9043056815041778,0.6796694004763394,0.8019383536463369,2.0048458841158423
1606,39631.44593655864,1.0,0.7423079147504985,0.7381882734021049,1.8454706835052623
1607,39641.05525638113,0.9043056815041778,0.6825731318735979,0.7020254417476949,1.7550636043692371
1608,39646.48055183544,1.0,0.7112050876599612,0.6372551647336269,0.0
1609,39673.16477224822,1.0,0.3728978548900629,0.5927351594578952,0.0
1610,39681.82176362128,0.9043056815041778,0.36539866047584013,0.6083420117394868,0.0
1611,39688.999200265825,1.0,0.7043157017481034,0.6534805443217542,0.0
1612,39784.99049638277,0.9043056815041778,0.4799169001323854,0.7117775828222347,1.7794439570555867
1613,39804.10547921802,0.6687457539921505,0.2843836165612695,0.7408202651313356,1.852050662828339
1614,39829.999792896924,0.49454613924203666,0.7127674913539704,0.7931143469773828,1.982785867443457
1615,39847.804354883985,0.3657232698363789,0.7374659296514575,0.8020301709579029,2.005075427394757
1616,39898.67274217696,0.5971550541104348,0.8180701300108303,0.7809228608649181,1.9523071521622954
1617,39919.64638857449,1.0,0.8369274688439424,0.8843767378575086,2.2109418446437714
1618,39978.01932792899,0.9043056815041778,0.7362406701278027,0.8313561219300849,2.0783903048252124
1619,39991.0922299076,0.8705784368806954,0.7404668352802931,0.7658536711860906,1.9146341779652265
1620,40011.543347189676,0.9043056815041778,0.6185675913471133,0.7278259056722024,1.819564764180506
1621,40016.800326174896,1.0,0.8305555028556695,0.672639762020684,0.0
1622,40031.406697149665,1.0,0.4910249204820724,0.6412634313554766,0.0
1623,40036.54040547773,1.0,0.25606732684569283,0.6594154876477414,0.0
1624,40084.26453921338,1.0,0.4289943662161281,0.7219321013611126,0.0
1625,40113.44967222282,0.9043056815041778,0.2934897969100041,0.7707914665106195,1.9269786662765487
1626,40130.708905397885,0.6687457539921505,0.5302652363940045,0.80886895837829,2.022172395945725
1627,40142.31273266107,0.49454613924203666,0.7282962424090823,0.8484847629443882,2.1212119073609705
1628,40162.80763480818,0.4646289619330834,0.8179416879472684,0.8794122035514743,2.1985305088786857
1629,40175.787328196,0.5290532905296692,0.8125881597036245,0.95169056277281,2.379226406932025
1630,40192.22729794876,0.39124175476681156,0.7225876213350149,0.9080215199861522,2.2700537999653805
1631,40230.204316771575,0.2893283406663355,0.7593884844461691,0.8333544538702742,2.0833861346756857
1632,40251.71923255809,0.2139620520888129,0.7608806509150675,0.7182143158414103,1.7955357896035258
1633,40267.550960650326,0.1582277063789297,0.7132751057733387,0.560531588513033,1.4013289712825825
1634,40317.58614115573,0.11701143647446727,0.8399541201720252,0.3988637797934937,0.9971594494837343
1635,40356.997973884674,0.741014500157222,0.8494402045523402,0.206910578750092,0.0
1636,40371.30409549636,0.9043056815041778,0.614571701404012,0.5321036021869918,1.3302590054674797
1637,40384.97698092033,1.0,0.8388483546668811,0.6533868492856991,1.6334671232142477
1638,40435.78997637593,1.0,0.8498613654907117,0.8854958057308637,2.2137395143271594
1639,40445.145244549334,0.9043056815041778,0.7447222385676049,0.8323416199552407,2.0808540498881016
1640,40460.561945322246,0.8093102181980805,0.9115980051197862,0.7833844784013866,1.9584611960034666
1641,40469.80378761591,0.8580999772634289,0.7585994627208624,0.741358020242867,1.8533950506071675
1642,40483.21056362855,0.6345760377632084,0.9381983618722799,0.682460832045956,1.70615208011489
1643,40515.36258975656,1.0,0.8461269150006523,0.6528976780179125,1.6322441950447812
1644,40950.569797813245,0.9043056815041778,0.3902180983462053,0.6180842140387619,0.0
1645,40993.417812665575,1.0,0.8448835615936067,0.566094942438977,0.0
1646,41005.555511345614,1.0,0.8318064254355093,0.5313318402069885,0.0
1647,41012.889865041165,0.9043056815041778,0.8083276806375853,0.5229744500796516,0.0
1648,41020.49700085581,1.0,0.9347051560701896,0.5632086328337356,0.0
1649,41029.880818617494,1.0,0.48064250958110966,0.6165202373751905,0.0
1650,41060.84087496703,1.0,0.9506399972619912,0.6874376300285587,1.7185940750713968
1651,41085.439803214365,0.9043056815041778,0.5433641542708757,0.7264021155238437,1.8160052888096092
1652,41118.619273902266,0.6687457539921505,0.7954009610349025,0.759324978571885,1.8983124464297125
1653,41146.698630871375,0.49454613924203666,0.876446747424906,0.7978308268164264,1.9945770670410659
1654,41167.13043732287,0.3657232698363789,0.9161539575703018,0.8404747546967636,2.101186886741909
1655,41186.20551294306,0.2704570908283893,0.8266291983347593,0.8150568936404934,2.0376422341012335
1656,41375.72397478017,0.20000651862289462,0.8724999883162169,0.7593662861631014,1.8984157154077534
1657,41387.41402420768,0.147907408783868,0.9047579650915247,0.6693271851773267,1.6733179629433168
1658,41392.809664430155,0.10937944284908938,0.8573971348476265,0.500794181726634,1.2519854543165851
1659,41401.56084581551,0.15518862137822811,0.9221627316744292,0.3346606996664291,0.8366517491660728
1660,41424.955268826554,1.0,0.9061804985128559,0.3041126330782456,0.760281582695614
1661,41440.699196534624,1.0,0.9093167094148631,0.7046963171076867,1.7617407927692166
1662,41451.51798153128,0.9043056815041778,0.9288020671232109,0.9380901631280263,2.345225407820066
1663,41462.865999262875,0.6687457539921505,0.9931546677156937,0.8863758844453469,2.215939711113367
1664,41479.968921080384,0.49454613924203666,0.9020077643446209,0.8840982199693221,2.2102455499233056
1665,41510.37014632644,0.3657232698363789,0.9458964567625185,0.9276328057015173,2.319082014253793
1666,41530.93317220267,0.3775020438815707,0.9325623913504288,0.8912863924498491,2.228215981124623
1667,41667.13618485915,0.4832175475278529,0.9622762213009481,0.9316447286689047,2.329111821672262
1668,41692.55453479468,0.3573456296616875,0.9158383140004756,0.8940528372950821,2.2351320932377052
1669,41720.490845659304,0.47204215978001457,0.8397936143848649,0.8141083195009837,2.0352707987524594
1670,41741.84941702738,0.9927116702372587,0.8969246527866512,0.9018389188395273,2.254597297098818
1671,41764.69676327629,1.0,0.8594743102159883,0.8359503901403694,2.0898759753509237
1672,41785.71082045636,1.0,0.8039389583641179,0.781395965527787,1.9534899138194675
1673,41802.68038974129,0.9043056815041778,0.9976837617636884,0.7372082977954558,1.8430207444886395
1674,41821.94702833147,0.9680613622519504,0.9250643694115357,0.6800747781015704,1.7001869452539258
1675,41837.16910689118,1.0,0.9104985322116848,0.6452670148376638,1.6131675370941596
1676,41855.50711238915,1.0,0.919637229912105,0.5955411638518328,0.0
1677,41860.87549522383,0.9043056815041778,0.8953197149096909,0.5650669536946921,0.0
1678,41866.85465549199,1.0,0.8841668264671567,0.5991031551778299,0.0
1679,41894.044202609926,0.9043056815041778,0.652520435324753,0.660975934648363,1.6524398366209074
1680,41913.174239099826,0.8510869302159176,0.9864848949920468,0.7021727211211742,1.7554318028029356
1681,41934.66752572239,0.9043056815041778,1.0,0.7684897482395172,1.921224370598793
1682,41957.702543432715,0.6687457539921505,0.8636444278644625,0.790652142710697,1.9766303567767425
1683,41978.62524940154,0.49454613924203666,0.8520565638236683,0.8287465054642035,2.0718662636605085
1684,42001.17733993614,0.5869234317375757,0.9873310036280332,0.8610294897706162,2.1525737244265404
1685,42029.5469515219,0.8608280421118996,0.9217598094309682,0.8440008576119461,2.110002144029865
1686,42039.4512260349,0.6365934770222379,0.917623752790205,0.7789989694774944,1.947497423693736
1687,42056.353497441276,0.4707691143437259,0.8846655719001213,0.7495379249119916,1.873844812279979
1688,42081.21302589201,0.3481398522282285,0.8684246865061137,0.7240216510534258,1.8100541276335644
1689,42096.87569668389,0.5204676615492629,0.831625288021668,0.6824730001762288,1.706182500440572
1690,42112.177171550036,0.8970777382103767,0.8214301419768352,0.7428158921242091,1.8570397303105226
1691,42121.5045120657,0.6634005963903699,0.8629172606416518,0.6785561914148954,1.6963904785372386
1692,42133.717116892374,0.7440102201626694,0.8891512970489707,0.6360439912020801,1.5901099780052004
1693,42154.760277255315,1.0,0.9441455156684526,0.6151433090648127,1.5378582726620318
1694,42178.76414779563,0.9043056815041778,0.8235902274001814,0.5615266384419433,0.0
1695,42197.65165463506,0.6687457539921505,0.7896173326454178,0.49487821588365494,0.0
1696,42222.122930780555,1.0,0.8040850262279295,0.48295135889145496,0.0
1697,42227.67744249262,1.0,0.8403069427952561,0.46862277396735974,0.0
1698,42233.21873805574,1.0,0.6031879272866975,0.48041454502131614,0.0
1699,42239.90118949172,1.0,0.5555940324409626,0.5352675851487314,0.0
1700,42268.752314543126,1.0,1.0,0.6080356717109681,0.0
1701,42285.3486388896,0.9043056815041778,0.7882208443079501,0.6547474942339532,1.636868735584883
1702,42326.11296671296,0.6687457539921505,0.3977567776543703,0.66130046623981,1.653251165599525
1703,42345.46615343394,0.49454613924203666,0.9224764740664673,0.716531956270123,1.7913298906753075
1704,42351.222573220875,0.3657232698363789,0.8586724668493756,0.751809112976521,1.8795227824413026
1705,42362.52393354186,0.2704570908283893,0.8657743521239736,0.7463542139693817,1.8658855349234544
1706,42384.72559191954,0.20000651862289462,0.7944647372312944,0.6753289680811728,1.688322420202932
1707,42397.447261772,0.19833363592131234,0.7634413964422873,0.5470103045945057,1.3675257614862644
1708,42403.976297154135,0.24224788382333554,0.8385806061775818,0.5125029134500134,1.2812572836250335
1709,42482.77913190256,0.875881221470428,0.8719738930290997,0.4107969603466466,1.0269924008666165
1710,42500.4939813719,0.9043056815041778,0.790604702876581,0.7888530069442969,1.9721325173607425
1711,42517.236032290726,0.6687457539921505,0.8565522008703353,0.9057335652477732,2.264333913119433
1712,42532.88119736726,0.49454613924203666,0.7923519952196816,0.9525354727211022,2.3813386818027555
1713,42547.6157505476,0.3657232698363789,0.7971411399437508,0.971580187165972,2.4289504679149303
1714,42565.19965132069,0.36771576036463166,0.8992315724758257,0.924822350288538,2.312055875721345
1715,42576.55089560551,0.4566681721723169,0.795472681486429,0.9803010133988637,2.450752533497159
1716,42592.57476985387,0.3377120230137385,0.84149993155891,0.9420844734899858,2.3552111837249647
1717,42598.176088163484,0.24974241131259958,0.8003391363579486,0.840792909726158,2.1019822743153953
1718,42611.19661597322,0.1846877450545915,0.7828321777257851,0.6936661367016658,1.7341653417541645
1719,42667.97864683347,0.5736817129974566,0.8600813314254586,0.5448713674361775,1.3621784185904438
1720,42684.31433492904,1.0,0.820598739186639,0.9283907253151237,2.320976813287809
1721,42701.65150061879,0.9043056815041778,0.752432606790703,0.9318651701350504,2.329662925337626
1722,42717.82526621731,0.6687457539921505,0.6522571986796045,0.8586330562671246,2.1465826406678117
1723,42728.80359272587,0.49454613924203666,0.8611787293852651,0.8377191703168737,2.0942979257921843
1724,42742.63674093604,0.5208147622229446,0.7696905874149582,0.8258824162494839,2.06470604062371
1725,42755.53142390522,0.6814807057956112,0.8212133302687404,0.8215455109845415,2.0538637774613537
1726,42773.87709533304,0.6167559808302188,0.6709084647495019,0.7552582400872263,1.8881456002180657
1727,42795.465016150876,0.9315833905216087,0.793126967121077,0.7196280056003553,1.7990700140008884
1728,42815.077063176854,1.0,0.7602173641265215,0.6844998655288619,1.7112496638221546
1729,42825.61900729102,0.9043056815041778,0.8103014131824636,0.6360023751020004,0.0
1730,42834.45008652863,1.0,0.8094144345612283,0.5703465300425086,0.0
1731,42841.531403142435,1.0,0.5481674417368023,0.532850973238756,0.0
1732,42848.5586592471,1.0,0.4323387472013692,0.5506505597920146,0.0
1733,42855.48289959529,1.0,0.4822331439774063,0.6086568809217369,0.0
1734,42875.5393725455,0.9043056815041778,0.04531119042319848,0.6439916739388994,0.0
1735,42896.533645174786,0.6687457539921505,0.6815491688072949,0.6997163197089963,1.7492907992724906
1736,42931.89547293844,0.49454613924203666,0.6492468881125215,0.7309111573931015,1.8272778934827538
1737,42939.01376290754,0.3657232698363789,0.7138069272637078,0.7386272991798031,1.8465682479495076
1738,42947.13040739557,0.2704570908283893,0.8242087485480748,0.7223794834514736,1.805948708628684
1739,42960.385925687544,0.4372751024422372,0.8235792018092133,0.655326248303999,1.6383156207599976
1740,42971.46503814519,0.7862780413107201,0.8141163384810443,0.9047870157370906,2.2619675393427268
1741,42988.10919738733,0.5814627866864502,0.7563383477888335,0.8325497109866449,2.081374277466612
1742,43000.77008913208,0.4299992554002446,0.9123575178188654,0.7900957982302386,1.9752394955755963
1743,43050.822583944224,0.3179900139412885,0.7327800673853486,0.7211002995308827,1.8027507488272068
1744,43058.90621870059,0.2351577303831846,0.799938846052592,0.6733663931720014,1.6834159829300035
1745,43066.82138828798,0.2532671456489965,0.8294756587682638,0.5781894232157396,1.4454735580393492
1746,43085.577028432526,0.4333971305954162,0.7355271966115839,0.5763721899171198,1.4409304747927996
1747,43098.29705612424,0.6950704312907682,0.822015241271756,0.671384905597126,1.678462263992815
1748,43194.40743070823,0.8912810417515785,0.7180289211988066,0.910063058481489,2.2751576462037226
1749,43214.64775691999,0.6591138643446809,0.7186757026318942,0.8446783326385534,2.1116958315963834
1750,43234.939979913186,0.6055741982601972,0.7249769519110874,0.7834758140642072,1.958689535160518
1751,43281.34628045378,1.0,0.7160341508575383,0.7460121459683332,1.865030364920833
1752,43298.543305403415,0.9043056815041778,0.2751268857625389,0.697640124574829,1.7441003114370726
1753,43315.47951565703,1.0,0.808965004423025,0.6480260326728295,0.0
1754,43322.49577563296,0.9043056815041778,0.3044176744865381,0.5985188244077851,0.0
1755,43329.94477460982,1.0,0.7043252983726308,0.6129674812837125,0.0
1756,43341.64308049371,1.0,0.22361602834996658,0.6606228230260495,0.0
1757,43347.65697501173,1.0,0.3065268243804167,0.713110158864956,0.0
1758,43450.5270697802,0.9043056815041778,0.1046299571751126,0.7617749833775168,1.904437458443792
1759,43468.416465771596,0.6687457539921505,0.0446070293404533,0.7532918119118047,1.8832295297795119
1760,43483.06746136509,0.49454613924203666,0.7165360930513712,0.8514377707320578,2.1285944268301447
1761,43495.956805001864,0.3657232698363789,0.6031029940669174,0.8140254965468042,2.0350637413670105
1762,43534.64282317132,0.3907995453593868,0.7749491247927203,0.7771811368009313,1.942952842002328
1763,43715.133219983705,0.5192925659364509,0.7007976998571885,0.8665468101125527,2.166367025281382
1764,43766.76676778097,0.3840235726176692,0.7051507171043648,0.7872550946378909,1.9681377365947272
1765,43787.31558309406,0.5764902049060265,0.6372511207639707,0.646007141271225,1.6150178531780626
1766,43798.730129055635,0.9043056815041778,0.7154109799736431,0.8833105574964638,2.2082763937411594
1767,43819.59653465789,0.6687457539921505,0.61660444970992,0.8092047265197853,2.023011816299463
1768,43831.180916469086,0.49454613924203666,0.7338935685409265,0.7841167299556693,1.9602918248891732
1769,43885.59321193264,0.7084621726768019,0.7096526120652876,0.7174224228895186,1.7935560572237965
1770,43891.73637476066,1.0,0.7003991369737909,0.7364586350899744,0.0
1771,43910.172062597776,1.0,0.3598827491918862,0.6762431313833656,0.0
1772,43918.38475420301,0.9043056815041778,0.13333467815071978,0.7076250734549023,0.0
1773,44020.77493651449,1.0,0.7155909929231499,0.7616879349864875,1.9042198374662187
1774,44042.15404000973,0.9043056815041778,0.04490349131389138,0.8083290280234532,2.020822570058633
1775,44051.8473024429,0.6687457539921505,0.6270489844415759,0.8614512025051809,2.1536280062629523
1776,44061.84140973356,0.49454613924203666,0.7408707174568949,0.8982756144808196,2.245689036202049
1777,44081.19802439992,0.5292912498981288,0.8031989503892749,0.9056215373413671,2.264053843353418
1778,44093.91322500464,0.7044767136872186,0.6148638628595355,0.9432056271137114,2.3580140677842785
1779,44116.060692861676,0.6255320691714618,0.6486260648420973,0.882042925555515,2.2051073138887873
1780,44131.33312046655,0.6550773196905774,0.6888292575816082,0.8421469525598337,2.105367381399584
1781,44142.63878549292,0.4844381551943267,0.7029071278366581,0.7857154012723565,1.9642885031808912
1782,44167.449054524994,0.7224646298248341,0.7228590349982974,0.7562520109238864,1.890630027309716
1783,44177.13207050279,0.9043056815041778,0.0,0.7570190526545048,1.892547631636262
1784,44187.7262521728,1.0,0.7036777579412384,0.7125001500068521,0.0
1785,44202.377522052426,1.0,0.15757870410746538,0.661746390006314,0.0
1786,44212.863960910356,0.9043056815041778,0.3030396410313587,0.616110206258128,0.0
1787,44219.37791307699,0.6687457539921505,0.6430859957617114,0.6606823851934507,0.0
1788,44227.14821702889,1.0,0.6901473614739335,0.6731444931267218,0.0
1789,44234.14507395974,0.9043056815041778,0.0,0.668179402500391,0.0
1790,44244.437064527316,0.6687457539921505,0.6117184619293159,0.7105581931373873,0.0
1791,44249.7145565238,1.0,0.8367149312909792,0.7238177916299852,0.0
1792,44255.77171714965,1.0,0.08095312561722481,0.6783321622215395,0.0
1793,44263.637624671916,1.0,0.12620422518676822,0.7044310279852705,0.0
1794,44283.426394587055,0.9043056815041778,0.020772589972487446,0.7527556606434842,1.8818891516087106
1795,44312.209297524416,0.6687457539921505,0.6436836750030551,0.8082175268910405,2.020543817227601
1796,44320.71429007183,0.49454613924203666,0.7731042707919651,0.8472407719884648,2.118101929971162
1797,44376.496967731044,0.3657232698363789,0.7144312745922102,0.8454189217468918,2.1135473043672297
1798,44411.10196986794,0.2704570908283893,0.7584892020806588,0.800597912885593,2.0014947822139826
1799,44527.37236993328,0.20000651862289462,0.7045380091094592,0.6380764682964956,1.595191170741239
1800,44549.99384557059,1.0,0.7606259314740949,0.48369674238749205,1.2092418559687301
1801,44564.65193543221,0.9043056815041778,0.17608970345597572,0.6384055735676225,1.5960139339190562
1802,44583.867624316634,0.6687457539921505,0.10863117022633534,0.5654191752301078,1.4135479380752694
1803,44613.90162991481,1.0,0.8265548279840319,0.680282264077703,1.7007056601942574
1804,44638.655582949206,0.9043056815041778,0.6934696698282664,0.8952673006597607,2.2381682516494017
1805,44656.583182380644,0.9739612510965883,0.7247602124087135,0.8509291448371296,2.1273228620928237
1806,44683.23811389948,0.9043056815041778,0.727474745523252,0.8166397926903796,2.041599481725949
1807,44707.79079502716,0.9234916753260383,0.6593546500695128,0.748966954095857,1.8724173852396424
1808,44713.18419800033,1.0,0.7565535913633912,0.7175121342367251,0.0
1809,44718.581927340856,1.0,0.1725430319204722,0.6499918052714355,0.0
1810,44724.55253166022,1.0,0.190578831658419,0.7036427290610952,0.0
1811,44825.074036660335,0.9043056815041778,0.2750809315149872,0.7623740238388114,1.9059350595970284
1812,44837.81421487824,0.6687457539921505,0.3254788316487679,0.7919521809949839,1.9798804524874596
1813,44851.03191016458,0.49454613924203666,0.7074527165284626,0.8414571955118378,2.1036429887795944
1814,44913.72624166427,0.3657232698363789,0.7342952986803913,0.8450089881220196,2.112522470305049
1815,44933.010571634564,0.5018979809605195,0.7779468617825877,0.8051275079430346,2.0128187698575863
1816,44950.87102616957,0.8206934054974416,0.7351583606455213,0.918878317429519,2.297195793573797
1817,44982.67968797597,0.8817549752357996,0.8022843315839688,0.8558038244769545,2.1395095611923862
1818,45000.691546215196,0.9043056815041778,0.7434065455324201,0.8246733506787948,2.061683376696987
1819,45032.63061214868,0.6687457539921505,0.787247686225016,0.7603593492187128,1.900898373046782
1820,45077.811544964,0.9318926442311491,0.7609050693192442,0.7421678949221241,1.8554197373053103
1821,45083.163279029344,1.0,0.32404567814709273,0.706249338091287,0.0
1822,45096.214184530596,1.0,0.4162340165058238,0.6640955570736962,0.0
1823,45101.22904465375,1.0,0.3536821589243624,0.7159799938040464,0.0
1824,45204.54594560083,0.9043056815041778,0.44339579907272597,0.7742988926563759,1.9357472316409396
1825,45230.94449132517,0.6687457539921505,0.31792580360340417,0.7979942575438029,1.9949856438595073
1826,45366.145740005,0.49454613924203666,0.7961235574832903,0.8523241861704979,2.1308104654262445
1827,45387.97736891198,0.3657232698363789,0.8015713846851605,0.8732139382070337,2.1830348455175845
1828,45408.21462949858,0.2704570908283893,0.8131032882341408,0.8436882564000306,2.1092206410000767
1829,45444.1301785053,0.3483818199691699,0.7323965262711232,0.733564506306261,1.8339112657656527
1830,45455.76395823803,0.5451179401468687,0.7597695803624726,0.8656479160643886,2.1641197901609717
1831,45466.13252883381,0.4031217710495845,0.7928331638063382,0.8356172074788153,2.0890430186970383
1832,45490.154860476476,0.2981137664454229,0.8700116853963505,0.8062346331610097,2.0155865829025243
1833,45506.58885688739,0.47600992136022713,0.7938911522053093,0.6816428378881065,1.7041070947202663
1834,45522.1539013969,0.8504574527278882,0.8029613543919002,1.0,2.5
1835,45534.88494587099,0.7415812574890336,0.8734516780271727,0.9267902696225668,2.316975674056417
1836,45552.0224671574,0.7539998493968145,0.8200517008747954,0.8844034623222552,2.211008655805638
1837,45570.39228648515,0.8330779085128937,0.8425322349680041,0.8220463964158121,2.0551159910395302
1838,45592.480400946464,0.9043056815041778,0.9023505936016119,0.7968450840571584,1.992112710142896
1839,45648.907994081244,1.0,0.8001433100761215,0.7281496298052451,1.8203740745131127
1840,45683.9765175582,1.0,0.6795973239151478,0.6901624620251281,0.0
1841,45690.47335451342,1.0,0.7042554361050151,0.6409021934809183,0.0
1842,45701.35705910743,1.0,0.773707932182125,0.6282762361333845,0.0
1843,45708.87192720477,1.0,0.7138063596584835,0.6807218361373546,0.0
1844,45806.00372728097,0.9043056815041778,0.5956145224177036,0.7290338040491723,1.8225845101229308
1845,45816.83873400616,0.6687457539921505,0.5905887702214021,0.761088912288018,1.902722280720045
1846,45864.813874622814,0.49454613924203666,0.838449682800278,0.8030312993440389,2.0075782483600975
1847,45886.22973712171,0.42314087729844707,0.8442864582640457,0.8404799156596563,2.101199789149141
1848,45902.57392988776,0.5199230652152489,0.9109968873061896,0.8956128225384536,2.239032056346134
1849,45918.53152827413,0.5775090282972786,0.9150996916520788,0.9196398627382297,2.2990996568455744
1850,45953.72520503796,0.42707539990630206,0.9846879708265304,0.9065782229853656,2.266445557463414
1851,45968.08212663261,0.31582778496622743,0.8293146041301975,0.8680328798627017,2.170082199656754
1852,45992.0805917064,0.42934011796996874,0.974367410249632,0.8356732144411584,2.089183036102896
1853,46004.255374686334,0.697646655783828,0.8502560632663833,0.917193849699014,2.292984624247535
1854,46030.18429218766,0.6332687012265384,0.9377678385692223,0.8418059120273126,2.1045147800682815
1855,46039.975506012175,0.6861679930730794,0.9087177859038877,0.8050256153571138,2.0125640383927843
1856,46087.825350816456,1.0,0.9638644247159378,0.7444707594267586,1.8611768985668964
1857,46104.56894626818,0.9043056815041778,0.7835182012754658,0.7153927559529712,1.7884818898824282
1858,46111.24120962256,1.0,0.9390265147947996,0.6544287697276107,0.0
1859,46117.31488002197,1.0,0.8578091396180304,0.6502266314982142,0.0
1860,46145.94847376231,1.0,1.0,0.7044923692941666,1.7612309232354164
1861,46184.82762271518,0.9043056815041778,0.8864766699830882,0.7542391010143089,1.8855977525357723
1862,46202.498641659215,0.6687457539921505,0.9638766226757091,0.7877794680206179,1.9694486700515448
1863,46225.18572846136,0.49454613924203666,0.8055954457872775,0.81888259753223,2.047206493830575
1864,46231.030634052426,0.3657232698363789,0.8936548915636011,0.8639906073619362,2.1599765184048407
1865,46239.03785137406,0.2704570908283893,0.8275544432893451,0.8376186675918397,2.0940466689795993
1866,46263.82598435611,0.3334840841512135,0.828679313381989,0.7526626063339726,1.8816565158349317
1867,46278.054396522115,0.5047016187216898,0.9677168659105495,0.9082362151678386,2.2705905379195963
1868,46306.13529304573,0.480672502513728,0.9241934772618785,0.8767217030866052,2.1918042577165133
1869,46345.770330665335,0.619078485602043,0.9687189708893629,0.8897936080245166,2.2244840200612916
1870,46353.25047785444,0.5643928390148935,0.8456049747088004,0.8310296706026945,2.077574176506736
1871,46368.49507848162,0.41737580819682335,0.8919107346227142,0.8118726836177407,2.0296817090443517
1872,46390.35030243124,0.3086548113757243,0.8247830540623117,0.7663232599997517,1.9158081499993793
1873,46412.37609450469,0.6659028489200252,0.8985921875787304,0.7211221577019264,1.8028053942548161
1874,46443.56603746364,0.9043056815041778,0.7180902622433948,0.8271793326729419,2.067948331682355
1875,46464.92560493043,1.0,0.9441173207052526,0.7597321935226785,1.8993304838066962
1876,46476.17126209383,0.9043056815041778,0.9720215813806485,0.726198533214015,1.8154963330350373
1877,46492.160669974946,0.9912966375479075,0.8426345163665951,0.6566876855052945,1.6417192137632364
1878,46517.800989461306,1.0,0.9724094617068126,0.6262101457821154,0.0
1879,46538.5372074302,0.9043056815041778,1.0,0.577037850022316,0.0
1880,46544.88883255983,1.0,0.8323116163203688,0.5128980552238414,0.0
1881,46551.902338769636,1.0,0.9524771145783482,0.48512632240257914,0.0
1882,46735.58848305858,0.9043056815041778,0.947794655081726,0.5349858605365162,0.0
1883,46742.8930191654,1.0,0.8441600476047396,0.5694673250185048,0.0
1884,46749.19246764514,1.0,1.0,0.6365520149469376,0.0
1885,46756.407638085184,0.9043056815041778,0.8873854361534135,0.6831735899021263,1.7079339747553157
1886,47009.4119895621,0.6687457539921505,0.9682594757321741,0.7214266592309011,1.8035666480772528
1887,47027.296129524104,0.49454613924203666,0.9063943028789976,0.7565566427337016,1.891391606834254
1888,47048.27167643527,0.4645450523784627,0.9089480969788705,0.7963887071661948,1.990971767915487
1889,47054.460758421774,0.5288256508687413,0.8389090676668377,0.861348728064766,2.153371820161915
1890,47074.9712493415,0.5254819531581505,0.8919589047640061,0.8489792533541002,2.1224481333852503
1891,47091.68422514813,0.6434421227230916,0.9086875682315974,0.8561898237089131,2.1404745592722825
1892,47132.18684545561,0.4758337764670738,0.8867796478928273,0.7877763124316806,1.9694407810792014
1893,47149.2696081458,0.3518852354096767,0.8572486243638278,0.7754447584397552,1.938611896099388
1894,47177.28348502957,0.40681207494189936,0.7733864043382582,0.6776324116236112,1.694081029059028
1895,47205.309308069736,0.9304856224856632,0.8710678789799332,0.7822024232846558,1.9555060582116397
1896,47249.65688767993,0.9043056815041778,0.8825248009689035,0.7460088995370451,1.8650222488426127
1897,47267.40587724153,0.6687457539921505,0.8907400860626491,0.6806261223930716,1.7015653059826792
1898,47346.789456067345,0.49454613924203666,0.8971719363456464,0.6192610527424894,1.5481526318562235
1899,47359.475613726354,0.7970336907444916,0.8441887212666791,0.6014087385226292,1.503521846306573
1900,47470.38989541889,0.9043056815041778,0.8815001769218712,0.5907333931493131,0.0
1901,47476.15672131947,1.0,0.8767466935956945,0.5249615529469444,0.0
1902,47483.17656481063,1.0,0.6931858343768934,0.4850839389469227,0.0
1903,47491.860600624466,1.0,0.8139224647854897,0.46115504256327006,0.0
1904,47504.36858241856,0.9043056815041778,0.7776160516102715,0.5176192861318026,0.0
1905,47515.77987151081,1.0,0.859725521580253,0.5491557256578928,0.0
1906,47522.0203699353,1.0,0.2980257055416865,0.5969001226981424,0.0
1907,47610.28742963745,1.0,0.6932783959464962,0.6599127587100926,1.6497818967752313
1908,47633.75200381444,0.9043056815041778,0.608378502646469,0.7179334461347802,1.7948336153369504
1909,47666.76766777875,0.6687457539921505,0.5482856905304012,0.7375567869629128,1.843891967407282
1910,47677.7359323797,0.49454613924203666,0.644108509850492,0.7789298903123438,1.9473247257808595
1911,47692.13551224772,0.3657232698363789,0.8435903333050552,0.8227673047880448,2.056918261970112
1912,47715.695513242536,0.32075600171278,0.8362438412121973,0.8046922833155141,2.0117307082887854
1913,47746.65288983609,0.3682356147585025,0.7048715747759502,0.7862625356777069,1.9656563391942672
1914,47759.88987293395,0.3404521906358652,0.5300969913559789,0.7111657821112473,1.777914455278118
1915,47797.88660641191,0.2517688007293684,0.8344489466377409,0.6508687298383835,1.6271718245959588
1916,47807.37103131351,0.4020042016788151,0.8540585337594493,0.5248321597271609,1.3120803993179022
1917,47832.97086447765,0.9016752307748767,0.8180828793104988,0.7683340356213437,1.9208350890533592
1918,47852.52921869354,0.9043056815041778,0.7629559583718442,0.961524216865594,2.403810542163985
1919,47876.29176729984,0.8052541548075134,0.7227620857008763,0.8946891649670385,2.2367229124175965
1920,47885.708673201974,0.8470962137575362,0.7660856063366434,0.8578222773661413,2.144555693415353
1921,47906.43465349797,0.8991083262502853,0.8247605359597439,0.7949420476875244,1.987355119218811
1922,47932.519955556025,0.9043056815041778,0.6948636786883647,0.7594814007609342,1.8987035019023355
1923,47948.739958291015,0.6687457539921505,0.7548378182253566,0.6956513892733961,1.7391284731834902
1924,47971.13190688267,0.6916880717604328,0.8131897169063442,0.6631422523586449,1.6578556308966121
1925,47989.02938808487,0.887400080880813,0.8085432426806853,0.6390684093604331,0.0
1926,47998.55227810855,1.0,0.739964090678725,0.5716739805966715,0.0
1927,48005.97854686884,1.0,0.27326685354090025,0.5241317674740781,0.0
1928,48017.0319123147,1.0,0.4487805395853534,0.5543663386906656,0.0
1929,48030.29791786724,1.0,0.5674826721364843,0.6171769200201344,0.0
1930,48040.813551018815,0.9043056815041778,0.5124929620440783,0.6670874856346938,0.0
1931,48056.602711275766,0.6687457539921505,0.4179770544441931,0.6906154359544548,1.7265385898861372
1932,48065.501319647,0.49454613924203666,0.7458492583310949,0.7376102970995463,1.8440257427488658
1933,48086.42801999654,0.3657232698363789,0.7846544563681417,0.7615680143447207,1.9039200358618016
1934,48096.13587565859,0.2704570908283893,0.8224771984472786,0.7439208224573626,1.8598020561434065
1935,48129.91244291112,0.5043457240212388,0.7901760318068332,0.6673777473127824,1.668444368281956
1936,48152.97656598833,0.9043056815041778,0.31542467944984937,0.8283529190410471,2.0708822976026178
1937,48178.46489414935,0.6687457539921505,0.6924052138261167,0.8002354657285301,2.000588664321325
1938,48192.740793943754,0.49454613924203666,0.7649130830529625,0.7976581085186056,1.9941452712965142
1939,48201.628426158495,0.3657232698363789,0.6443600605613937,0.752627487115154,1.881568717787885
1940,48229.78381822474,0.5913577443486229,0.7009488041650913,0.6993679967995095,1.7484199919987735
1941,48239.04866399854,0.9043056815041778,0.464454643375921,0.847984841001453,2.1199621025036324
1942,48260.665621771106,0.6687457539921505,0.6699489227235584,0.788520433773287,1.9713010844332173
1943,48277.91633200838,0.49454613924203666,0.6486636641506054,0.7558592636330269,1.8896481590825673
1944,48299.636302790226,0.6591402747100652,0.6630652241670156,0.6739131575130153,1.6847828937825382
1945,48312.8638439003,0.9043056815041778,0.6676858624051127,0.7019659558248013,0.0
1946,48318.53004355374,1.0,0.6516682343892336,0.6358561912767061,0.0
1947,48325.19325546721,1.0,0.2440202515537769,0.58925596346801,0.0
1948,48330.43424320023,1.0,0.06058201210360889,0.6324235849402947,0.0
1949,48341.75374668721,1.0,0.3263875854032757,0.6973787485946599,0.0
1950,48368.29299881717,0.9043056815041778,0.2886506749083829,0.7495474734160623,1.873868683540156
1951,48379.615707567056,0.6687457539921505,0.7402771381478636,0.7979472603267422,1.9948681508168555
1952,48397.24968288035,0.49454613924203666,0.6578396600042203,0.8241133449269041,2.0602833623172603
1953,48412.420032618866,0.3657232698363789,0.7600596645799367,0.8415491582899604,2.103872895724901
1954,48433.34571260304,0.2704570908283893,0.6879141771392778,0.7754871652269798,1.9387179130674494
1955,48462.86985736473,0.20000651862289462,0.6915707885269273,0.6510237558628281,1.6275593896570704
1956,48475.92033018357,0.147907408783868,0.6996303845840268,0.4840011062011895,1.2100027655029737
1957,48494.13337704775,0.10937944284908938,0.7489674578567419,0.28092999232469346,0.0
1958,48499.99382773542,0.0808875134541745,0.6908797519635214,0.03577786746074066,0.0
1959,48506.33666948367,1.0,0.6464147717673875,0.0,0.0
1960,48522.87899815342,1.0,0.23903039773513318,0.00531368349838867,0.0
1961,48527.960950355126,0.9043056815041778,0.01290722662679672,0.08347518539707102,0.0
1962,48544.438354167956,0.6687457539921505,0.09816772000692423,0.04171450687139779,0.0
1963,48559.75739735019,0.49454613924203666,0.20822548035345545,0.0,0.0
1964,48655.909467370344,0.3657232698363789,0.6623955531284562,0.0,0.0
1965,48799.00326302517,0.2704570908283893,0.6782695042272302,0.0,0.0
1966,48811.13380414916,0.20000651862289462,0.6459401998882518,0.0,0.0
1967,48820.98214314746,1.0,0.7671491710413049,0.0,0.0
1968,48831.25194831556,1.0,0.18226859317825864,0.0,0.0
1969,48843.2893664726,0.9043056815041778,0.3947879915183736,0.0,0.0
1970,48877.02708389148,0.6687457539921505,0.6618397419157936,0.03641095593288872,0.0
1971,48950.55236383234,0.49454613924203666,0.6511772571121878,0.041878255213145234,0.0
1972,48958.328235046174,1.0,0.6094787775743724,0.0,0.0
1973,48965.110269694705,1.0,0.19059290979487253,0.14550648826546023,0.0
1974,48971.636099964155,1.0,0.0,0.2387401682949285,0.0
1975,48985.80334665564,0.9043056815041778,0.242829862473509,0.4312344475194394,1.0780861187985984
1976,49015.18319836944,0.6687457539921505,0.24515294868649254,0.41548043600389667,1.0387010900097418
1977,49029.19148094654,0.989794545838265,0.6775515156425096,0.4501643780838287,1.1254109452095717
1978,49081.10663305055,0.9043056815041778,0.21706165017636375,0.6438463612760725,1.6096159031901813
1979,49101.56464115313,0.6687457539921505,0.6245723541501256,0.7665913564850202,1.9164783912125505
1980,49120.5482307662,0.49454613924203666,0.6327360530211037,0.7531818211990864,1.8829545529977159
1981,49161.8619569215,0.8686418315640817,0.6915656125878611,0.6674332909295407,1.668583227323852
1982,49181.979975249495,0.9043056815041778,0.026095610229476582,0.7630046452772256,1.9075116131930638
1983,49198.32115858161,0.8758073875929547,0.6598289809940969,0.8492723808659229,2.1231809521648075
1984,49211.12242949281,0.9043056815041778,0.6087047559756702,0.8510868729473483,2.1277171823683707
1985,49224.881834038315,0.6687457539921505,0.6280534982470372,0.787833212610381,1.9695830315259524
1986,49251.145034020454,0.8326323906994877,0.6426413759325222,0.8052747258317231,2.0131868145793077
1987,49269.81516108262,1.0,0.7638277136259115,0.7860975411163181,1.9652438527907954
1988,49288.943057099736,1.0,0.7127658792648335,0.7345656741417304,1.8364141853543259
1989,49302.32790861486,1.0,0.6460892078836161,0.6825653620495581,0.0
1990,49308.06203172907,1.0,0.09594822487683066,0.6160611203924934,0.0
1991,49314.01148818887,1.0,0.03957956684396459,0.6648644013860182,0.0
1992,49410.354695628965,0.9043056815041778,0.0,0.7160694122314453,1.7901735305786133
1993,49433.94302037759,0.6687457539921505,0.005580871286904071,0.703768714903043,1.7594217872576077
1994,49474.72088561936,0.8708887668611902,0.6685989089863293,0.787409926282328,1.96852481570582
1995,49521.35978344883,0.9043056815041778,0.1493952073100827,0.8454261122097271,2.113565280524318
1996,49574.00495436325,0.6687457539921505,0.6331130560848016,0.8468206188913041,2.11705154722826
1997,49628.774686422505,0.49454613924203666,0.6704140757810948,0.8224255128118857,2.0560637820297143
1998,49640.14095559369,0.7161611149596194,0.7307689445711816,0.7363595843932069,1.8408989609830173
1999,49653.721987996316,1.0,0.6817349957912209,0.7499523535959401,1.8748808839898503
