step,simulated_time_sec,velocity_clicks_per_min,toxicity,expected_reward,rpe,dopamine_level,dopamine_baseline,tolerance,risk_index,control_signal_u,intervention_type,interaction_type,lambda_intensity,alpha1_effective,alpha2,decay_factor
0,9.617915021962284,623.8358299381041,0.6931887891933873,0.34917629811970297,0.8,1.0,0.2,0.34917629811970297,0.2079566367580162,0.0,none,click,6.146389807364687,0.47727551567735493,0.3,1.0
1,17.32082517125741,3894.6319531904724,0.7510789937267874,0.4705356363385328,0.650823701880297,1.0,0.2,0.4705356363385328,0.8256799171929237,0.309617848830513,none,click,1.1478133176503074,0.500431597490715,0.3,1.0
2,32.48714312181534,158.2453966627879,0.5708793323958172,0.47290581941771404,0.01271077568786072,1.0,0.2,0.47290581941771404,0.7719053117621251,0.1662592242461427,none,click,0.31056720707113505,0.4283517329583269,0.3,1.0
3,43.070297303104,850.4080962849697,0.8275253896377335,0.5711932676923436,0.527094180582286,1.0,0.2,0.5711932676923436,0.8494608444143502,0.26996380306971096,none,click,0.7170660117810487,0.5310101558550935,0.3,1.0
4,48.6604199903036,536.6608512670881,0.4188128643199628,0.6288199278036951,0.3090392285514979,1.0,0.2,0.6288199278036951,0.7272390554924001,0.1741622557622869,none,click,0.5912685564163265,0.3675251457279851,0.3,1.0
5,63.85328764467435,39.492215271643545,0.7780145398476176,0.5933071322458132,-0.1904473887903319,0.9043056815041778,0.2,0.5933071322458132,0.8352065997317039,0.3407808344471697,friction,click,0.30037005083929486,0.4814238244973023,0.3,0.9417416811132371
6,72.02925446234012,660.4723478490944,0.8013671998868078,0.6691433028498825,0.4066928677541868,1.0,0.2,0.6691433028498825,0.6864828610791166,0.248298625296387,none,click,3.172732156292321,0.5205468799547232,0.3,1.0
7,77.49854790059733,3510.5082981464734,0.23058642013147845,0.7308382744610903,0.33085669715011745,1.0,0.2,0.7308382744610903,0.6718436762047154,0.2877711972346744,none,click,3.034990541202492,0.2922345680525914,0.3,1.0
8,145.22631561281668,442.94978283460307,0.5483456900226892,0.7489299654931941,0.09702179909350817,1.0,0.2,0.7489299654931941,0.7673740235957177,0.47684407828766806,break,click,0.3000000000001074,0.31339900861542225,0.3,0.7473656151737491
9,163.94271066686912,192.34473249807456,0.628681528454442,0.7127251976162601,-0.1941582856433799,0.9043056815041778,0.2,0.7127251976162601,0.7939832109664369,0.579180359157412,break,click,0.3029380172431249,0.27141220772490043,0.3,0.6011709257272914
10,173.90709287993826,180.64341185539303,0.7334759924884213,0.6903146406511312,-0.1201829365528081,0.6687457539921505,0.2,0.6903146406511312,0.6698225145270893,0.5019287686558236,break,click,0.3517755665030621,0.3510622382140904,0.3,0.7115303426089701
11,203.04672427647196,41.181028808166246,0.7827451067454684,0.644169600470613,-0.24746580126818923,0.49454613924203666,0.2,0.644169600470613,0.5693921693093748,0.43838289365958494,friction,click,0.3000193792142717,0.41166377559500195,0.3,0.8023101655781394
12,258.1699527832642,522.4657695158636,0.9102230016987388,0.7105214276709241,0.355830399529387,1.0,0.2,0.7105214276709241,0.5232417810492402,0.4028829790334156,friction,click,0.30000000027470675,0.4811818125789948,0.3,0.8530243301934669
13,273.7299399704882,154.24177225355234,0.6331663965242497,0.6730155201699541,-0.20113601409185888,0.9043056815041778,0.2,0.6730155201699541,0.7995117690603587,0.726337512882393,break,click,0.31370683074900724,0.19083393585569944,0.3,0.4210192263930578
14,304.80776588658847,77.2254792365205,0.8586372933340096,0.64557360321841,-0.14716502445729873,0.6687457539921505,0.2,0.64557360321841,0.7114370984586776,0.5982768910143963,break,click,0.30001409369887005,0.3467459529422402,0.3,0.6380399585737626
15,346.1864729168311,261.0038054622284,0.9209060011341549,0.6718909415412833,0.14113415417645292,0.8997147751840264,0.2,0.6718909415412833,0.6156886107003009,0.5674694329405914,break,click,0.3000000928126117,0.36172255936761494,0.3,0.6364294314312331
16,369.70770245626767,255.08870571328688,0.8686855703903755,0.6870533558215297,0.08131272579551307,1.0,0.2,0.6870533558215297,0.8734273923362545,0.7030143847534889,break,click,0.30023956260938056,0.2582380047087672,0.3,0.4716897918254386
17,379.73456384403545,59.83926343411594,0.7224070958042432,0.6402398329005364,-0.25105072862676314,0.9043056815041778,0.2,0.6402398329005364,0.8304150066100235,0.6452628464948478,break,click,0.30198606301799424,0.29152186540989194,0.3,0.5962045426816149
18,422.76447188810585,153.38168962016846,0.8599379904222442,0.6367819774656198,-0.018543725664203814,0.6687457539921505,0.2,0.6367819774656198,0.7157534047656497,0.5421677099783917,break,click,0.3000000329368472,0.43387063007703874,0.3,0.7975926717480831
19,439.9180393017476,104.93444055074553,0.8215171428760468,0.6190942640077128,-0.09485535533916445,0.49454613924203666,0.2,0.6190942640077128,0.5902407201118137,0.49778698814294475,break,click,0.30372408329365913,0.4731023012459233,0.3,0.8949984186665568
20,466.3002956845821,409.3660467581149,0.8138916704136732,0.674953166543544,0.29955912964676734,1.0,0.2,0.674953166543544,0.5031153933313234,0.4531060461810093,break,click,0.30024653685101177,0.4703130578227209,0.3,0.8948855305450046
21,478.02592843968876,51.16994643540179,0.809094461919873,0.6364575696939359,-0.20644350253935523,0.9043056815041778,0.2,0.6364575696939359,0.859998719897613,0.5889467529508216,break,click,0.30143089140093693,0.38358654705900025,0.3,0.732541764970202
22,516.8974409765957,385.8867077981105,0.853120401523257,0.6872634768455169,0.27246101581533066,1.0,0.2,0.6872634768455169,0.7173485490069038,0.4927516206401019,break,click,0.3000002473271977,0.5371348361523988,0.3,0.992400298502126
23,523.4598814259928,548.5764065608771,0.7388694484365309,0.7455795728592826,0.3127365231544831,1.0,0.2,0.7455795728592826,0.8408051841967591,0.49933153575353884,break,click,3.972153494503992,0.49554777937461236,0.3,1.0
24,530.9603243495485,3999.763788053466,0.47437614842480225,0.7930214447178898,0.25442042714071744,1.0,0.2,0.7930214447178898,0.7617002475432181,0.448431074742741,none,click,1.3413689695274813,0.3897504593699209,0.3,1.0
25,539.6186519876794,1108.7591508690386,0.9440109196607398,0.8316168130518267,0.20697855528211018,1.0,0.2,0.8316168130518267,0.9028684730963533,0.5221527777497575,break,click,3.656487876966874,0.5776043678642959,0.3,1.0
26,618.4176237029875,380.71562797020596,0.8343988642949446,0.8430804808785357,0.06147715405840315,1.0,0.2,0.8430804808785357,0.8703055352880271,0.5716290768147558,break,click,0.3000000000000001,0.4473339474617945,0.3,0.8380814002306426
27,634.0254954768227,76.88428104667427,0.6909672569724795,0.7682142110557522,-0.4014915010839531,0.9043056815041778,0.2,0.7682142110557522,0.8301945335251878,0.6206837349719619,break,click,0.3039202388700846,0.3220294467408729,0.3,0.6759829979698473
28,652.8253956314145,255.32050492447078,0.9184307583751297,0.7701072208519381,0.010151799287401175,0.7648924391079062,0.2,0.7701072208519381,0.7427194178045816,0.6510947607801617,break,click,0.3059290296326915,0.32392165783321,0.3,0.5709155274598589
29,671.312397519421,227.18664851355788,0.8644851897633695,0.7600599519038167,-0.05388131532830587,0.7375982272903027,0.2,0.7600599519038167,0.7729151366126771,0.6999726821158894,break,click,0.3029264872266112,0.2476856614157271,0.3,0.45380789632953245
30,693.5679096907253,134.79806606599357,0.8509388728023809,0.7290885408077294,-0.16609293292013427,0.5454634342582622,0.2,0.7290885408077294,0.6420559590753521,0.7364667172432442,break,click,0.3005785957056817,0.2034384925807213,0.3,0.376476124635287
31,703.8615629934006,0.0,0.9102726162610542,0.6780045658922137,-0.27395223267720237,0.4033772684159611,0.2,0.6780045658922137,0.5664072608254622,0.7526235650126955,break,click,0.3000033661757889,0.19935326749261081,0.3,0.3533949131430003
32,717.1815485742355,135.1352814217663,0.8852449498890811,0.6656111875341888,-0.06646298917046523,0.29830271005422165,0.2,0.6656111875341888,0.4895640302626079,0.6821132337949614,break,click,0.3812890901617365,0.25162916858356255,0.3,0.4541239594551687
33,750.0787914113539,310.0563792079021,0.8933731952763424,0.6970586483907264,0.16864588411386006,0.6655573492610452,0.2,0.6970586483907264,0.4409398215455632,0.5825786571420546,break,click,0.30000096628294926,0.33235641153114853,0.3,0.5963162142379838
34,766.3111740926411,184.81575126111525,0.6559412105624989,0.6713129909630565,-0.13806835403308293,0.9043056815041778,0.2,0.6713129909630565,0.8245630591469479,0.7704064983422647,break,click,0.3094078616225396,0.16332098460197841,0.3,0.35322078473719243
35,785.0038095953435,96.29460756027524,0.8374467040022103,0.6466576210532792,-0.13222137951160728,0.6687457539921505,0.2,0.6466576210532792,0.7233236710710695,0.7740210765499067,break,click,0.3008474689660395,0.201489856237928,0.3,0.37663156153247923
36,798.1928242030374,181.9696217941808,0.9197564346623281,0.654243725021532,0.04068262352061092,0.6485859485444214,0.2,0.654243725021532,0.6331287794146327,0.7491119426270595,break,click,0.319808785512912,0.24274570085386374,0.3,0.42744250867156286
37,831.3509093147563,271.4270130400008,0.9077609136497398,0.6801482820715337,0.13892049810333884,1.0,0.2,0.6801482820715337,0.8130904109761127,0.7338183158978677,break,click,0.30000427322290607,0.2791463443304643,0.3,0.4957275444001952
38,840.8052369737617,0.0,0.8072697122872999,0.6285867204961357,-0.2765134259278837,0.9043056815041778,0.2,0.6285867204961357,0.872971688105255,0.6917979421703184,break,click,0.30000003782460327,0.3309595648382785,0.3,0.6329213507501946
39,871.1222503374422,316.6538829151527,0.8088750409724887,0.6605977450763506,0.17166815363404941,1.0,0.2,0.6605977450763506,0.7175112115281205,0.6262518823600219,break,click,0.3000031729878111,0.44782040646731197,0.3,0.8553536289732122
40,876.9101557237763,207.3288901427685,0.7586936452655559,0.6564786500176908,-0.02208980976511199,0.9043056815041778,0.2,0.6564786500176908,0.8598718806292017,0.590487937561335,break,click,4.9395533375462035,0.5034774581062225,0.3,1.0
41,887.564210044683,2815.829457630066,0.9239193202606005,0.7205352041619955,0.3435213499823092,1.0,0.2,0.7205352041619955,0.7533617145275174,0.539793089920872,break,click,0.6086903299354618,0.5695677281042402,0.3,1.0
42,897.2844956619293,2345.6100877886697,0.8722830466984007,0.7726471087843606,0.27946479583800454,1.0,0.2,0.7726471087843606,0.8945576625296936,0.5655242061755371,break,click,9.131578532832535,0.5489132186793604,0.3,1.0
43,933.4080221668767,830.4837014152343,0.6815423753766896,0.8150416871323114,0.2273528912156394,1.0,0.2,0.8150416871323114,0.8376954717115969,0.6098379989299251,break,click,0.3000006811833877,0.47261695015067584,0.3,1.0
44,978.108893655933,308.71881330945644,0.9683972527144149,0.8253078985032409,0.05505545586171667,1.0,0.2,0.8253078985032409,0.9250898433019866,0.6789786656869145,break,click,0.3000000137629898,0.5292216664619023,0.3,0.9010192328465717
45,994.7907562796039,143.86882652986853,0.9258033937082943,0.7912639711508096,-0.1825701684867581,0.9043056815041778,0.2,0.7912639711508096,0.9139672734330784,0.7258746554328336,break,click,0.3044929587216386,0.3848008401261963,0.3,0.6747088024622189
46,1013.9032854303132,219.75113638187133,0.9714219669303179,0.7855087370369925,-0.030864067208311474,0.6687457539921505,0.2,0.7855087370369925,0.7719784566971671,0.753266333093343,break,click,0.30075493248867163,0.31826408493613684,0.3,0.5407423772531066
47,1029.3153873268682,194.6522297955071,0.9294740071837979,0.7710654046498303,-0.07745644620070968,0.49454613924203666,0.2,0.7710654046498303,0.6445218095353319,0.7898428133721516,break,click,0.3111746897005087,0.2373470254624337,0.3,0.415095035428504
48,1037.7030182987805,71.53390534338284,0.8606609937552203,0.7242021319058873,-0.2513175260929916,0.3657232698363789,0.2,0.7242021319058873,0.5389757217421253,0.7787740745121544,break,click,0.33050784091600854,0.2164447667732109,0.3,0.3976831256400166
49,1049.0472426053561,105.78070104841174,0.918944852269673,0.6994940934488784,-0.13250382946053607,0.2704570908283893,0.2,0.6994940934488784,0.4935631409584151,0.7262240797745257,break,click,0.3014717028259258,0.25629642016269344,0.3,0.45156163002518135
50,1125.7778017458315,304.96324101014557,0.8937898783150706,0.7234750965116911,0.12860489697133892,0.5426836037430451,0.2,0.7234750965116911,0.439693381861316,0.6112045324670821,break,click,0.30000000000000177,0.3302818581737246,0.3,0.5924168759443798
51,1137.5327611652165,153.12685784619865,0.8321361468655757,0.7018448221696142,-0.11599845077115489,0.9043056815041778,0.2,0.7018448221696142,0.8913363181984072,0.8901389159905321,break,click,0.3436360027484863,0.09655488896305355,0.3,0.18120311724563687
52,1148.3545350340496,110.88755083452817,0.909433878422357,0.6816093474001398,-0.10851844441527547,0.6687457539921505,0.2,0.6816093474001398,0.7586687710664681,0.8594257848519318,break,click,0.4057585905258932,0.14246609093811047,0.3,0.25270091261318905
53,1158.6636498377,116.40184660423886,0.9601403455702991,0.6711601320479307,-0.05603686635969163,0.49454613924203666,0.2,0.6711601320479307,0.6587013869625318,0.8352200881140112,break,click,0.3889255905980966,0.16828055440693657,0.3,0.2881239377390291
54,1174.9715575796445,183.95983393282862,0.9505806206750613,0.677515036885299,0.03407997070563573,0.4896243125846591,0.2,0.677515036885299,0.5707422862073677,0.8339291820152328,break,click,0.31138068145531766,0.15958529970157279,0.3,0.27503693594656264
55,1183.3766089139147,71.38564372041454,0.9611358358447664,0.6574293687029875,-0.10771506431239763,0.5968636033458963,0.2,0.6574293687029875,0.727872715516675,0.8883131039184212,break,click,0.3996096309340601,0.10444938370030021,0.3,0.1787126513804106
56,1217.832364516494,52.240909204303115,0.8194843740211931,0.6234197748908734,-0.18238604518701207,0.44138835862017,0.2,0.6234197748908734,0.5825319227835742,0.827689381525428,break,click,0.3000004736869789,0.15009119550074115,0.3,0.28437471192502817
57,1224.7469758722534,86.77277277489024,0.9207778464873,0.6132450403247985,-0.05456488567861062,0.3264124031575485,0.2,0.6132450403247985,0.5379104242433005,0.7649471003383632,break,click,0.35814307944070206,0.21682669385994277,0.3,0.3815281438896664
58,1240.096222734698,39.08986580104076,0.910751468097615,0.5929184692570062,-0.10900697402469006,0.24138619620181623,0.2,0.5929184692570062,0.47874436033981504,0.6545041123135082,break,click,0.30541409693638827,0.2970698841290535,0.3,0.5264390837913665
59,1266.9830736871363,156.21018643758597,0.9005164044406617,0.6027272706962375,0.05260246601030716,0.3289042567267841,0.2,0.6027272706962375,0.43452326608372294,0.5279569948180466,break,click,0.30002041319603817,0.37777370492418727,0.3,0.6743471617439971
60,1284.9389846399363,133.6607207681519,0.8477045924356206,0.6005270930603714,-0.01179907351823739,0.5352735324001953,0.2,0.6005270930603714,0.6563866288231276,0.5927092499622404,break,click,0.3036284169272458,0.33653445222994066,0.3,0.6242734018249195
61,1305.937740356386,85.71936472359388,0.847683861575947,0.5875606973638998,-0.06953595636790555,0.3958417041255277,0.2,0.5875606973638998,0.5645334767470179,0.5179164947950238,break,click,0.30007415227840323,0.4132197074346985,0.3,0.7665367954905424
62,1316.4225634616146,228.90228818483052,0.9194387228093818,0.6170764445302823,0.1582865242718292,0.7194232924355974,0.2,0.6170764445302823,0.5184238703540731,0.4577331747546566,break,click,0.3227059150338469,0.4594670814904721,0.3,0.8092407831827455
63,1335.4185876170854,221.09889762329124,0.9508012404060772,0.6421935930628344,0.1346977977018703,1.0,0.2,0.6421935930628344,0.9339967633611422,0.7282958137358604,break,click,0.3013052231887847,0.2542770769053184,0.3,0.4381666313473558
64,1345.5653033618994,118.2648681779948,0.9174866193013014,0.6355516679029218,-0.03561919818969028,0.9043056815041778,0.2,0.6355516679029218,0.924705933479912,0.7485756377199327,break,click,0.4471121370847795,0.25005779613917617,0.3,0.44102320391291083
65,1361.6765276212636,186.2055888308012,0.856671956347197,0.6403143629436489,0.02554129630917812,0.8033661816623485,0.2,0.6403143629436489,0.7505451034141677,0.6811595425329096,break,click,0.3123770160950344,0.33268026228099284,0.3,0.6130447760870756
66,1439.958239893494,45.987752381817266,0.9017270765196654,0.6157065887210236,-0.13196613420654457,0.8419742992324365,0.2,0.6157065887210236,0.8795941848668158,0.6440644389495436,break,click,0.3000000000000004,0.42453237788812315,0.3,0.7571594802573667
67,1474.7683728866004,275.78176739230304,0.9363189412677515,0.6524748337974543,0.19718009115323099,1.0,0.2,0.6524748337974543,0.7473516390535596,0.5948510784697146,break,click,0.30000052809873634,0.5540894419616026,0.3,0.9644261905237799
68,1498.1785738574083,281.9283784974793,0.6240701735748715,0.654707019556414,0.011970726111830587,1.0,0.2,0.654707019556414,0.8418421029201133,0.5543001130762428,break,click,0.30041152363808277,0.4496280694299486,0.3,1.0
69,1505.4414860987247,1073.9493664302347,0.7619054765763592,0.7190939302930304,0.34529298044358603,1.0,0.2,0.7190939302930304,0.88405973830096,0.5085218647563077,break,click,3.4567005589876545,0.5047621906305437,0.3,1.0
70,1512.1486686157668,4472.8170023364055,0.967238017005245,0.7714745897908316,0.28090606970696963,1.0,0.2,0.7714745897908316,0.9459284971793039,0.5378962588561458,break,click,1.206469385303123,0.5868952068020981,0.3,1.0
71,1523.4614799376195,1378.9675754483537,0.9824386671628056,0.8140878081924445,0.2285254102091684,1.0,0.2,0.8140878081924445,0.9507371063938701,0.5901260020598847,break,click,1.017014732402452,0.5929754668651223,0.3,1.0
72,1545.189367851094,220.91424712400686,0.9427053924101827,0.8016703166210827,-0.06659230308234454,0.9043056815041778,0.2,0.8016703166210827,0.9392361169800036,0.6461012573555878,break,click,0.3018263877655957,0.5518302826576958,0.3,0.9562421502698629
73,1563.238035830328,232.70415328334963,0.8369916566357334,0.7844601647221794,-0.09229429669902889,0.6687457539921505,0.2,0.7844601647221794,0.7520344973706986,0.6688905812273287,break,click,0.30715598727055005,0.42151645388761233,0.3,0.7881807859374987
74,1571.3904369921054,73.59794839502135,0.8949007537723865,0.7387726200771655,-0.24501235234220942,0.49454613924203666,0.2,0.7387726200771655,0.6544955650082053,0.7085174171924375,break,click,2.1798868558574647,0.34596478399316377,0.3,0.620052686647298
75,1604.7624527243286,269.6870357552249,0.9042435363706242,0.7481815314746212,0.050457942802177747,0.5305692428260141,0.2,0.7481815314746212,0.5721273382180515,0.7285539666919386,break,click,0.3000007996749029,0.29315998914282765,0.3,0.521917996326553
76,1609.7673131374022,0.0,1.0,0.701903028815793,-0.2481815314746212,0.7079438024840452,0.2,0.701903028815793,0.829151020499339,0.8262185825397109,break,click,0.30000006548198505,0.1828978786633833,0.3,0.30482979777230546
77,1618.9889749842087,130.12838899699773,0.8469695300670032,0.680317632901554,-0.11575777753604433,0.5235336033594031,0.2,0.680317632901554,0.6610724683010235,0.7862387061572524,break,click,0.3117877226799148,0.20730337070061558,0.3,0.38475883469001626
78,1628.3225418771738,128.56821124884752,0.9148608374963779,0.6687234738476244,-0.062176950092305616,0.3871598746747386,0.2,0.6687234738476244,0.5912984630197926,0.7830185350705843,break,click,0.31138285532811893,0.20363378823299932,0.3,0.3598123978633352
79,1652.5914856965703,222.50659279552738,0.9142757281364915,0.6811326354392413,0.0665476312150306,0.4829763308404729,0.2,0.6811326354392413,0.5245553124144324,0.7196724776725963,break,click,0.30024024087906326,0.25704206545236075,0.3,0.45437049568659793
80,1664.9877739655572,145.2047549187176,0.827365589814578,0.6651066449604035,-0.0859438968835553,0.7376552450030659,0.2,0.6651066449604035,0.7988454611565848,0.790169556749791,break,click,0.3341829861098014,0.19352983082938047,0.3,0.3644998640811816
81,1673.2272759472814,72.8199351527358,0.9685890932388868,0.6483639961585189,-0.08978717940004044,0.5455055995947106,0.2,0.6483639961585189,0.7141817933092813,0.7317031779179729,break,click,0.3275498957893157,0.29982327309713835,0.3,0.5103934015264538
82,1712.511397237768,290.1935852326358,0.8404609579413135,0.6734644866682045,0.1346084643529326,0.782618601691187,0.2,0.6734644866682045,0.5817681324583475,0.7068134806429999,break,click,0.30000006187104333,0.28544254385559314,0.3,0.5323589287784577
83,1732.351420906177,90.72569821910616,0.8462974632639166,0.6479350829912905,-0.13690863226236338,0.9043056815041778,0.2,0.6479350829912905,0.9173155870250183,0.7047409547747041,break,click,0.3001015353841252,0.31754102016817676,0.3,0.5896561288140982
84,1759.7117983038756,241.2247427754837,0.9048559879863545,0.6677053878472373,0.10602383947124128,1.0,0.2,0.6677053878472373,0.779325724666814,0.6409419564123339,break,click,0.30002738444025856,0.44765053415918377,0.3,0.7966128521130876
85,1842.0755376852128,364.2379550192902,1.0,0.7213327856869947,0.2875920559268754,1.0,0.2,0.7213327856869947,0.9651745110482917,0.6095268234064889,break,click,0.3000000000000006,0.5846414671977802,0.3,0.9744024453296335
86,1847.4328512740856,895.971445459086,0.8524234889674493,0.7732959649851747,0.27866721431300534,1.0,0.2,0.7732959649851747,0.9239520666045018,0.5554045669797547,break,click,4.03657431915145,0.5409693955869798,0.3,1.0
87,1853.182257882985,5217.929786625994,0.8808298906968095,0.8155695508755637,0.22670403501482528,1.0,0.2,0.8155695508755637,0.93267240614512,0.5667218381065399,break,click,3.8808751305779894,0.5523319562787239,0.3,1.0
88,1901.8430109218496,295.9263698303008,0.7751891658478169,0.8047417746907907,-0.0580670056637792,0.9043056815041778,0.2,0.8047417746907907,0.901193129675937,0.6135739223336427,break,click,0.3000000009243808,0.4938344934536991,0.3,0.9681592870289373
89,1915.5859133795118,174.63559880408545,0.7010478823031638,0.7607490624902384,-0.2359233350341019,0.6687457539921505,0.2,0.7607490624902384,0.7244607592587335,0.6483397536923683,break,click,0.32505970900010706,0.37615501541818747,0.3,0.7829725628774721
90,1930.6835492952762,119.22396393997684,0.9896119154379688,0.7389482238707602,-0.11691314984628298,0.49454613924203666,0.2,0.7389482238707602,0.6959588348985906,0.6930505163919431,break,click,0.30272115555518575,0.3664225158234987,0.3,0.6149630518291149
91,1989.0197709216734,287.985740790555,0.859085656655193,0.7483792949677635,0.05057678044503,0.5308663369331448,0.2,0.7483792949677635,0.571887126610947,0.707813662244565,break,click,0.3000000000505307,0.28925955826769356,0.3,0.5320848558206075
92,2077.238953799881,6.801241866276866,0.7807098102739748,0.6832036412099689,-0.34952283749792995,0.708749794151104,0.2,0.6832036412099689,0.7781304855001943,0.8054194967104441,break,click,0.3,0.1663740002998289,0.3,0.3247691221015896
93,2090.143431704475,139.4864645674051,0.7866216328909073,0.6616598344320053,-0.11553474405525888,0.5241296446274419,0.2,0.6616598344320053,0.6606773325035686,0.7814279599719377,break,click,0.31414554230754715,0.18879220656542336,0.3,0.36683707497834184
94,2097.781368299962,78.55524754611157,0.8684819760167379,0.6375632402462252,-0.12922478699099682,0.3876006549057574,0.2,0.6375632402462252,0.5951274239988209,0.7653181133914985,break,click,1.4447187153650223,0.1989121571542689,0.3,0.36338103212226014
95,2123.4721532432172,233.54677613987337,0.7794858339043744,0.6457890351838365,0.0441131468808037,0.42725057631032715,0.2,0.6457890351838365,0.501721981869635,0.7094529349953901,break,click,0.30001528697413143,0.21370251986358169,0.3,0.41755546290705015
96,2133.568962711153,118.84942503974356,0.7679007345465594,0.6246662519249164,-0.11327688661087731,0.5858239703500586,0.2,0.6246662519249164,0.6977071235793612,0.8609582868943146,break,click,0.30505584574675026,0.10073776753230275,0.3,0.19863102210507377
97,2154.113534478883,146.02397333548333,0.8273613362574107,0.6193601223952963,-0.028455617126856847,0.43322440715707844,0.2,0.6193601223952963,0.6146706006257223,0.8145654788998554,break,click,0.30082376641594477,0.14493994277979247,0.3,0.2729850923420387
98,2163.8191316545544,123.63999641443759,0.7899009571771198,0.6063333677457323,-0.06985964828868929,0.3203750554017993,0.2,0.6063333677457323,0.5293187031129858,0.7603418073783207,break,click,0.366585579218454,0.17664876418433492,0.3,0.3423688524329058
99,2170.5832547749833,88.70329373335561,0.8983819751973876,0.5977066398577998,-0.046263262980344,0.23692149940779006,0.2,0.5977066398577998,0.5068516700308733,0.7051930395387249,break,click,0.3536901092814947,0.23557299810994192,0.3,0.42115280783115394
100,2178.8659741018073,0.0,0.7778319403483439,0.5587733658761282,-0.20879066968362786,0.17520651478698182,0.2,0.5587733658761282,0.42998975577256693,0.5817264555658472,break,click,0.30085331981613916,0.3054190308473538,0.3,0.5975336450818698
101,2185.1481564584055,95.50821130968927,0.8831386571950312,0.559180100061266,0.0021812268584988637,0.14873148246880427,0.2,0.559180100061266,0.43160738613359206,0.45876907044920173,break,click,0.31422469438577383,0.42776996221705593,0.3,0.7731870553827231
102,2199.602278073356,41.51065114737897,0.9183296723270686,0.5502058497670805,-0.04812694996350797,0.14436120381902887,0.2,0.5502058497670805,0.4522128849570629,0.3371617181362447,friction,click,0.30025124255503177,0.5372132680753489,0.3,0.9469118473597489
103,2208.8818133003897,775.9009286396588,0.8567322605955905,0.6340791325766361,0.44979415023291947,1.0,0.2,0.6340791325766361,0.4093188792870651,0.1354888759830494,none,click,14.900466475053449,0.5426929042382362,0.3,1.0
104,2242.702506583684,337.07174198084715,0.7665479432460429,0.6658787674222005,0.17053451652244433,1.0,0.2,0.6658787674222005,0.9117748205034569,0.5091257795144966,break,click,0.3000021670032444,0.38259431209404127,0.3,0.7551911361394819
105,2281.8933358979884,30.619408187976543,0.7605187118447604,0.6197562248927653,-0.24734515126484968,0.9043056815041778,0.2,0.6197562248927653,0.9112186693528237,0.7522082332496168,break,click,0.300000050148939,0.20823078483147547,0.3,0.4129863025332071
106,2315.901755498906,211.71227844429902,0.7936694725785574,0.6275355561612761,0.041718859451887136,0.8438100895191211,0.2,0.6275355561612761,0.7663231743034309,0.9384692179676124,break,click,0.30000186630783826,0.04898492139010086,0.3,0.09466274506049743
107,2333.8655507266653,167.0025716706087,0.8425907598291201,0.6280041633573068,0.0025130383415448154,1.0,0.2,0.6280041633573068,0.938551367041288,0.9672642320190955,break,click,0.30253255496359943,0.02930049481782715,0.3,0.054559616553514045
108,2345.6976235927164,50.70962685849791,0.9105689308990743,0.6076168606960484,-0.10933266433464728,0.9043056815041778,0.2,0.6076168606960484,0.9596101441114506,0.9755502173510282,break,click,0.3440790672342774,0.024520228110059456,0.3,0.04345804656003349
109,2368.26959180555,132.90821481373123,0.8038966538208083,0.6002450779893782,-0.03953326526848011,0.6687457539921505,0.2,0.6002450779893782,0.7717544504425776,0.9216652605353298,break,click,0.300308577580866,0.07970276808787008,0.3,0.15281649786874796
110,2409.2650641021432,73.17881297465391,0.8510953525533459,0.5847262890478897,-0.08322388549438786,0.49454613924203666,0.2,0.5847262890478897,0.671169928197131,0.8616067962399735,break,click,0.3000000214279939,0.16167727389335945,0.3,0.2991596292367823
111,2418.4003765223724,65.67919873997542,0.7369226639809959,0.5597083127448073,-0.13416595863242248,0.3657232698363789,0.2,0.5597083127448073,0.5529634700978311,0.7958494244075706,break,click,1.060784654923647,0.22563862510540378,0.3,0.456048368414548
112,2435.7453061225465,103.7767256191085,0.7914616604999759,0.5533204763510421,-0.03425657547093364,0.2704570908283893,0.2,0.5533204763510421,0.5064551226209724,0.7043521439112691,break,click,0.304064903275849,0.3089783022196671,0.3,0.5981174503082991
113,2458.904338613421,310.8938166064207,0.8175062011860056,0.5988285512167923,0.24404989499998664,0.8312960988146645,0.2,0.5988285512167923,0.4681674662602703,0.6007708800039989,break,click,0.3007294844085057,0.3865437546865075,0.3,0.7334761580980506
114,2470.1956447365405,159.41468421570798,0.8221423957041962,0.6009750120315772,0.011511001904940699,1.0,0.2,0.6009750120315772,0.9377132497710152,0.8329367441407564,break,click,0.3620409717722233,0.17874376565788716,0.3,0.3379813063983269
115,2476.719608612892,0.0,0.8017453055811257,0.5636618505358354,-0.20010235924101438,0.9043056815041778,0.2,0.5636618505358354,0.9320123192571725,0.7799289374222852,break,click,0.30237691632132213,0.25791420634566725,0.3,0.495323864891007
116,2495.1844541641244,162.47089593445074,0.8011085988243738,0.5711171353328603,0.03998106879441499,0.8394656128754407,0.2,0.5711171353328603,0.7757707000555056,0.7143047633483715,break,click,0.3036849559439634,0.3770967007713684,0.3,0.7245680743177336
117,2521.916646335034,246.89333212194305,0.8352779139210679,0.6000458667750456,0.15513848678010245,1.0,0.2,0.6000458667750456,0.9429976132194361,0.681027442993023,break,click,0.30006500908898226,0.4948247030419244,0.3,0.9264451577515849
118,2527.5451670716616,532.9997241508667,0.33625447494570954,0.643741660495451,0.23433102588639254,1.0,0.2,0.643741660495451,0.7942806627183436,0.6161557358003793,break,click,2.3928246866878413,0.33450178997828384,0.3,1.0
119,2533.2597098863753,5249.763799608886,0.43457903807429776,0.7101732858224021,0.356258339504549,1.0,0.2,0.7101732858224021,0.8239864953879064,0.5691263071906718,break,click,1.5221559531740971,0.37383161522971914,0.3,1.0
120,2542.955405608594,1113.8963421934386,0.4012460585186687,0.7642173812189162,0.28982671417759787,1.0,0.2,0.7642173812189162,0.814198251255096,0.5887637161116516,break,click,0.5310197050838155,0.3604984234074675,0.3,1.0
121,2548.25833728215,905.1596919372112,0.4554685601517412,0.8081838540073303,0.23578261878108375,1.0,0.2,0.8081838540073303,0.8308241015865814,0.6468600049430471,break,click,2.50460674010451,0.3821874240606965,0.3,1.0
122,2594.3657141622984,260.26204074009365,0.5044427294083127,0.7651772711019499,-0.23063493837805682,0.9043056815041778,0.2,0.7651772711019499,0.8457127572403512,0.7046321760685592,break,click,0.3000000065071093,0.3955734019467791,0.3,0.9845593739819282
123,2609.2345478843017,201.76431158555243,0.4815267799195123,0.7144184522236692,-0.2722084916602532,0.6687457539921505,0.2,0.7144184522236692,0.6842534175525437,0.7310913037961172,break,click,0.31679355547154703,0.30164693565462064,0.3,0.7683105082455224
124,2648.400854804198,153.1928964421205,0.8486496574676965,0.6960320067567889,-0.09860250293717032,0.49454613924203666,0.2,0.6960320067567889,0.6793608476743528,0.7792480482363262,break,click,0.30000027999371565,0.29771701751342855,0.3,0.5518798300672827
125,2665.83754468929,137.6408031464705,0.8259509954355818,0.6753327688535297,-0.1110055051059099,0.3657232698363789,0.2,0.6753327688535297,0.58852885067132,0.8055348320118519,break,click,0.30312808266822727,0.22920111622091585,0.3,0.43214477195973233
126,2703.2189762408866,240.76124499345468,0.7749032986428834,0.6777700180574865,0.013070436709730404,0.3317531586998862,0.2,0.6777700180574865,0.5106519536255822,0.7690939499864143,break,click,0.30000047946065206,0.23550627979659886,0.3,0.4618120449748855
127,2714.553561868106,211.74130920468178,0.17270930917385624,0.6168429258813124,-0.3267387269647062,0.3591046171510141,0.2,0.6168429258813124,0.3900759981012798,0.6082946089205752,break,click,0.3344472713540261,0.19163914819270184,0.3,0.7121915275263949
128,2747.9142301693623,125.89675848435712,0.7102598756268291,0.5973862268064917,-0.1043420399624514,0.2655625115163097,0.2,0.5973862268064917,0.48927668638151445,0.5512217177181884,break,click,0.30000068153551285,0.36209218170672786,0.3,0.7479636997780945
129,2762.371347358065,83.0040999417031,0.7036618651803013,0.5709446963973519,-0.14180016928921213,0.19638691388140223,0.2,0.5709446963973519,0.44139979589360456,0.40313916016454193,friction,click,0.3265409987797246,0.4421037085068865,0.3,0.9182473111762621
130,2780.066486210938,372.9837926040608,0.8118063520982811,0.6271073760942985,0.30118822040686466,0.9135696351620939,0.2,0.6271073760942985,0.43990135611644365,0.24381875934716835,none,click,0.3037363798511737,0.5247225408393125,0.3,1.0
131,2797.656270108418,341.1070900569485,0.37313974543605366,0.6244681414190251,-0.014153640805085965,0.9043056815041778,0.2,0.6244681414190251,0.8119419236308161,0.48807755480943904,break,click,0.30422170629378104,0.275064522998038,0.3,0.7875730214888693
132,2810.9362297297716,271.0851616002948,0.3636386906748388,0.6051139443400183,-0.10379234408123728,0.6687457539921505,0.2,0.6051139443400183,0.6527993717360935,0.5220656599138397,break,click,0.31800705101026516,0.27387315881452784,0.3,0.7927885867425822
133,2825.4701343856573,41.28278079469964,0.5071769699243424,0.5491873803324999,-0.29992198338447257,0.49454613924203666,0.2,0.5491873803324999,0.5802807248230392,0.5028847334326135,break,click,0.3003401481927496,0.30676654972884954,0.3,0.7614514600941813
134,2877.73236430432,68.88339830892754,0.7345268548874839,0.5313198442334879,-0.09581970500259851,0.3657232698363789,0.2,0.5313198442334879,0.563012687958587,0.464170617679024,break,click,0.300000000126633,0.3779975847875563,0.3,0.7654705592087088
135,2899.1777726948294,419.6702546351566,0.8174186148354823,0.6062766977074123,0.401977281478199,1.0,0.2,0.6062766977074123,0.5246718246059808,0.3850083558926119,friction,click,0.30236544622255535,0.4629722592645712,0.3,0.8785595065437622
136,2913.967653045486,243.40967706612813,0.2048177915114941,0.5690561473976443,-0.19960570561900515,0.9043056815041778,0.2,0.5690561473976443,0.7614453374534482,0.5424317128297076,break,click,0.30525765715284814,0.1984629424359236,0.3,0.7039512368519966
137,2931.9600150964834,100.04245106329336,0.3805386248239875,0.5217423165362899,-0.2537337711565339,0.6687457539921505,0.2,0.5217423165362899,0.6578693519808382,0.5812816976362974,break,click,0.3007790442762879,0.23326685111705195,0.3,0.6622845510146703
138,2940.0602629812975,0.0,0.7604687195791843,0.49535527510884564,-0.14150795674669775,0.49454613924203666,0.2,0.49535527510884564,0.6562682497194917,0.6674521659756555,break,click,0.3000135711191008,0.24946738225497792,0.3,0.49479090274105386
139,2962.795611662266,263.90622304475994,0.6995450353038326,0.529721768769132,0.18430002134902052,0.8651744391931211,0.2,0.529721768769132,0.5525181420834916,0.615894068919127,break,click,0.3007673226431552,0.2632870688602191,0.3,0.5487227680316544
140,2976.588928242252,130.49798353876426,0.13615139707106536,0.47405596354605917,-0.298523590810144,0.9043056815041778,0.2,0.47405596354605917,0.7408454191213195,0.7416408583583683,break,click,0.34317732849535587,0.1011418676491879,0.3,0.39747561710490587
141,2988.9042745526535,146.1591054471392,0.7026533007065985,0.4852385113535528,0.05996956861616409,0.8894368624298135,0.2,0.4852385113535528,0.7545037547456214,0.8448262851844128,break,click,0.3021878578563414,0.12441346095286704,0.3,0.25862287344110313
142,3006.0742187932533,104.83435326154223,0.6868334967319604,0.4832285805083861,-0.01077882141064479,0.9043056815041778,0.2,0.4832285805083861,0.9060500490195881,0.8860456815703197,break,click,0.30116602569983486,0.09835986468001041,0.3,0.20718968783500813
143,3017.7004815859427,154.8218917889796,0.7483920998756675,0.49898436372222754,0.0844948341656721,0.9507500263035835,0.2,0.49898436372222754,0.7682253944963421,0.8222632039916914,break,click,0.312820947046897,0.17750819075581378,0.3,0.35547363439237667
144,3029.036017310309,158.79267145096583,0.7077630810325306,0.5089396469808631,0.05338801610774502,1.0,0.2,0.5089396469808631,0.9123289243097591,0.7866735452668352,break,click,0.35175075442604786,0.22902031749893142,0.3,0.47405886364554894
145,3040.1221943509395,162.36435638751203,0.7710681213106069,0.5237733388624357,0.0795498591588304,1.0,0.2,0.5237733388624357,0.9313204363931821,0.7385726845825481,break,click,0.43274268923495063,0.33229199598844833,0.3,0.653568424888628
146,3064.8409583911916,242.7305827358335,0.8238216804223555,0.5594918748236826,0.19155072976853393,1.0,0.2,0.5594918748236826,0.9471465041267065,0.6901552794585543,break,click,0.30016008001302874,0.4687763090081753,0.3,0.8852708713355858
147,3071.2160990331668,0.0,0.06080231496229002,0.46083213159536024,-0.5290907173425375,0.9043056815041778,0.2,0.46083213159536024,0.718240694488687,0.6172646862327271,break,click,0.3000066068266189,0.22432092598491601,0.3,1.0
148,3077.6708487754395,464.7740221983876,0.7119118261657398,0.5496090554437525,0.4760913092354942,1.0,0.2,0.5496090554437525,0.7572813123833638,0.5744299446936816,break,click,3.0288755867230526,0.4847647304662959,0.3,1.0
149,3086.810900909347,393.8708387280215,0.26241794058380413,0.5633963882406455,0.07393846325817643,1.0,0.2,0.5633963882406455,0.7787253821751412,0.5279851817257181,break,click,0.35331846310170506,0.30496717623352165,0.3,1.0
150,3091.850888915056,0.0,0.19282757455828786,0.4763179686184615,-0.46698260096150157,0.9043056815041778,0.2,0.4763179686184615,0.7578482723674863,0.48974027991413005,break,click,0.3042900081015051,0.27713102982331517,0.3,1.0
151,3106.93264202733,1352.627897309749,0.7650588440863785,0.5739691521600915,0.5236820313815385,1.0,0.2,0.5739691521600915,0.7732254177595554,0.5412780063971797,break,click,0.335093950588246,0.5060235376345514,0.3,1.0
152,3113.0063368235824,592.719937495288,0.1216685903200268,0.6164405886827867,0.22776506486903192,1.0,0.2,0.6164405886827867,0.736500577096008,0.5016938430082174,break,click,1.8754772787721596,0.24866743612801073,0.3,1.0
153,3127.4857740457546,1574.6468353815856,0.0,0.6879630550443797,0.3835594113172133,1.0,0.2,0.6879630550443797,0.7,0.5488385744392872,break,click,0.3312833169413644,0.2,0.3,1.0
154,3140.6433063265117,684.0188424361713,0.4261082664599478,0.7461487004507059,0.3120369449556203,1.0,0.2,0.7461487004507059,0.8278324799379843,0.6232369725352408,break,click,0.37408845249809375,0.37044330658397917,0.3,1.0
155,3156.6253630236006,112.62630549470278,0.2161904816776331,0.6534224705111773,-0.4972705777435109,0.9043056815041778,0.2,0.6534224705111773,0.7648571445032899,0.6650101429745369,break,click,0.3041042591318107,0.2864761926710533,0.3,1.0
156,3883.661386524417,14.029566170442369,0.785285770026878,0.6080649270638921,-0.2432426277846853,0.6687457539921505,0.2,0.6080649270638921,0.7792934955417053,0.7193274732656373,break,click,0.3,0.3828134759891401,0.3,0.7446077069326276
157,3904.8798541934148,84.83176203293871,0.695208655568034,0.5792700049041366,-0.15442089673870174,0.49454613924203666,0.2,0.5792700049041366,0.6366902305161466,0.7444541771360348,break,click,0.300478031816358,0.28615775237957985,0.3,0.59855187428253
158,3982.4821794225118,177.82972300455916,0.6261696037915716,0.5710843193014029,-0.04389804925265184,0.3657232698363789,0.2,0.5710843193014029,0.5305055126298133,0.7238478509211108,break,click,0.3000000000000015,0.26082446867595815,0.3,0.5790079660244294
159,3993.6595415659826,53.67992843915171,0.7120958403762363,0.543498547150332,-0.1479364885643451,0.2704570908283893,0.2,0.543498547150332,0.49307499226820695,0.6753585538227771,break,click,0.30143049916757486,0.2987030188285547,0.3,0.6160878720940022
160,4009.085684774472,38.89501036589668,0.7068823323586951,0.5171244353422849,-0.14143861801361357,0.20000651862289462,0.2,0.5171244353422849,0.4447675164964272,0.5529555244676521,break,click,0.3038213479904556,0.3740630998202955,0.3,0.774854121630146
161,4897.319664462114,2.701990753431871,0.6840838237590938,0.48510653347611116,-0.17170503502094814,0.147907408783868,0.2,0.48510653347611116,0.4033605974355351,0.40350179053673696,friction,click,0.3,0.4506355732813114,0.3,0.9514435638743148
162,4943.525904447972,636.2776977524784,0.7391082962606446,0.5811189100536798,0.5148934665238889,1.0,0.2,0.5811189100536798,0.39430492434082565,0.2328540237337093,none,click,0.3000000143363915,0.49564331850425786,0.3,1.0
163,4954.697692628305,161.12013322707926,0.3062999341960909,0.5388705458835391,-0.22656877642178525,0.9043056815041778,0.2,0.5388705458835391,0.7918899802588272,0.43901117401115947,friction,click,0.31403758758932315,0.28859228368056694,0.3,0.8948043756455948
164,5028.07069487965,40.88697351817865,0.7305778066837294,0.5160329737992213,-0.12247292564395107,0.6687457539921505,0.2,0.5160329737992213,0.7628811065387607,0.5608265543065613,break,click,0.30000000000000304,0.35919581075120544,0.3,0.7297299870034188
165,5058.828041621538,136.55274088645504,0.8020729360434804,0.5264183331127711,0.05569442033058769,0.6861154405693632,0.2,0.5264183331127711,0.6687495146587805,0.647330920357295,break,click,0.3000103532551727,0.2829250637254663,0.3,0.5432204600326984
166,5070.020525322342,53.607404400946656,0.7903829626466985,0.5144436540022398,-0.06421759628823853,0.8722819947397783,0.2,0.5144436540022398,0.9158674141273905,0.9087644571849318,break,click,0.3787459956864957,0.07858814852679379,0.3,0.15225741272498283
167,5100.700858236617,195.56502260796435,0.8308903561125107,0.541567224604522,0.14545780231397099,1.0,0.2,0.541567224604522,0.7772620888902105,0.8911370863396967,break,click,0.300002880348127,0.09541952910012903,0.3,0.17924002653916304
168,5122.670551099867,191.1724495259373,0.767163666684163,0.5566676272019222,0.08098017064498109,1.0,0.2,0.5566676272019222,0.9301491000052489,0.8588898947568592,break,click,0.30007707495799263,0.12832650710993482,0.3,0.25317666234412295
169,5130.066012614464,81.13083934191032,0.7952881669904138,0.5459250700536955,-0.05760999452932736,0.9043056815041778,0.2,0.5459250700536955,0.938586450097124,0.8097336178576904,break,click,1.4215027162154452,0.1943004115192405,0.3,0.37501387040903633
170,5172.46809527508,268.85471855817076,0.7617151112282944,0.5778116685714964,0.17100088375816513,1.0,0.2,0.5778116685714964,0.7722222979021302,0.7430971904693601,break,click,0.30000003254321844,0.2834873215670234,0.3,0.5617102447379052
171,5188.752324060516,184.2273305987365,0.7647362929199831,0.584308415907649,0.03484064113691587,1.0,0.2,0.584308415907649,0.9294208878759949,0.7088170377800618,break,click,0.3099428284999034,0.36161749913202607,0.3,0.7148081010175154
172,5242.277183397292,291.4533581834479,0.7777418626607291,0.6157993857168833,0.16887921315202536,1.0,0.2,0.6157993857168833,0.9333225587982187,0.6592071929571691,break,click,0.3000000006589856,0.48740475528015953,0.3,0.9536448040162107
173,5248.704499198575,933.5156674271569,0.6323115227263703,0.6874414174344723,0.3842006142831167,1.0,0.2,0.6874414174344723,0.889693456817911,0.6079142080023535,break,click,3.625674007651642,0.4529246090905481,0.3,1.0
174,5283.16343637271,870.601430578022,0.7559519354946022,0.745724332800306,0.3125585825655277,1.0,0.2,0.745724332800306,0.9267855806483806,0.5822768351669293,break,click,0.30000047901522087,0.5023807741978409,0.3,1.0
175,5302.454277255763,528.7483351210656,0.5728705842536191,0.7833254080918985,0.2016463782278355,1.0,0.2,0.7833254080918985,0.8718611752760858,0.6327179692189326,break,click,0.3055928672518174,0.42914823370144767,0.3,1.0
176,5315.971062312623,177.55701447527582,0.733855107010553,0.7470659482963254,-0.19445158649252725,0.9043056815041778,0.2,0.7470659482963254,0.9201565321031658,0.6953003575695256,break,click,0.31524332598359406,0.4208160795309688,0.3,0.8526448469110434
177,5332.296665920183,147.00834699236873,0.7844522545009309,0.7151647111928175,-0.17107938730539907,0.6687457539921505,0.2,0.7151647111928175,0.7790434408839212,0.7211658058752909,break,click,0.3105873570572025,0.3516798568313585,0.3,0.6844938291770183
178,5367.091786474197,224.1693627096875,0.7800943479049386,0.7067911036200618,-0.044905833853238875,0.49454613924203666,0.2,0.7067911036200618,0.662155938217218,0.7558139182132,break,click,0.30000256457310315,0.2733797667171051,0.3,0.5339055030680571
179,5390.250538936055,181.35691924326485,0.8918325774973159,0.7004177950684385,-0.03417866581732276,0.3657232698363789,0.2,0.7004177950684385,0.6102044047415366,0.800618776709147,break,click,0.3002062014630615,0.21878448238530232,0.3,0.3929791663209654
180,5403.477140218113,181.45250989425213,0.819799160120339,0.6885391516770811,-0.06370257764045384,0.2704570908283893,0.2,0.6885391516770811,0.5253859881914378,0.7772382337904106,break,click,0.33564623706497404,0.21099591444358012,0.3,0.39967428533660676
181,5415.973822484634,144.038230436755,0.8975118694324304,0.6774002639869302,-0.05973542891492212,0.20000651862289462,0.2,0.6774002639869302,0.5019563776185478,0.7332782402039224,break,click,0.3630797503528532,0.24548727784714067,0.3,0.43915061334477257
182,5482.28922339565,27.14301618134361,0.7447617383613696,0.626849894199758,-0.2710906245795659,0.147907408783868,0.2,0.626849894199758,0.42156397181621785,0.5923370743304376,break,click,0.3000000000000998,0.30877725021179053,0.3,0.6201533207035094
183,5498.644774656728,220.10875344612097,0.8763213248152962,0.6429696444306904,0.08644671001554127,0.3370708341432403,0.2,0.6429696444306904,0.43546883290722116,0.4686420490251136,break,click,0.30142894058549946,0.41789673799496585,0.3,0.7590828000340837
184,5507.037653384794,71.48917784235368,0.8759295248373269,0.6214055747277637,-0.11564340970908482,0.6956863254570751,0.2,0.6214055747277637,0.8243614879837661,0.747896737055328,break,click,0.33354046206089966,0.19821504497181197,0.3,0.36014752462566435
185,5538.72064025523,75.75043381529943,0.9015381216003946,0.6072434349154442,-0.0759484716584421,0.5144690404753042,0.2,0.6072434349154442,0.7118077650487246,0.7805086075049089,break,click,0.30000131972516303,0.18173519725329673,0.3,0.3241709848137704
186,5552.8514622937055,127.38112440302363,0.8810323047463255,0.6058447435788757,-0.007500877038501885,0.38045651311844164,0.2,0.6058447435788757,0.6167397187254682,0.8019651105403578,break,click,0.3068133604384545,0.16471969908825496,0.3,0.29818219769759735
187,5578.954439125343,45.971768191034975,0.8638302939968305,0.5841274928221485,-0.11646488634166674,0.2813525148967466,0.2,0.5841274928221485,0.5458243600576259,0.7324826167740707,break,click,0.30005438886605945,0.21058262661660207,0.3,0.38601325169180367
188,5588.797654370436,121.9113846563668,0.8065181179319559,0.5788169652193148,-0.028479203035711942,0.20806382571792273,0.2,0.5788169652193148,0.48000421466305176,0.6308654751948949,break,click,0.30843185418053204,0.27558911590015345,0.3,0.5273350444163267
189,5605.687493087142,284.1945432701177,0.8966087394293486,0.6207225608858066,0.22473058358300657,0.7319745568810286,0.2,0.6207225608858066,0.47107148058291193,0.5202889524733908,break,click,0.3025662309060705,0.38283923016341037,0.3,0.6853015081371997
190,5622.91376756751,139.32205728726294,0.6993357961423701,0.6026531918281807,-0.09690209120554283,0.9043056815041778,0.2,0.6026531918281807,0.909800738842711,0.8639863440048544,break,click,0.30215966032295377,0.10038526300467711,0.3,0.2092517861293799
191,5662.902476895162,105.02964638310358,0.794672061307463,0.5888487708980124,-0.07403010319556969,0.6687457539921505,0.2,0.5888487708980124,0.7821093829258808,0.9145174696350482,break,click,0.30000007949280366,0.0737812335932842,0.3,0.1424708924335133
192,5675.380844664167,96.1664235430452,0.913360932053584,0.5866185338792732,-0.011960275442413848,0.49454613924203666,0.2,0.5866185338792732,0.7021359134618116,0.8742595289409801,break,click,0.30626825971372973,0.1287102842161921,0.3,0.22766704756225775
193,5703.762946819423,84.56033266568828,0.799154874494007,0.571450906818893,-0.08134068080015933,0.3657232698363789,0.2,0.571450906818893,0.582401093840544,0.824704887150681,break,click,0.30000220044850945,0.16275355548347875,0.3,0.31319121122273386
194,5725.93109296516,162.39517622867004,0.8726019892280612,0.5841018136113155,0.06784405808097516,0.4686872121279981,0.2,0.5841018136113155,0.5412268369237545,0.8069274629593837,break,click,0.30034537947809664,0.17386188537155248,0.3,0.31666478472271997
195,5745.743735418152,181.7021635827465,0.8056587730227145,0.5926524642720318,0.045855277378474835,0.922545695979061,0.2,0.5926524642720318,0.8264421334265386,0.858942023838799,break,click,0.3017157915027327,0.13162157674694724,0.3,0.2520213923164468
196,5770.1324060647175,221.4142819941017,0.8142378831120531,0.6096649637439175,0.09123432977662194,1.0,0.2,0.6096649637439175,0.9442713649336159,0.8161825247894164,break,click,0.300168625286526,0.18958358306660267,0.3,0.3606340707088691
197,5781.1022559311605,0.0,0.8977393401326941,0.5796814054115544,-0.1607952936775705,0.9043056815041778,0.2,0.5796814054115544,0.9693218020398081,0.7686875566164347,break,click,0.3000006996004312,0.2813226231769913,0.3,0.5031743313998087
198,5801.58702475537,234.32043784292622,0.8679714545369898,0.6071307522197711,0.14720486916059827,1.0,0.2,0.6071307522197711,0.8040992008947389,0.7021652843347981,break,click,0.30029106268158146,0.39777697864035233,0.3,0.7269467818957265
199,5823.348120618198,82.71642252515313,0.902458246112245,0.5973399199985782,-0.052506101007207207,0.9043056815041778,0.2,0.5973399199985782,0.9707374738336735,0.6688290999560729,break,click,0.30016756171901454,0.5164805899970034,0.3,0.9206701722292614
200,5829.484771823705,391.09278328317623,0.8458982904099858,0.6559802285354037,0.314475204310385,1.0,0.2,0.6559802285354037,0.7974772516566376,0.6015030655592625,break,click,3.1491467956240697,0.5383593161639944,0.3,1.0
201,5856.841513929947,1096.6218083824908,0.8347494978628437,0.7201297235192471,0.3440197714645963,1.0,0.2,0.7201297235192471,0.9504248493588531,0.5667978136364648,break,click,0.3000574453962335,0.5338997991451375,0.3,1.0
202,5864.7377256317295,987.8154607023669,0.6606756715351695,0.7723172382681677,0.2798702764807529,1.0,0.2,0.7723172382681677,0.8982027014605508,0.5280376446767917,break,click,0.42223025492617805,0.46427026861406784,0.3,1.0
203,5870.88106991244,97.66667348987146,0.6019561459288707,0.7071913747209982,-0.349255823441393,0.9043056815041778,0.2,0.7071913747209982,0.8805868437786611,0.5809874314092861,break,click,2.655124391975024,0.4407824583715483,0.3,1.0
204,5877.323827605636,4656.391164870182,0.8980209122642568,0.7617915081917992,0.29280862527900176,1.0,0.2,0.7617915081917992,0.8131140382129189,0.6195287722647721,break,click,1.7266992226988094,0.5592083649057027,0.3,1.0
205,5937.976385821764,316.5571340220012,0.684793727744819,0.7573724910107804,-0.023698226791888155,0.9043056815041778,0.2,0.7573724910107804,0.9054381183234457,0.6799263804244832,break,click,0.30000000000464006,0.4217008958461957,0.3,0.8898192275394576
206,5981.549383045693,289.1699172137859,1.0,0.7767821744796332,0.10408990550645192,0.999737704655533,0.2,0.7767821744796332,0.8437077645336418,0.7271471808147448,break,click,0.30000002005664433,0.3995829936645744,0.3,0.6659716561076239
207,5993.105507798894,155.76155834604478,0.6247682880675963,0.726491845471237,-0.26969608251327903,0.9043056815041778,0.2,0.726491845471237,0.8874304864202789,0.7874205192340555,break,click,0.3110396122499124,0.20804815970469023,0.3,0.4624244875851864
208,6013.618957608105,204.74371883144323,0.9753529420502599,0.7296831505390233,0.01711427409319699,0.7822986261223956,0.2,0.7296831505390233,0.8363136471487199,0.8046841453805662,break,click,0.3005556318494022,0.2261378967884138,0.3,0.38319287938341695
209,6033.1245401628585,184.56254715257282,0.8930250094313406,0.7198995233697878,-0.05246746188263707,0.7848197687218839,0.2,0.7198995233697878,0.8886295007824304,0.8624559925117781,break,click,0.3004814770616962,0.1369305377137899,0.3,0.24574314313582846
210,6080.225414139653,191.07925692491403,0.8691636661191844,0.7112345026396178,-0.04646861915405309,0.5803843752356617,0.2,0.7112345026396178,0.745829755927805,0.8668347439222663,break,click,0.30000000441686886,0.12858894335856744,0.3,0.2347946898909562
211,6097.129836990252,177.46834816626892,0.8995669835061497,0.7038473714800798,-0.03961557567870688,0.42920175617678313,0.2,0.7038473714800798,0.6546422235180975,0.8954174184819695,break,click,0.30324356524450263,0.09662068183471294,0.3,0.17259031359946408
212,6116.263880853695,94.07316157767599,0.8530827735359624,0.67406534304249,-0.15971453274000358,0.31740025294518953,0.2,0.67406534304249,0.5665175062662021,0.8709175261889707,break,click,0.30094479826441933,0.10650627864124905,0.3,0.1967844848894943
213,6148.821307622342,73.71589951055961,0.89527794567233,0.6490258224773346,-0.13428149581812543,0.23472159449453758,0.2,0.6490258224773346,0.5243193915331082,0.842235988503879,break,click,0.3000006286911416,0.12578551406287655,0.3,0.225377163118323
214,6190.697457238954,100.29575399009181,0.8336978791671773,0.6291094458806435,-0.10680719040613118,0.17357965663490546,0.2,0.6291094458806435,0.4652781569039338,0.7386727519557309,break,click,0.30000000649268804,0.19916091566896824,0.3,0.37332464642092245
215,6253.363083406241,57.447762356825685,0.9164392271692483,0.610633937238578,-0.09908012934998733,0.12836440235665178,0.2,0.610633937238578,0.46010058107461016,0.6017900386222592,break,click,0.30000000000018995,0.3223086968860177,0.3,0.5688713830845944
216,6271.426268055875,332.16734016620126,0.8949411399701879,0.6576330129725869,0.25204580795426756,0.7350869187479442,0.2,0.6576330129725869,0.4314657813084215,0.4277212302353233,friction,click,0.31039085953598494,0.45616869318352066,0.3,0.817541113586466
217,6286.9050463920275,155.05099613672687,0.7732837771298726,0.6432417183061899,-0.07717737923674206,0.9043056815041778,0.2,0.6432417183061899,0.9319851331389617,0.8133164544142255,break,click,0.3181975775254223,0.14627762385863236,0.3,0.2872054652819791
218,6343.411994444336,95.56346938081305,0.9845984908311407,0.6373701138215341,-0.03148813616460322,0.6687457539921505,0.2,0.6373701138215341,0.8390873117829841,0.9218148865693582,break,click,0.3000000000202182,0.07738233888207507,0.3,0.13030853015139665
219,6396.912515984947,67.28906366393728,0.9187516358255252,0.6198637221047409,-0.09388296632884985,0.49454613924203666,0.2,0.6198637221047409,0.703753124593394,0.9242692242250627,break,click,0.30000000003300514,0.07453824492115167,0.3,0.13134477353004126
220,6402.188836223574,0.0,0.8539613091284807,0.5838967446226603,-0.1928830675405006,0.3657232698363789,0.2,0.5838967446226603,0.5988430242308861,0.8898961410623377,break,click,0.3000000000023596,0.10246180465681641,0.3,0.1891889449979356
221,6419.091838129421,141.98661358310565,0.8874860136978564,0.5908575958443798,0.03732952920514998,0.39240088993843514,0.2,0.5908575958443798,0.545692044264693,0.854948565289446,break,click,0.3046301214516761,0.1273821179686332,0.3,0.22951964328119767
222,6443.350409097974,173.13468321957635,0.9574787649421754,0.6103064819390137,0.10430014065117832,0.8397988875921308,0.2,0.6103064819390137,0.7346727510611636,0.9297076321591389,break,click,0.30019882989948193,0.06584143180389711,0.3,0.11293720599508927
223,6455.446100390597,148.81332174026562,0.9181612041165967,0.6167939302135592,0.03479077229461669,1.0,0.2,0.6167939302135592,0.975448361234979,0.8958266704279263,break,click,0.31162643479821567,0.10323829794412216,0.3,0.18199323469794026
224,6466.912737404278,156.9771501315018,0.8310398812839878,0.6158517789765943,-0.005052551907188119,0.9043056815041778,0.2,0.6158517789765943,0.9493119643851963,0.8362776448178154,break,click,0.35468381557178413,0.16686069500132522,0.3,0.3134028839924071
225,6480.341465829646,178.72131477960446,0.8089508818183387,0.6180941421570783,0.012025305407080689,0.769576204407105,0.2,0.6180941421570783,0.7863930290791435,0.7699922094127735,break,click,0.3085297931267562,0.2549259006431285,0.3,0.48688973777418654
226,6496.600217421378,221.41921411916323,0.9251807798819893,0.640707453743665,0.12127026543287045,1.0,0.2,0.640707453743665,0.8753758728301018,0.7288904819995351,break,click,0.3102108501797948,0.36588831353360707,0.3,0.6418278977280063
227,6526.623454127623,199.845208519841,0.7858264021901908,0.6410826802430218,0.002012258001231615,1.0,0.2,0.6410826802430218,0.9357479206570573,0.684927674951263,break,click,0.30000453029806984,0.4351513753266404,0.3,0.8460538969051975
228,6532.584880320533,1610.3529070639026,0.8885174465011215,0.7080101266085115,0.35891731975697816,1.0,0.2,0.7080101266085115,0.9665552339503364,0.6380083944055684,break,click,4.0412049599460245,0.5554069786004486,0.3,1.0
229,6538.402915852589,5156.379646480775,1.0,0.7624575871097402,0.2919898733914885,1.0,0.2,0.7624575871097402,0.9999999999999999,0.5999256163835526,break,click,3.174687368595847,0.6,0.3,1.0
230,6547.147834979225,548.8901532982733,0.8727821638610717,0.806752209361479,0.2375424128902598,1.0,0.2,0.806752209361479,0.9618346491583215,0.6461090931634429,break,click,0.4099724669804336,0.5491128655444286,0.3,1.0
231,6581.220910772069,211.3105386720664,0.5838605264669319,0.7600071128324988,-0.2506837727879301,0.9043056815041778,0.2,0.7600071128324988,0.8751581579400795,0.6901408641484232,break,click,0.30000244123602005,0.37652592374385363,0.3,0.868483339298318
232,6619.348705545627,283.25792415064836,0.9054786277989595,0.768734785202642,0.04680460625529137,0.8565244565276317,0.2,0.768734785202642,0.8153513528733297,0.7314607871585245,break,click,0.30000065689567357,0.3711336353754564,0.3,0.6601552453996895
233,6662.224014499429,97.95847779255553,0.7841800644280081,0.7213346400790336,-0.2541966557479436,0.9043056815041778,0.2,0.7213346400790336,0.9352540193284024,0.7934510659036296,break,click,0.30000004015520876,0.23227366031099386,0.3,0.4521828105438854
234,6680.31871668686,198.95326061241815,0.8747540386825068,0.7147585675311782,-0.03526604497225749,0.6687457539921505,0.2,0.7147585675311782,0.806133976138394,0.8305390733131538,break,click,0.30189010318337295,0.18387955604107073,0.3,0.3343862808675423
235,6692.571727172684,146.90267359866172,0.8932417830327091,0.6990000805247502,-0.08450933401649652,0.49454613924203666,0.2,0.6990000805247502,0.6961001687555491,0.8683212562307949,break,click,0.34603972670115907,0.13180048566093938,0.3,0.2364996644265963
236,6709.179207113582,144.5131957732891,0.8991353873570527,0.6861726172344409,-0.06879089212961242,0.3657232698363789,0.2,0.6861726172344409,0.6123952476994576,0.9003648090207255,break,click,0.30672756227749276,0.09189668172225275,0.3,0.16420262569415156
237,6723.445896143372,168.2240353727918,0.9015597364248682,0.6814898418110228,-0.025112704806017017,0.2704570908283893,0.2,0.6814898418110228,0.5499141610827966,0.8969620640906482,break,click,0.3165223597203523,0.08795236688670387,0.3,0.1568830150455357
238,6739.295164117822,189.28318991363145,0.8949300064815574,0.6819707766529418,0.0025791488217952185,0.22761923336918594,0.2,0.6819707766529418,0.5011818187332859,0.8313615917259373,break,click,0.3066781144810977,0.13442215997306878,0.3,0.24091201592279676
239,6755.027300372259,152.55398003073108,0.9401246997053929,0.6780146302217965,-0.021215951761831442,0.2174990606203513,0.2,0.6780146302217965,0.5263463963985151,0.7721265462993857,break,click,0.31204447862849943,0.18752353981146566,0.3,0.3255335108303945
240,6767.695360306065,189.45284538758642,0.9239276483881143,0.681886734259246,0.02076525070674362,0.22977706508968326,0.2,0.681886734259246,0.4838966575101288,0.6453212399149982,break,click,0.3269586163058465,0.2885925150753005,0.3,0.5066839516073502
241,6791.4689989320805,201.90430566851663,0.827109441547018,0.6789122276077014,-0.01595163140009115,0.3016793763997903,0.2,0.6789122276077014,0.5482948236381462,0.6122341765189334,break,click,0.3000694821907379,0.2940615395512541,0.3,0.5539511858352562
242,6814.428948038154,339.7220073948928,0.8637895310532427,0.7120359010477338,0.17763504716253598,0.6907915891519961,0.2,0.7120359010477338,0.5071592420633665,0.5021557238415156,break,click,0.3008473200212129,0.38797418484700125,0.3,0.7112061209096029
243,6837.247415520542,105.17796612995001,0.9963730489717872,0.6966750462828339,-0.08237691889940268,0.9043056815041778,0.2,0.6966750462828339,0.9989119146915361,0.9620533307952099,break,click,0.3000524737546914,0.034943000110191136,0.3,0.0583794932256394
244,6846.480760894323,64.98186472085908,0.9204097662702497,0.6677268575026201,-0.15524283224663527,0.6687457539921505,0.2,0.6677268575026201,0.8198306944147168,0.9265980871767887,break,click,0.4135599094041146,0.06950720003428983,0.3,0.12233652866384415
245,6864.06080261893,136.51844731635077,0.9395651702491423,0.6626369224492115,-0.027296213232610445,0.49454613924203666,0.2,0.6626369224492115,0.7099971849204791,0.9264518183550371,break,click,0.3041513414993914,0.06694813876223363,0.3,0.11626451539989513
246,6876.466000894506,96.73364128026188,0.952613021176897,0.6504392687851837,-0.06541336026043565,0.3657232698363789,0.2,0.6504392687851837,0.6284385378454108,0.9352292935380105,break,click,0.3492810772614997,0.055804764957329084,0.3,0.09604203621986751
247,6898.5440605627655,27.176301224630357,0.9454159318043188,0.6236321152758263,-0.14376092635223625,0.2704570908283893,0.2,0.6236321152758263,0.5630710196966318,0.9226930228356547,break,click,0.3000963454014038,0.0638518504776633,0.3,0.11043854068696468
248,6918.891004343798,206.4192069924113,0.927791118212756,0.6419598131835357,0.09828745257106586,0.46688999274236254,0.2,0.6419598131835357,0.5110401522526455,0.8394775053614916,break,click,0.3004736061796181,0.13096719772648216,0.3,0.22931785338884325
249,6963.652060803334,53.618037415394625,0.9086069493154876,0.6194651850805544,-0.12063379175654865,0.8666207819772991,0.2,0.6194651850805544,0.9475784381532614,1.0,break,click,0.30000000222792755,0.0,0.3,0.0
250,6976.709230659053,137.85529482191825,0.8625218535504251,0.6165030771465697,-0.015885139777944035,0.6408772831159067,0.2,0.6165030771465697,0.7839738003380394,0.8856964360716115,break,click,0.3012563384184026,0.10382740871601409,0.3,0.19050595123568703
251,6992.074007732675,39.05035505071251,0.8692882366951143,0.5916939371526527,-0.1330460149856219,0.4739370443862549,0.2,0.5916939371526527,0.6752401258376831,0.8287125303909505,break,click,0.300444681263715,0.17013536193815762,0.3,0.3106273708098026
252,7012.506773242068,205.55220476979383,0.816287757355741,0.6053790346269693,0.07339019748746012,0.5710464054788589,0.2,0.6053790346269693,0.5774288742628475,0.77769298236898,break,click,0.30096363032783463,0.2095978348895185,0.3,0.39808513320555106
253,7042.400997642356,100.35383289526429,0.9382203251372935,0.6033601980447074,-0.010826580939242159,0.8482363716501895,0.2,0.6033601980447074,0.9442645332908836,0.8046896974806178,break,click,0.3000112103994374,0.22098871806301348,0.3,0.38413571655288237
254,7059.0386102006105,180.31433232958932,0.8514605094572507,0.6122665772502845,0.04776297209590452,0.8130686408217834,0.2,0.6122665772502845,0.7716348791863884,0.7220992039703739,break,click,0.3030223533841161,0.3276949779171358,0.3,0.6061867432011365
255,7105.04358456817,286.9254940680497,0.7828075614328056,0.6379610890281076,0.13779407105118036,1.0,0.2,0.6379610890281076,0.9348422684298416,0.689792341870594,break,click,0.30000002502570666,0.3897129217218862,0.3,0.7594921745055127
256,7134.359738325869,225.1318523756443,0.8568107964474124,0.651360686782695,0.0718591246651541,1.0,0.2,0.651360686782695,0.9570432389342237,0.6420124270331853,break,click,0.30000880169046085,0.5420379610787313,0.3,0.9987353478059896
257,7162.61817400173,276.0237717851841,0.7860152306175627,0.6675233127509523,0.08667664325756652,1.0,0.2,0.6675233127509523,0.9358045691852688,0.5898885481057128,break,click,0.30011755080676744,0.514406092247025,0.3,1.0
258,7181.56172956506,221.71128254983628,0.7053210657200528,0.6604889646983122,-0.03772367670363064,0.9043056815041778,0.2,0.6604889646983122,0.9115963197160158,0.54656337999451,break,click,0.30033640951021584,0.48212842628802116,0.3,1.0
259,7189.99697690218,142.260203173802,0.7726870902613564,0.6425281075251351,-0.09632016560038148,0.6687457539921505,0.2,0.6425281075251351,0.7755138916120489,0.5643660695222282,break,click,0.5803136110098703,0.5090748361045425,0.3,1.0
260,7195.53755507386,5414.597370603099,0.7898341697595821,0.7091860245266912,0.3574718924748649,1.0,0.2,0.7091860245266912,0.6650778847736111,0.603322480594751,break,click,10.354604210157476,0.5159336679038329,0.3,1.0
261,7203.624491701437,3709.6865452978736,0.6946114604811504,0.7634142149049191,0.2908139754733088,1.0,0.2,0.7634142149049191,0.9083834381443451,0.6338616349081169,break,click,0.5792772703318275,0.4778445841924602,0.3,1.0
262,7210.558133426566,1038.415350176734,0.6559389297627344,0.8075304544152038,0.23658578509508088,1.0,0.2,0.8075304544152038,0.8967816789288202,0.6832288521489086,break,click,3.1137123735157948,0.46237557190509376,0.3,1.0
263,7312.899230457748,293.137369739739,0.7309201785539895,0.793424221906651,-0.07564865296353529,0.9043056815041778,0.2,0.793424221906651,0.9192760535661968,0.7429051581999714,break,click,0.3,0.3752077051649302,0.3,0.7620471897814314
264,7330.067540560797,209.688663496392,0.7193346993319756,0.7614173203288156,-0.17164604287017315,0.6687457539921505,0.2,0.7614173203288156,0.7595081743332346,0.7742763737158256,break,click,0.30195848644087553,0.28420359012693236,0.3,0.5827021700494459
265,7340.321285286524,117.03041494579765,0.8353950948251484,0.7246021475439327,-0.1974317542339944,0.49454613924203666,0.2,0.7246021475439327,0.678746162293281,0.8114794030066347,break,click,0.3770973519840333,0.23023729552734168,0.3,0.4310284207639089
266,7362.528240830318,189.1299323636295,0.8150683154648031,0.7095622725373142,-0.08065557435699422,0.3657232698363789,0.2,0.7095622725373142,0.5871751261317828,0.8384305410899354,break,click,0.30077684601411514,0.1743834499065432,0.3,0.3315102490415268
267,7383.25378897496,173.6986628713443,0.8019444865209885,0.692506442775058,-0.09146670068763962,0.2704570908283893,0.2,0.692506442775058,0.5200295861116326,0.8097719271289411,break,click,0.3017060198954468,0.18435310162600307,0.3,0.35399570322430784
268,7393.43547404025,58.929341867531996,0.752139013932269,0.6472360498572065,-0.24277525847450854,0.20000651862289462,0.2,0.6472360498572065,0.4583445209684994,0.7139237080289605,break,click,0.30885491252854486,0.24393814043579362,0.3,0.4870428477220756
269,7407.719684271139,168.0176895471591,0.7973178908178309,0.6400466860355535,-0.038554992514342246,0.147907408783868,0.2,0.6400466860355535,0.4373308175531563,0.5854337023963592,break,click,0.30860334339657114,0.3375250878952931,0.3,0.6504286464486296
270,7444.935534403822,499.7870513151478,0.7722167815834532,0.7071673146269726,0.3599533139644465,1.0,0.2,0.7071673146269726,0.4042374699376682,0.3850032262808386,friction,click,0.30000091924149624,0.4553033550571152,0.3,0.894704742242171
271,7454.712897564386,184.09871561895346,0.26489885892450254,0.6429106515441309,-0.3445944906410295,0.9043056815041778,0.2,0.6429106515441309,0.7794696576773507,0.5943772628586808,break,click,0.32592296458012915,0.19471166169303197,0.3,0.6363967582812491
272,7467.509013115846,140.6676887811276,0.8784484013636575,0.6377171085816307,-0.02785183988589257,0.6687457539921505,0.2,0.6377171085816307,0.8072422849427391,0.7860181685987699,break,click,0.3422393926001123,0.18802784784902776,0.3,0.34101357668342436
273,7526.915247462871,40.39980022938784,0.7726017378603811,0.6002521359383389,-0.2009164893647053,0.49454613924203666,0.2,0.6002521359383389,0.6599081552038507,0.8597284341363352,break,click,0.30000000000200355,0.10665794327483623,0.3,0.20952734092238412
274,7544.219958239079,104.0179187782084,0.7184161875878127,0.5795498886707079,-0.11102164367167211,0.3657232698363789,0.2,0.5795498886707079,0.5581794877686856,0.8077350550099167,break,click,0.30162743886606563,0.13771428327538668,0.3,0.2825682321818739
275,7557.3863314504515,136.7119077594715,0.6959564197149765,0.5682345319092446,-0.060681794113880305,0.2704570908283893,0.2,0.5682345319092446,0.488233166069829,0.6869914884932681,break,click,0.34413448893570386,0.21391116864968845,0.3,0.4471550240531932
276,7574.370526878446,282.615683524709,0.8093928065312875,0.6036138308980019,0.18973147576228544,0.6955000507204114,0.2,0.6036138308980019,0.4755206587482049,0.5622271314487407,break,click,0.30320743614768325,0.3275523741356613,0.3,0.6253898228664099
277,7593.682165888515,186.41607779241272,0.5561778508873515,0.5863644248384903,-0.09250480821381024,0.9043056815041778,0.2,0.5863644248384903,0.8668533552662054,0.8381727667485751,break,click,0.30088024437844363,0.1051805204306361,0.3,0.24896498336494255
278,7628.169408349626,86.98868874143535,0.8297099573066546,0.574659011002809,-0.06277358525836874,0.6687457539921505,0.2,0.574659011002809,0.7926207517256383,0.9192620516177332,break,click,0.30000091064007506,0.07157204019696657,0.3,0.13456325532437297
279,7654.593666996231,204.3576727059347,0.8240614973248345,0.5919669725499427,0.09281882854202661,0.7789264610979606,0.2,0.5919669725499427,0.6753460830431868,0.8832781763601661,break,click,0.3000558749338803,0.11016898303305238,0.3,0.20801334238560754
280,7664.672889508287,119.05680210598388,0.7942875700191318,0.58338892798747,-0.04600218490789698,0.9043056815041778,0.2,0.58338892798747,0.9382862710057395,0.8595721836273038,break,click,0.3103427596479958,0.14223793048024153,0.3,0.27474174552672825
281,7686.758479618038,217.33628017848292,0.7464048815390638,0.5948538468339819,0.06148386300516551,0.893222598402317,0.2,0.5948538468339819,0.767629228995361,0.7925064672510382,break,click,0.30061490402611757,0.2243383381338504,0.3,0.4499708350324272
282,7725.45963918656,248.05458304169926,0.7272117962638472,0.6095514938365892,0.07882028010006581,1.0,0.2,0.6095514938365892,0.9181635388791541,0.7575598865428022,break,click,0.30000015864387575,0.28947322529640984,0.3,0.5896969581324287
283,7757.206659379749,18.899411546306997,0.27642733664449753,0.5260661792614377,-0.44771356108145677,0.9043056815041778,0.2,0.5260661792614377,0.7829282009933493,0.6940363406317763,break,click,0.300000059211633,0.2631304900138527,0.3,0.8472476354034277
284,7769.829746031453,142.5958681632702,0.7739253666283927,0.5333648793786674,0.039141339256846375,0.8373662890315192,0.2,0.5333648793786674,0.7758853745221597,0.6578643737052113,break,click,0.319629515264444,0.5095701466513571,0.3,1.0
285,7775.533032232045,210.4050117414049,0.8472412499648679,0.5619437035487077,0.15326201028052266,1.0,0.2,0.5619437035487077,0.9541723749894603,0.6256930620966809,break,click,3.2095345597022615,0.5388964999859471,0.3,1.0
286,7789.5787658758045,2135.879887864026,0.8383844604904487,0.6436282243894964,0.4380562964512923,1.0,0.2,0.6436282243894964,0.9515153381471345,0.57542734648756,break,click,0.31568350763033143,0.5353537841961795,0.3,1.0
287,7803.5841761419315,128.52176164759544,0.4635448414086002,0.5967861951834229,-0.251203601625702,0.9043056815041778,0.2,0.5967861951834229,0.8390634524225801,0.5510729505942179,break,click,0.3076145934239645,0.3854179365634401,0.3,1.0
288,7809.828595501149,288.25738574765035,0.8029457412024232,0.6275553744393553,0.16500840760235158,1.0,0.2,0.6275553744393553,0.7845914868943689,0.5934334474416725,break,click,3.093438501700739,0.5211782964809692,0.3,1.0
289,7814.973888575016,1282.7257661030305,0.33351663671569937,0.6970052625590001,0.3724446255606447,1.0,0.2,0.6970052625590001,0.8000549910147098,0.644979809797678,break,click,2.1962829944969795,0.3334066546862797,0.3,1.0
290,7820.924098383837,5041.839021461745,0.3412715077123512,0.7535048041604997,0.3029947374409999,1.0,0.2,0.7535048041604997,0.8023814523137053,0.675913973989821,break,click,3.324643375510793,0.33650860308494046,0.3,1.0
291,7861.403327083594,251.98108579725144,0.7334954034931092,0.7401198218600702,-0.07178074516738087,0.9043056815041778,0.2,0.7401198218600702,0.9200486210479327,0.7487421229746039,break,click,0.3000000250587525,0.39218131715751914,0.3,0.794857678526627
292,7885.611170587344,247.85355205517018,0.18529419338323233,0.6771570217852652,-0.33765578509949135,0.6687457539921505,0.2,0.6771570217852652,0.5992960225486116,0.7550399920550673,break,click,0.30019127323189143,0.18341188146622464,0.3,0.6690990644497423
293,7894.299112712007,138.12246706771447,0.16530563503439522,0.5984942861553811,-0.42185112043342443,0.49454613924203666,0.2,0.5984942861553811,0.477719324356055,0.6891783337556339,break,click,1.4558789672611974,0.19878807054847306,0.3,0.7469802602009977
294,7923.284994475457,248.39679050505433,0.7984204777922564,0.6192320182128835,0.11121194087206498,0.6824542380007322,0.2,0.6192320182128835,0.5821807748300187,0.7343710087202239,break,click,0.3000286964914991,0.2959836626190247,0.3,0.5698917794378418
295,7949.576994033837,182.56504186156775,0.35864937966663857,0.5797560489945456,-0.21170102605260455,0.9043056815041778,0.2,0.5797560489945456,0.8075948138999915,0.9333991800401249,break,click,0.30007286611208883,0.05137457125793741,0.3,0.1495795969650704
296,7965.749963758723,111.29681379605837,0.7699560910379482,0.5693776700315892,-0.05565698623049853,0.6687457539921505,0.2,0.5693776700315892,0.7746945918450263,0.8854318794315427,break,click,0.3107434340282892,0.14724376532030767,0.3,0.2898599533468197
297,7983.123968618867,103.60305608807651,0.7165828683951252,0.5541649665698909,-0.08158241572393099,0.49454613924203666,0.2,0.5541649665698909,0.643102494364274,0.8708803044279653,break,click,0.3027108966202773,0.15597704010195793,0.3,0.32052284343712145
298,7992.797551624714,124.04917591286853,0.7239568726252993,0.5472422427287739,-0.03712506036615559,0.3657232698363789,0.2,0.5472422427287739,0.5598416932799316,0.814882825954025,break,click,0.552213849777,0.2212675121887195,0.3,0.45195120256589727
299,8023.768037284148,251.85268599829413,0.7594773203801201,0.5747116175362719,0.1473122749591539,0.6673577543234449,0.2,0.5747116175362719,0.5072894362693721,0.7724463229555455,break,click,0.30001331973207973,0.24943559675349236,0.3,0.4951172853954423
300,8049.762689822821,138.4900219244773,0.2827386550630698,0.5261864767298857,-0.2602297625991403,0.9043056815041778,0.2,0.5261864767298857,0.7848215965189209,0.8709046953467618,break,click,0.3000453386887099,0.09868066199859951,0.3,0.31517755434809924
301,8067.29999523904,34.21278159671573,0.7281281908256929,0.5039300435380022,-0.11935640432114458,0.6687457539921505,0.2,0.5039300435380022,0.7621462217813497,0.8186371459182868,break,click,0.30042275627115733,0.24776377652432674,0.3,0.5043524331888974
302,8093.245662229279,231.25248629211367,0.7102461588960879,0.5300841251100923,0.14025864377518382,0.8975259991808536,0.2,0.5300841251100923,0.6412014815145628,0.7729125390362155,break,click,0.3001835447464304,0.34478891207910145,0.3,0.712228891504181
303,8107.059851105031,130.3008099997533,0.739150622167491,0.5305255374915525,0.002367198473344878,1.0,0.2,0.5305255374915525,0.9217451866502472,0.7509668980468978,break,click,0.302328736054711,0.45914133362046344,0.3,0.9263226871026886
304,8116.244749385174,261.29848440333,0.7604644249321163,0.563405817366637,0.1763297804786681,1.0,0.2,0.563405817366637,0.9281393274796349,0.7016063002184355,break,click,0.44261045491938356,0.5041857699728465,0.3,1.0
305,8122.309794870272,98.92753508184778,0.19226831007141115,0.49933231427820346,-0.3436122434786217,0.9043056815041778,0.2,0.49933231427820346,0.7576804930214233,0.6345604045976819,break,click,0.3180946102224413,0.2769073240285645,0.3,1.0
306,8127.852700184198,541.2324097369227,0.64572823416725,0.5925809852036479,0.500072314976575,1.0,0.2,0.5925809852036479,0.7374262347838169,0.5884786823951683,break,click,3.5979830205856254,0.4582912936669,0.3,1.0
307,8133.005657262894,3609.5779017642676,0.024064309699966063,0.6685525607172682,0.4074190147963521,1.0,0.2,0.6685525607172682,0.7072192929099897,0.5636561588247001,break,click,2.3627272628168527,0.20962572387998643,0.3,1.0
308,8138.083757145124,5907.721528869445,0.31300610085521274,0.7303576882340844,0.3314474392827318,1.0,0.2,0.7303576882340844,0.7939018302565638,0.5753337319939444,break,click,2.568278603693102,0.3252024403420851,0.3,1.0
309,8151.249736804564,2096.311912513917,0.5930472662325852,0.7806379905911821,0.2696423117659156,1.0,0.2,0.7806379905911821,0.8779141798697755,0.642849917076463,break,click,0.4529286309184184,0.4372189064930341,0.3,1.0
310,8162.523952229343,53.21878085470214,0.089809631154886,0.6558502086480947,-0.6692096989453614,0.9043056815041778,0.2,0.6558502086480947,0.7269428893464658,0.6754977144413877,break,click,0.30201422784945026,0.2359238524619544,0.3,1.0
311,8179.324168671121,214.28295358432464,0.7068598386393605,0.6494045623593819,-0.0345665973480086,0.6687457539921505,0.2,0.6494045623593819,0.7557657161254501,0.7296932516656832,break,click,0.3118453262011999,0.3728255273780008,0.3,0.7723049426318059
312,8198.627706658044,62.16477004437865,0.7385213924855736,0.6116558910439299,-0.20243790356112185,0.49454613924203666,0.2,0.6116558910439299,0.6496840515914085,0.7625468451933327,break,click,0.3001673831772793,0.29409078564748087,0.3,0.5936328339417569
313,8205.926236887188,82.20833252209732,0.6984011962888027,0.5818775277734625,-0.1596948772469069,0.3657232698363789,0.2,0.5818775277734625,0.5521749903789827,0.7626168464304505,break,click,0.37548680947939017,0.25287131117506434,0.3,0.527518063145618
314,8219.56236678221,176.00301687329315,0.8137557946310039,0.5902694666481966,0.045004140633655876,0.4115874185096999,0.2,0.5902694666481966,0.5235729785446372,0.7414693377471603,break,click,0.301740155076255,0.2717168921083897,0.3,0.5170612628671736
315,8250.396500030158,77.8358185294439,0.6619329782337071,0.5600597364071116,-0.1620082043695381,0.5756883413250996,0.2,0.5600597364071116,0.6805447664768997,0.7812743846669754,break,click,0.3000005161435246,0.22590620329758532,0.3,0.4860568714578375
316,8263.544523101202,182.5369477245307,0.6931097108801896,0.5627945675213262,0.01466630368864652,0.5074457034777778,0.2,0.5627945675213262,0.5904008798177538,0.7327873737402072,break,click,0.32468139613386693,0.31881395075616914,0.3,0.6680315059228111
317,8296.267478126012,238.36478075057525,0.7033389080429723,0.5789859507976993,0.08683086243837901,0.797854378016958,0.2,0.5789859507976993,0.6594680055654979,0.7324556564648662,break,click,0.3000040350882431,0.3619536988230536,0.3,0.7519778850409445
318,8309.050705323558,187.74601772396926,0.7307102254096218,0.5829114661696564,0.02105168406207314,1.0,0.2,0.5829114661696564,0.9192130676228865,0.7084301511367264,break,click,0.3040049749150244,0.4693952369571413,0.3,0.9535047878571715
319,8314.60480128961,1296.34058251947,0.6299630602192303,0.6606861205008878,0.4170885338303436,1.0,0.2,0.6606861205008878,0.8889889180657691,0.6554077242150482,break,click,4.438023761822013,0.45198522408769215,0.3,1.0
320,8321.180049549414,4562.565368580475,0.16853228749289068,0.7239581060562785,0.3393138794991122,1.0,0.2,0.7239581060562785,0.7505596862478672,0.604272976009325,break,click,2.298089883471939,0.2674129149971563,0.3,1.0
321,8341.722590348314,116.83072817012408,0.22840730010507634,0.6374888021940026,-0.4637160457910853,0.9043056815041778,0.2,0.6374888021940026,0.7685221900315229,0.6591625994935026,break,click,0.30045349466288856,0.29136292004203057,0.3,1.0
322,8353.2842393581,103.79142274465595,0.6584465236166357,0.6041989435995337,-0.17852626195486487,0.6687457539921505,0.2,0.6041989435995337,0.7412417216186326,0.7081138032105374,break,click,0.3219621302490638,0.4611681619817905,0.3,0.995229716219522
323,8372.372979967371,31.432141715445873,0.698971519025358,0.5640289352176534,-0.2154230069425474,0.49454613924203666,0.2,0.5640289352176534,0.6378190895533439,0.7429989519346628,break,click,0.30159106125533713,0.359044760232305,0.3,0.7486515620574788
324,8399.564125266259,242.72607598730724,0.6777929285068599,0.578624926762842,0.07827512401991055,0.6001121958703461,0.2,0.578624926762842,0.5459925100443997,0.7411926736055946,break,click,0.30011012071935916,0.31002578396180996,0.3,0.6580651327963977
325,8413.96034043725,125.03286305605928,0.18851591128059408,0.5174484928678409,-0.3280758923024709,0.8966080651237481,0.2,0.5174484928678409,0.7514474629661174,0.8281336238187338,break,click,0.3022589992610362,0.12820702845115994,0.3,0.4655194831035325
326,8431.296842041198,138.43623441613818,0.6169348622185907,0.5107475366797456,-0.035935768738372786,0.6630532670648206,0.2,0.5107475366797456,0.725011301051924,0.7754899956669925,break,click,0.3070913735915713,0.31424664995199403,0.3,0.703368344434606
327,8485.762068045786,297.4374878869541,0.6531893314950272,0.5457375812203256,0.18764398892646073,1.0,0.2,0.5457375812203256,0.621291350489588,0.7309688901389739,break,click,0.3000000002086125,0.460998949045521,0.3,0.9993999607329633
328,8491.181978637993,221.40586631181318,0.4134040716470192,0.5341245397261832,-0.06227821250704946,0.9043056815041778,0.2,0.5341245397261832,0.8240212214941057,0.7012418656205879,break,click,2.388646205785292,0.3653616286588077,0.3,1.0
329,8507.360853848115,1854.2698185366833,0.7002544864686457,0.6209965104117592,0.46587546027381677,1.0,0.2,0.6209965104117592,0.7537841104742357,0.656519229872466,break,click,0.30836102896664297,0.48010179458745833,0.3,1.0
330,8513.60722373882,672.3905361815756,0.17510758684055938,0.6782513904969552,0.30704545323549004,1.0,0.2,0.6782513904969552,0.7525322760521678,0.6407068787838931,break,click,2.5663654453580707,0.27004303473622376,0.3,1.0
331,8521.768748365146,3675.7837994175065,0.37097685174095335,0.7382479736104878,0.32174860950304485,1.0,0.2,0.7382479736104878,0.8112930555222859,0.6999709469868899,break,click,0.9897747788283539,0.3483907406963813,0.3,1.0
332,8540.510161206948,160.07331065823007,0.0,0.6378977612256318,-0.5381563352877001,0.9043056815041778,0.2,0.6378977612256318,0.7,0.7403609365224838,break,click,0.3020658576415868,0.18476147707532795,0.3,0.9238073853766396
333,8545.676144619776,0.0,0.6728822080766439,0.5816850260222027,-0.30145665718730985,0.6687457539921505,0.2,0.5816850260222027,0.7455724269566351,0.7973961351788774,break,click,0.3001560706884273,0.2871205322042751,0.3,0.6119977995810657
334,8563.313224712456,204.1154193938314,0.7448943026679494,0.5902452094540513,0.045906399554061283,0.6616453886280473,0.2,0.5902452094540513,0.6515959246461213,0.8321437097927398,break,click,0.3016936060891905,0.21935341475383058,0.3,0.440506102172151
335,8577.493209870667,169.25264541693653,0.707146497812343,0.5855636556035095,-0.025106153776709217,0.8058967737480753,0.2,0.5855636556035095,0.8468503811827152,0.9001387490421375,break,click,0.3288714467762527,0.11716892190025374,0.3,0.24265679872449963
336,8589.795726397608,146.31152870700026,0.721419065161848,0.5777384800928466,-0.041964712138835236,0.5959710932077213,0.2,0.5777384800928466,0.7118480454703017,0.9175225427508061,break,click,0.34840077555291593,0.09999109620731633,0.3,0.20466173129954113
337,8606.03434385659,184.744791702729,0.7425732855285054,0.5823031167443405,0.024479152299817453,0.5485644259757427,0.2,0.5823031167443405,0.6151919127942711,0.864194690370397,break,click,0.30612045116687303,0.17868391707402306,0.3,0.3595037796865703
338,8641.286492327821,204.24287064023784,0.6346155210971055,0.5804958891732347,-0.009691767895490533,0.6067531095965971,0.2,0.5804958891732347,0.6929607688140297,0.8221231873104526,break,click,0.30000226292199844,0.24630612096791443,0.3,0.5427083368508636
339,8673.435107228384,186.63323501053222,0.6627051135220176,0.5775400002366812,-0.015851788649060672,0.44870177647156995,0.2,0.5775400002366812,0.5965217789321354,0.8030723569400038,break,click,0.3000075242576368,0.3030239926126918,0.3,0.6515495397082761
340,8691.703690264632,65.68653943324652,0.7643747928973625,0.5564232692679851,-0.11324442949644176,0.3318207703007904,0.2,0.5564232692679851,0.5494730165900165,0.7769573046365273,break,click,0.3009271901788337,0.3261616630839395,0.3,0.6449070024888106
341,8720.083048106546,232.56340177833806,0.6977319103825448,0.5719277098087845,0.08314693814620977,0.47922000709508694,0.2,0.5719277098087845,0.47213117015250095,0.6972109158620005,break,click,0.3000657812430584,0.36645987335528346,0.3,0.7649037947862629
342,8744.774475900527,194.39945069397535,0.7333795253200013,0.5789690858393418,0.03776136621868531,0.9893581133728491,0.2,0.5789690858393418,0.8569866762916818,0.8870804967970508,break,click,0.30021009509223695,0.15732668915793954,0.3,0.3188935074893533
343,8780.24806316532,169.13992811646412,0.6999043640253758,0.575688700221982,-0.01759199368107378,0.9043056815041778,0.2,0.575688700221982,0.9099713092076127,0.8423789482466681,break,click,0.30000097657080305,0.2487754510897282,0.3,0.518323498414385
344,8799.628816902514,216.7098378604152,0.7739690242001008,0.5910134152206801,0.0821831092035874,0.9449707138983717,0.2,0.5910134152206801,0.7758984717936721,0.7791271012981353,break,click,0.3029748531273401,0.44295575928244757,0.3,0.8692435821988891
345,8804.669305756506,0.0,0.7051403358204995,0.5465508140389166,-0.23844324731043032,0.9043056815041778,0.2,0.5465508140389166,0.9115421007461498,0.7426914524745789,break,click,0.3002392970149639,0.4820561343281998,0.3,1.0
346,8810.079517239366,665.4083692301913,0.6642015738673371,0.6311056527227505,0.4534491859610834,1.0,0.2,0.6311056527227505,0.742968236693843,0.6912730278008806,break,click,3.6505022355787498,0.4656806295469349,0.3,1.0
347,8818.26517158292,3664.9483035677667,0.2760060752365999,0.6998935191278808,0.36889434727724946,1.0,0.2,0.6998935191278808,0.78280182257098,0.6560597759972063,break,click,1.5924327272944452,0.31040243009463997,0.3,1.0
348,8829.20806148644,1480.4133225160967,0.3218540629744965,0.7558544864506735,0.3001064808721192,1.0,0.2,0.7558544864506735,0.7965562188923488,0.6801491152622656,break,click,0.5729097217245569,0.3287416251897986,0.3,1.0
349,8835.610797044454,374.8397818798661,0.1560730716410237,0.7168321628718649,-0.20926822328032912,0.9043056815041778,0.2,0.7168321628718649,0.7468219214923071,0.729989462769307,break,click,1.886021220729078,0.2624292286564095,0.3,1.0
350,8859.923706663298,98.71298983235512,0.0,0.6061730123331568,-0.593440925581421,0.6687457539921505,0.2,0.6061730123331568,0.5437077645336419,0.7101687989638924,break,click,0.3001991589008502,0.1932207930128339,0.3,0.9661039650641695
351,8883.52010927182,203.42083832161444,0.7608346983768524,0.611491219106959,0.028520384757287465,0.6181803516361127,0.2,0.611491219106959,0.6563780433587921,0.8184706672416423,break,click,0.3006128837905635,0.2615753896272309,0.3,0.5186552011218688
352,8897.199914661158,131.5808192273581,0.7164502047527596,0.5949344974342696,-0.0887900926963816,0.6879797340522882,0.2,0.5949344974342696,0.7714044266793578,0.8815120125494132,break,click,0.30660133270670914,0.14413472370836017,0.3,0.29621994214234026
353,8931.716363401472,34.766033117376146,0.6362122713280174,0.551417753593666,-0.23337082037354073,0.5087699164013171,0.2,0.551417753593666,0.6284286841229624,0.9133364211394422,break,click,0.30000020149345724,0.08752729897289065,0.3,0.1925857103941233
354,8939.471977964906,0.0,0.6954622677195537,0.5134362337081444,-0.20368661973388913,0.37624193711399384,0.2,0.5134362337081444,0.5582723682220427,0.8993559472033518,break,click,0.30000000417014006,0.09698291228452037,0.3,0.2028146661406628
355,8960.257101201538,230.9344017523328,0.7493638991489368,0.541390700579476,0.14991371805674003,0.6824631996227903,0.2,0.541390700579476,0.5094165124332451,0.7853733080345027,break,click,0.3017135172354126,0.20518911366027098,0.3,0.410587167197734
356,8975.915948472775,76.63399349990122,0.6780563876260609,0.5215185501893687,-0.10657001489156903,0.9043056815041778,0.2,0.5215185501893687,0.9034169162878182,0.8978743625788026,break,click,0.3102585492398784,0.10179973865524966,0.3,0.21603324705956894
357,8996.196288846346,88.75590679660202,0.7122690667632299,0.511367264713957,-0.054439133312001176,0.6687457539921505,0.2,0.511367264713957,0.7573884845626109,0.8332715072677536,break,click,0.30129782376926356,0.191251406451047,0.3,0.394407915896283
358,9027.68750983043,190.5292907833697,0.735808148253634,0.5290257149199739,0.0946984228920722,0.7836254469730746,0.2,0.5290257149199739,0.6488700783218266,0.7724196545610411,break,click,0.3000044757279442,0.3018215041666798,0.3,0.6105751620775337
359,9066.286108456175,264.2582985693238,0.684525709769199,0.5557954040745404,0.14356001317628042,1.0,0.2,0.5557954040745404,0.9053577129307596,0.7480684064832018,break,click,0.3000000781588548,0.3698676331728296,0.3,0.7806239031419949
360,9071.855053896224,646.4419590306894,0.04239329969278448,0.6067864164016012,0.2734536945602136,1.0,0.2,0.6067864164016012,0.7127179899078353,0.6788044219729249,break,click,2.0074354696896446,0.2169573198771138,0.3,1.0
361,9082.710253195652,2763.652621429479,0.0,0.6801090998660906,0.39321358359839875,1.0,0.2,0.6801090998660906,0.7,0.6275326110422611,break,click,0.6013885976543885,0.2,0.3,1.0
362,9092.390733679133,123.96078914138285,0.0,0.5821826707530768,-0.525158113439362,0.9043056815041778,0.2,0.5821826707530768,0.7,0.6803110703825951,break,click,0.3598485400691169,0.2,0.3,1.0
363,9099.676781432263,82.34917205178287,0.711114551018149,0.5591183498499137,-0.12368893017927374,0.6687457539921505,0.2,0.5591183498499137,0.7570421298390866,0.740545963021839,break,click,0.3067815150422553,0.4449148352063218,0.3,0.9183995742440191
364,9121.13971841243,195.6861730470907,0.7883990190493646,0.5739779642506116,0.07968887598363195,0.7461015797019739,0.2,0.5739779642506116,0.6646473395605458,0.7754715022743341,break,click,0.30057196972591105,0.3480017480304723,0.3,0.675260037622589
365,9146.001572206345,48.26671453975389,0.6626119344344169,0.5399772168406648,-0.1823386038587108,0.9043056815041778,0.2,0.5399772168406648,0.898783580330325,0.8322351976582474,break,click,0.30006382341442484,0.24943250723934443,0.3,0.5363623489739235
366,9162.043095754554,187.01465549604623,0.6150303821604789,0.5402208018968427,0.001306293609632414,0.7427786749134843,0.2,0.5402208018968427,0.7282168791817856,0.8255127806003865,break,click,0.30632991505587226,0.2672829421208397,0.3,0.5992727785653544
367,9206.923729989388,254.0071056115293,0.7798212721018555,0.5713984088073218,0.16719871616849658,1.0,0.2,0.5713984088073218,0.7835324674075445,0.7810443275844601,break,click,0.30000002048947105,0.46478422160394023,0.3,0.9079084551404262
368,9212.092162840314,116.08934802987096,0.13103177069609148,0.5041253361256642,-0.3607708384219374,0.9043056815041778,0.2,0.5041253361256642,0.7393095312088274,0.7266220219777622,break,click,1.7120635416696832,0.2524127082784366,0.3,1.0
369,9218.55791361922,4639.832407069994,0.7308672994549827,0.596591269485821,0.49587466387433576,1.0,0.2,0.596591269485821,0.7629679543701368,0.6797339237468715,break,click,1.9811505851331854,0.49234691978199313,0.3,1.0
370,9224.002049624085,1653.1548792969847,0.009157111481109786,0.6718150457949136,0.403408730514179,1.0,0.2,0.6718150457949136,0.7027471334443329,0.6397765331081342,break,click,2.4732647163959633,0.20366284459244394,0.3,1.0
371,9241.06725112171,1757.9634207175066,0.0,0.7330118165035374,0.3281849542050864,1.0,0.2,0.7330118165035374,0.7,0.6914487652480602,break,click,0.31043639567480397,0.2,0.3,1.0
372,9268.282278406137,132.27986003379908,0.2470693256768272,0.6501952280313459,-0.44412732862287496,0.9043056815041778,0.2,0.6501952280313459,0.7741207977030481,0.7578829968313143,break,click,0.3000381149095149,0.2843115852605896,0.3,0.9514230322701643
373,9294.067056436947,232.69542956044256,0.6433801142840101,0.643177250728282,-0.037635883938787584,0.6687457539921505,0.2,0.643177250728282,0.7367217988188449,0.801971076987082,break,click,0.300179347327768,0.2974556056784435,0.3,0.6503865205507608
374,9320.276856498354,183.13760458889215,0.6785379460271359,0.6291945326488263,-0.07498627197859886,0.49454613924203666,0.2,0.6291945326488263,0.6316890176538772,0.8347005469041441,break,click,0.3000421262968996,0.21982883953981472,0.3,0.4663168468203762
375,9329.190302330933,67.31403446768306,0.7518018887105402,0.5976528742146388,-0.16915104520895236,0.3657232698363789,0.2,0.5976528742146388,0.5681951981055039,0.8465677176667996,break,click,0.3033946400231882,0.18994003940906107,0.3,0.3793332657548453
376,9336.769410548148,79.16498653987583,0.6887775726625659,0.568879031044378,-0.15430785470851105,0.2704570908283893,0.2,0.568879031044378,0.4860795119541058,0.7778331656382513,break,click,0.33650608737838256,0.23244817163638196,0.3,0.4888386544754455
377,9349.940983540113,182.21058346365456,0.7646087432093465,0.5765594790206461,0.04118856988986341,0.3241427860393564,0.2,0.5765594790206461,0.46208543975162264,0.6852223178536206,break,click,0.30221917246628166,0.3156291620868175,0.3,0.6239660364948296
378,9361.138032115025,107.17109888124915,0.7013407505178836,0.5594181470967814,-0.09192523016014287,0.47935945185616,0.2,0.5594181470967814,0.6284536064485692,0.7562568140929061,break,click,0.30208424958681646,0.22203682255186258,0.3,0.46206045715203026
379,9386.018640088387,289.3819961195733,0.6121860375616093,0.5796319768363241,0.10840236683348992,0.663011104307182,0.2,0.5796319768363241,0.518858923602557,0.6414821817777644,break,click,0.3002441277891305,0.30493519885760373,0.3,0.6854410785585678
380,9409.94151771876,175.5641635129816,0.16037620633920718,0.5274223853388491,-0.2799886692754935,0.9043056815041778,0.2,0.5274223853388491,0.7481128619017621,0.7745296600075409,break,click,0.30019240380104195,0.12590315939562507,0.3,0.47663422071779626
381,9490.5475022639,104.21062465028075,0.6947596415253261,0.5181400237452684,-0.049779283763335125,0.6687457539921505,0.2,0.5181400237452684,0.7521356569912397,0.8691136858168605,break,click,0.3000000000000002,0.14785849100763834,0.3,0.30938961668237785
382,9504.937681233383,125.08531018392782,0.7359366940990363,0.5192933357341315,0.006184961034159553,0.562341792328293,0.2,0.5192933357341315,0.6489086420754473,0.8807895235097029,break,click,0.3032164532364628,0.15798186457440638,0.3,0.31955897362844055
383,9524.24825605777,155.35529249038245,0.6972002891272638,0.5236755618725313,0.023500924442478532,0.652018908605287,0.2,0.5236755618725313,0.6651200452376336,0.8324106519291494,break,click,0.30190202855336185,0.24843208697675856,0.3,0.5187772030147537
384,9548.442633101982,0.0,0.7624430525861262,0.4971121047725844,-0.14245403557946817,0.6958845009695829,0.2,0.4971121047725844,0.7904470342664456,0.832355377531029,break,click,0.3000000106041243,0.281587225786785,0.3,0.5576236195564445
385,9558.55829539502,59.31396112472216,0.7112976494684077,0.48455876477040444,-0.06732082863247785,0.5146155938313711,0.2,0.48455876477040444,0.65483286045567,0.7825536892263344,break,click,0.3037170394864644,0.4203494710883366,0.3,0.8675602385442007
386,9566.28073794814,621.5649992838812,0.8115906726579099,0.580673283982652,0.5154412352295956,1.0,0.2,0.580673283982652,0.5959791371531948,0.7432392463049191,break,click,5.133974311586355,0.524636269063164,0.3,1.0
387,9575.549441215006,1100.4775648027623,0.21689750305072172,0.6588652929803519,0.41932671601734794,1.0,0.2,0.6588652929803519,0.7650692509152165,0.7131503970553285,break,click,0.5826186245118178,0.2867590012202887,0.3,1.0
388,9581.805079992815,95.91346644379803,0.26861418770801526,0.5834070049002102,-0.40466636607159673,0.9043056815041778,0.2,0.5834070049002102,0.7805842563124046,0.7119029231041589,break,click,0.3252472088333508,0.30744567508320614,0.3,1.0
389,9644.525681196743,76.52987866607766,0.7809455794420931,0.5652686836410059,-0.09727186684656663,0.6687457539921505,0.2,0.5652686836410059,0.7779914383662698,0.7616436532266108,break,click,0.3000000000005165,0.48851441397014334,0.3,0.953425387093557
390,9669.374191676903,217.31684900435314,0.7238388723384755,0.5780040159580297,0.06829681378367325,0.7176214242020772,0.2,0.5780040159580297,0.6452792955472791,0.7983724506678841,break,click,0.3002204249839539,0.32901283040218754,0.3,0.6720918044005242
391,9687.036128349038,135.88543796482512,0.6380582017805039,0.561386127357134,-0.08911811761174643,0.9043056815041778,0.2,0.561386127357134,0.891417460534151,0.8513559922838646,break,click,0.30123072808036505,0.22642601311724184,0.3,0.4973955039447806
392,9715.861449740818,187.33529200267046,0.7262512664839672,0.5680820212754886,0.03590862088818769,0.8292844931098724,0.2,0.5680820212754886,0.761583144478832,0.8528129994785585,break,click,0.3000205725435683,0.22341725878130006,0.3,0.4554883344216737
393,9775.973027866936,249.535954097383,0.718796644546223,0.587332522094137,0.1032362436193518,1.0,0.2,0.587332522094137,0.9156389933638669,0.8207208135640497,break,click,0.3000000000117676,0.3199882873481588,0.3,0.6563611099111932
394,9782.17854416771,290.06450273532045,0.40911424149436404,0.5835667952607146,-0.020194772927804472,0.9043056815041778,0.2,0.5835667952607146,0.8227342724483092,0.7614303294131262,break,click,2.4105673125043805,0.36364569659774565,0.3,1.0
395,9787.270722271465,5891.3885941795115,0.2652508654031957,0.6612192501321283,0.41643320473928536,1.0,0.2,0.6612192501321283,0.6232830241546006,0.7004701157283527,break,click,2.5622575793110816,0.3061003461612783,0.3,1.0
396,9797.175826822675,1211.496550890533,0.337983986800118,0.724391822806511,0.33878074986787166,1.0,0.2,0.724391822806511,0.8013951960400354,0.7295425305584258,break,click,0.5954851032124062,0.33519359472004717,0.3,1.0
397,9811.726863378039,82.46835168300932,0.43990246161248675,0.6495509779742861,-0.401355152396506,0.9043056815041778,0.2,0.6495509779742861,0.8319707384837459,0.7888346903636421,break,click,0.30072363983993905,0.3474890336699132,0.3,0.9242688679465862
398,9836.382021310017,219.02110766834684,0.8142241749309116,0.6553944921726558,0.031337494076603356,0.8178566760809116,0.2,0.6553944921726558,0.7879750170129154,0.8349969849373141,break,click,0.3000386351919772,0.31149202855024455,0.3,0.5925397555683748
399,9850.11598437752,87.37463426266558,0.7215048428189229,0.62081845120304,-0.1854237779348623,0.88128580852397,0.2,0.62081845120304,0.9011779407240339,0.8899079709085196,break,click,0.30264626050656807,0.16376411777532154,0.3,0.33516878532670313
400,9887.746205666184,111.61241832147559,0.8482340713475653,0.6101549764945047,-0.057185892627412804,0.6517222600256565,0.2,0.6101549764945047,0.7868830260711254,0.9277840670457462,break,click,0.30000009665883065,0.10290341610088613,0.3,0.1908114812697801
401,9901.762817613117,85.6127004545207,0.8579202789104141,0.5963227979062174,-0.07417896147114678,0.48195704515466153,0.2,0.5963227979062174,0.6771509485305457,0.9668108710491037,break,click,0.30163574221726275,0.04207385272891904,0.3,0.07746009353855221
402,9935.925831709523,210.75423789252923,0.7442734386201879,0.6036430128841749,0.03925671876953807,0.4922712148125506,0.2,0.6036430128841749,0.5597596823192796,0.8691591974653823,break,click,0.3000009414134202,0.15921067777558093,0.3,0.3198868368357489
403,10000.892645014908,55.41290724970074,0.7310806449403842,0.5721599973043641,-0.1688365563518569,0.6226640254984779,0.2,0.5721599973043641,0.7324570786782597,0.8968845082259026,break,click,0.3000000000000531,0.13563674181855773,0.3,0.27544243826757187
404,10016.60331132191,152.76245788063505,0.7531830889631101,0.5712993655878276,-0.0046153804720151514,0.4604681046824138,0.2,0.5712993655878276,0.631472041598458,0.8360344961150069,break,click,0.3069736821920234,0.25339354415510107,0.3,0.5054998475218018
405,10035.673553289886,220.23842209516795,0.8534807475942668,0.5956783223185774,0.13073903582826585,0.7034040231353124,0.2,0.5956783223185774,0.5819780844170687,0.7986642836303642,break,click,0.30268582337043914,0.3038617277272571,0.3,0.5612597893751974
406,10079.928147198329,230.48454632986878,0.7174008519795749,0.605212139735562,0.051127786583546,1.0,0.2,0.605212139735562,0.9152202555938724,0.7976854347853581,break,click,0.3000000224538669,0.3191203342659321,0.3,0.6553312611598332
407,10141.254308199896,215.24256181082097,0.7325819381882847,0.6108308709008266,0.030132031622106537,1.0,0.2,0.6108308709008266,0.9197745814564854,0.7529257971307558,break,click,0.30000000000100874,0.4708379091859605,0.3,0.954982980437843
408,10148.678941814042,484.872410827255,0.7668971867310171,0.6814487367929971,0.3787082359987508,1.0,0.2,0.6814487367929971,0.9300691560193051,0.7039552426814488,break,click,3.3145651255825688,0.5067588746924069,0.3,1.0
409,10154.173836679329,1310.307144452436,0.35831597875193405,0.7408491095512169,0.3185512632070029,1.0,0.2,0.7408491095512169,0.8074947936255802,0.6416977943384974,break,click,2.297733339095591,0.3433263915007736,0.3,1.0
410,10159.899364976218,5239.691159381647,0.45327527972748405,0.7891730726656846,0.25915089044878314,1.0,0.2,0.7891730726656846,0.8359825839182452,0.6994495853944985,break,click,2.97614893447075,0.3813101118909936,0.3,1.0
411,10231.7028313587,275.7527038392495,0.836043123271256,0.7842389488994966,-0.026460631230994847,0.9043056815041778,0.2,0.7842389488994966,0.9508129369813768,0.773357280611895,break,click,0.3000000000000365,0.4605195453176068,0.3,0.861722831576799
412,10247.183606262395,77.51549954476647,0.6163771691988617,0.7135375901762653,-0.3791559898691077,0.6687457539921505,0.2,0.7135375901762653,0.7286209152933004,0.7928843988438623,break,click,0.3018659722035453,0.2954771600438537,0.3,0.6616875734208516
413,10273.219672143814,0.0,0.7724178592665666,0.6525004928659116,-0.327328660542982,0.49454613924203666,0.2,0.6525004928659116,0.6598529916257064,0.8289513297582445,break,click,0.30000000414233574,0.23982223578601167,0.3,0.471193943953772
414,10299.398976266306,114.59433703673726,0.7319765408340746,0.6257850128906687,-0.14326930115295278,0.3657232698363789,0.2,0.6257850128906687,0.5622475937425642,0.8310764545415176,break,click,0.30008584724334975,0.2015537095243547,0.3,0.4090047635726458
415,10318.366665998941,189.79644072339514,0.8433573815639861,0.6319644972334996,0.0331392287955683,0.38192513891448093,0.2,0.6319644972334996,0.532453454624532,0.8164568345838981,break,click,0.3022931527992638,0.21300915686717609,0.3,0.39641192989758056
416,10348.954916816701,196.15374660508996,0.8238379046770437,0.6366536002596325,0.025146638361384754,0.6104878787957843,0.2,0.6366536002596325,0.6757241411385064,0.9015537154961193,break,click,0.3000052712486576,0.11092044808553929,0.3,0.20946757849594666
417,10399.029493188675,227.6604382095318,0.8631890562051252,0.651481067097453,0.07951647560484487,0.9350122596148203,0.2,0.651481067097453,0.8006893592231623,0.8871892161228198,break,click,0.3000000021003978,0.1464652467367309,0.3,0.2686077291884663
418,10415.809383721797,178.7854333184348,0.894261911835543,0.6550485586838021,0.019131680468362,1.0,0.2,0.6550485586838021,0.9682785735506628,0.8538877920430958,break,click,0.3022764502897783,0.22024631389839874,0.3,0.3949156037843078
419,10433.558665016299,33.80418564811599,0.8383362348120309,0.6189431937666261,-0.19362520921764165,0.9043056815041778,0.2,0.6189431937666261,0.9515008704436092,0.8022100097864608,break,click,0.3001998452269792,0.3309040922362265,0.3,0.6181258558741443
420,10450.294403306521,179.25710524240986,0.8612865945337191,0.6256135159147355,0.03577148505324579,0.8289416535225177,0.2,0.6256135159147355,0.8020937428937577,0.7563195850092201,break,click,0.3013138120338468,0.4756471797190106,0.3,0.8735250564226957
421,10469.40296063379,345.39499172874565,0.8273897211918138,0.6666043813097435,0.21982508434210346,1.0,0.2,0.6666043813097435,0.9482169163575441,0.7209318906524103,break,click,0.3095821207707599,0.5309558884767256,0.3,1.0
422,10484.720920974452,78.3394116000244,0.5784667095255777,0.6144958394551214,-0.2794467620469242,0.9043056815041778,0.2,0.6144958394551214,0.8735400128576732,0.663464188270217,break,click,0.30197549633625287,0.4313866838102311,0.3,1.0
423,10493.878748221368,65.51772421805167,0.8170624323349115,0.5913609324606497,-0.1240674680151011,0.6687457539921505,0.2,0.5913609324606497,0.7888264942341153,0.6215300734489866,break,click,3.0841409211874264,0.5268249729339647,0.3,1.0
424,10504.914053397055,2011.7250630196104,0.9323077311564022,0.6675600116639091,0.4086390675393503,1.0,0.2,0.6675600116639091,0.7078199531926571,0.6059157173083907,break,click,1.3084975587763812,0.5729230924625609,0.3,1.0
425,10511.599207753805,2333.528766504951,0.6979433618181702,0.7295502201725782,0.3324399883360909,1.0,0.2,0.7295502201725782,0.909383008545451,0.5781079270746865,break,click,6.825135995272703,0.4791773447272681,0.3,1.0
426,10516.867028653782,5694.954435547838,1.0,0.7799810914000076,0.2704497798274218,1.0,0.2,0.7799810914000076,0.9999999999999999,0.6371696382761002,break,click,3.449122839951754,0.6,0.3,1.0
427,10523.073466371632,4446.9954029534165,0.5370702740887241,0.8210080992766128,0.2200189085999924,1.0,0.2,0.8210080992766128,0.8611210822266172,0.6758087632004822,break,click,3.140117608340009,0.41482810963548966,0.3,1.0
428,10623.149316856472,299.7726210135449,0.6633882241107399,0.7996389281749815,-0.11459821095431166,0.9043056815041778,0.2,0.7996389281749815,0.8990164672332219,0.7306844320300336,break,click,0.3,0.4031525338458392,0.3,0.8663327629820158
429,10654.560978129462,133.70830544424211,0.8892610255915311,0.7646061735936377,-0.18787303357391327,0.6687457539921505,0.2,0.7646061735936377,0.8104860722111012,0.7742068459696887,break,click,0.3000089795251792,0.3477007463180194,0.3,0.6256936959884347
430,10671.917573360128,207.41395142058107,0.8453208595861199,0.7491891193388491,-0.08267830452485148,0.49454613924203666,0.2,0.7491891193388491,0.6817238917215723,0.8054579696466477,break,click,0.3021693281204953,0.2547982483485452,0.3,0.47348973765807134
431,10692.396641673075,175.78924709793304,0.9282956487693075,0.7370117208658942,-0.06530473608177911,0.3657232698363789,0.2,0.7370117208658942,0.621143326123134,0.8480119822777459,break,click,0.3001818459549104,0.18841279605694652,0.3,0.3297860569331227
432,10796.1560036344,17.347832195334036,0.9118546677999304,0.688641381400024,-0.25939959672176144,0.2704570908283893,0.2,0.688641381400024,0.5530026404953152,0.8483916662171783,break,click,0.3,0.16759609414380996,0.3,0.2967658392293524
433,10801.92477615435,0.0,0.9639575807946292,0.6501049310430109,-0.20666259100270934,0.20000651862289462,0.2,0.6501049310430109,0.5218900910272075,0.8202523630056745,break,click,0.3,0.18766815184857213,0.3,0.3204808566698817
434,10821.260019351072,248.2513383030001,0.9010931150632758,0.6707576062241533,0.11075579936737712,0.4404485822647878,0.2,0.6707576062241533,0.46846338482678973,0.7051959841889389,break,click,0.30296038980592876,0.27046595289048225,0.3,0.48259810497724753
435,10848.145750095704,111.58335358241854,1.0,0.664925108663788,-0.03127841424613009,0.8990856484897876,0.2,0.664925108663788,0.9965365474610041,0.9993268670451838,break,click,0.30003925368577333,0.000720097008070364,0.3,0.0012001616801172732
436,10870.480106580448,107.45776363153776,0.8887533500728771,0.6488464715935899,-0.08622622908792721,0.664885472026139,0.2,0.6488464715935899,0.8077725015827613,0.8892535544586568,break,click,0.3002375486547991,0.12042197348090077,0.3,0.21678070744992517
437,10907.533818199472,242.89064729966898,0.8971018836059406,0.6681121764073268,0.10331777933396669,0.8020170200595949,0.2,0.6681121764073268,0.695364108116589,0.830817972648962,break,click,0.300000576516683,0.1965642247282555,0.3,0.3517356662295099
438,10921.18092282946,131.89610901382113,0.914052825255341,0.6594943311228569,-0.04621562751237984,0.9043056815041778,0.2,0.6594943311228569,0.9742158475766022,0.8097933542667013,break,click,0.301688288695743,0.24962159617827862,0.3,0.44132296849165353
439,10954.530793867218,251.87503695261174,0.849653636371663,0.6744448325388439,0.08017628325373927,0.9399536490237514,0.2,0.6744448325388439,0.7986038554451408,0.742232142870944,break,click,0.3000022808390782,0.36525426717748305,0.3,0.6765703757880672
440,10985.717474703571,269.3457519277934,0.5570475931673229,0.6633985428414166,-0.05923884604544072,0.9043056815041778,0.2,0.6633985428414166,0.8671142779501968,0.699083173302609,break,click,0.30002090104305407,0.3844002037796271,0.3,0.909136462408035
441,10990.99467530756,1250.6630873593217,0.974334270893072,0.7261647419921857,0.33660145715858336,1.0,0.2,0.7261647419921857,0.8360080458015634,0.6614412547418638,break,click,4.892077916236678,0.5897337083572288,0.3,1.0
442,10998.707740684038,3889.5041770929456,0.6489080369767654,0.7772269045975101,0.2738352580078143,1.0,0.2,0.7772269045975101,0.8946724110930295,0.6657935545671979,break,click,1.4566857618697182,0.45956321479070616,0.3,1.0
443,11020.865380098443,162.47218093366112,0.9819899582166659,0.7617234409421946,-0.08314169932210069,0.9043056815041778,0.2,0.7617234409421946,0.9945969874649997,0.7280313109080417,break,click,0.3001647976380767,0.5545454698133921,0.3,0.9354744051044339
444,11039.014761850352,132.23590934427042,0.8888286069625837,0.7333772869510886,-0.15201425078056474,0.6687457539921505,0.2,0.7333772869510886,0.810356346622417,0.7590457397421689,break,click,0.3008964769093516,0.3928577250593875,0.3,0.7071745985967645
445,11056.717154332497,203.36234232922286,0.8528352077927795,0.7235397151597565,-0.05275675514317024,0.49454613924203666,0.2,0.7235397151597565,0.6839781961835704,0.79472416852508,break,click,0.30480309904956693,0.2842942299069211,0.3,0.52536744362745
446,11065.930090918466,130.25162919579336,0.9009247930628752,0.7029789730859235,-0.1102627821335771,0.3657232698363789,0.2,0.7029789730859235,0.6129320694112044,0.8368576987295309,break,click,0.3138864049553552,0.20742955137163208,0.3,0.37016539431450113
447,11086.348263672391,176.31352439742554,0.942773057572245,0.7008904044414479,-0.011200538803019078,0.2704570908283893,0.2,0.7008904044414479,0.5622781574270096,0.84767819243054,break,click,0.3001209724868261,0.17913445933372546,0.3,0.310399578079097
448,11112.097287815079,139.8111237167907,0.9600072006212637,0.6922898501868308,-0.04612289948482773,0.20000651862289462,0.2,0.6922898501868308,0.5207049769751978,0.817048092181333,break,click,0.3000050656164084,0.1975936350969303,0.3,0.3383435968891969
449,11127.834143604288,190.6352857384067,0.8711638726361164,0.6888562207903733,-0.0184138066957642,0.147907408783868,0.2,0.6888562207903733,0.4594846120986419,0.7144368402067013,break,click,0.3099379946496008,0.26513304231116636,0.3,0.4834087442105619
450,11135.90993272426,148.59229013699496,0.860191299707946,0.6752401153442161,-0.07302020826515665,0.10937944284908938,0.2,0.6752401153442161,0.43062982537501604,0.5533723989012505,break,click,2.3579089098983355,0.37925535371816044,0.3,0.6970625267923569
451,11170.700926486157,362.16269320250416,0.9321288756507801,0.7206508142596222,0.2435276889843041,0.6982663144215563,0.2,0.7206508142596222,0.4333069178717116,0.3900766802330715,friction,click,0.300002884881803,0.5058364861322924,0.3,0.8830149554495104
452,11201.84388390165,231.19191616715696,0.9260709633080969,0.7265012406399921,0.03137456260337246,1.0,0.2,0.7265012406399921,0.977821288992429,0.84803303755385,break,click,0.30000606652153483,0.13529336200024686,0.3,0.23717852316129318
453,11218.188316757218,110.12924192025334,0.8593302610895002,0.6968199015502795,-0.1591745576949254,0.9043056815041778,0.2,0.6968199015502795,0.9577990783268501,0.9644177375079236,break,click,0.30312697714472064,0.03275147462683206,0.3,0.0602345794181427
454,11241.171472878517,130.53037555706584,0.9223363896932495,0.6833028997010056,-0.07248873725732252,0.6687457539921505,0.2,0.6833028997010056,0.8204086814416167,0.9195000388208333,break,click,0.30030026428047174,0.07982354011849983,0.3,0.14030355388663562
455,11284.624023262188,27.616330673445777,0.942590243976202,0.6502067647261266,-0.17748736437109736,0.49454613924203666,0.2,0.6502067647261266,0.710904707038597,0.9165937571547398,break,click,0.3000000002804958,0.08230014324768165,0.3,0.14262564091109875
456,11302.26116040702,102.05737956328723,0.9396564970167325,0.6403598625875272,-0.05280679176365133,0.3657232698363789,0.2,0.6403598625875272,0.6245515805973615,0.9479884098971347,break,click,0.30329337234372394,0.047311135440932614,0.3,0.08215698595284904
457,11322.308968868287,149.64229161487322,0.9484547430016088,0.6442608924173372,0.0209203734318687,0.35137800050523194,0.2,0.6442608924173372,0.5639826630558188,0.9080082753502554,break,click,0.3023360423296108,0.07802698917337428,0.3,0.13467281175054224
458,11358.223411928526,100.23822432556442,0.925940106174447,0.6338198458541433,-0.0559930589231582,0.4123451849805987,0.2,0.6338198458541433,0.6513699524510793,0.9393972165744369,break,click,0.3000005135392707,0.04990785280090694,0.3,0.08749991073398089
459,11373.573135576633,156.35460644244168,0.9031890106588588,0.6362845958613046,0.01321791752833823,0.37024780674383667,0.2,0.6362845958613046,0.5732785109514523,0.8911156218077059,break,click,0.30880026086551454,0.0876483427821788,0.3,0.1561591883138823
460,11379.16776678298,0.0,0.9172337649392013,0.6031548311373461,-0.17766771339170395,0.39458238479556196,0.2,0.6031548311373461,0.6369725661130771,0.9165939296635255,break,click,0.30053658288416396,0.06754622919701718,0.3,0.11915153108124488
461,11395.840194009572,143.95024595891775,0.8762732077408247,0.6059368908136062,0.014919580181713354,0.35997610019634446,0.2,0.6059368908136062,0.5564882521674841,0.8560590809286284,break,click,0.3061091139383487,0.11320116216524376,0.3,0.20562988788952985
462,11412.325156222401,145.587230896541,0.9289456280839598,0.6134926631993474,0.040519961849049935,0.5358739057275361,0.2,0.6134926631993474,0.6394280890881346,0.9220491677946326,break,click,0.3039578591991581,0.06365000158987648,0.3,0.11135833361837444
463,11419.333610168456,0.0,0.8960972069870803,0.5826422477333381,-0.16544405970580722,0.667805976091387,0.2,0.5826422477333381,0.8119133910797954,0.8998438994459929,break,click,0.30011901286288817,0.08604778915385503,0.3,0.15408631419647867
464,11432.976877177287,87.95547277813208,0.9061688118270166,0.5789849109214035,-0.019613500847164622,0.4938511613228601,0.2,0.5789849109214035,0.6995171647855336,0.8119111390869007,break,click,0.32419532642730764,0.1763231372217245,0.3,0.31348145354011614
465,11445.560290541822,47.68181594439822,0.9273333222524975,0.5685955313935017,-0.05571597986465693,0.3652093246715154,0.2,0.5685955313935017,0.6205136294270402,0.7612064962852901,break,click,0.3004244065010569,0.24632158167228965,0.3,0.43143668306497185
466,11476.702655674779,57.799078275372395,0.9185055138421399,0.5616786130721002,-0.03709392662821631,0.27007702172806525,0.2,0.5616786130721002,0.554745721326144,0.7045678217123469,break,click,0.3000041601819822,0.3022595857656216,0.3,0.5327078090569533
467,11492.03394237126,234.81395079685026,0.7633573449035738,0.5828462632032446,0.1135174978757495,0.5046542973650566,0.2,0.5828462632032446,0.4615235350764818,0.5854336707048583,break,click,0.3109532589018142,0.36316107510204293,0.3,0.7186428221734866
468,11508.740920596934,0.0,0.8640331348243766,0.5547209936224562,-0.15082969579105632,0.9043056815041778,0.2,0.5547209936224562,0.959209940447313,0.7732731281622999,break,click,0.3000025802936099,0.2347908587837041,0.3,0.4303246981128763
469,11530.39897532203,193.92323333328451,0.8841416822823829,0.5789162496915854,0.12975388918534092,1.0,0.2,0.5789162496915854,0.8089502692183567,0.6588852687301854,break,click,0.3009247309040908,0.3960385200880503,0.3,0.7153142722987033
470,11553.16216552601,263.5834409076452,0.9646663827906878,0.6223444988823444,0.232896242838315,1.0,0.2,0.6223444988823444,0.9893999148372062,0.6377143769854525,break,click,0.3002640385151273,0.4972218214493573,0.3,0.8486946708334707
471,11559.526978161517,282.8048684352799,0.906927937962775,0.6567716950437661,0.18462555564314298,1.0,0.2,0.6567716950437661,0.9720783813888324,0.5841498343140508,break,click,2.1167532169511696,0.5627711751851101,0.3,1.0
472,11634.135338206093,152.7978901183287,0.8926213682305237,0.6531423012957626,-0.019463648280593326,0.9043056815041778,0.2,0.6531423012957626,0.967786410469157,0.5337206252947587,break,click,0.3000000000000084,0.5570485472922095,0.3,1.0
473,11650.002617835968,264.6956565946095,0.8896666129051287,0.6759962175560005,0.12256057590006364,1.0,0.2,0.6759962175560005,0.8106077484051805,0.4991903110678155,break,click,0.30930596369731017,0.5558666451620515,0.3,1.0
474,11657.778044679762,0.0,1.0,0.643178137283408,-0.17599621755600048,0.9043056815041778,0.2,0.643178137283408,0.9999999999999999,0.4760339349508286,break,click,0.3001906991984659,0.6,0.3,1.0
475,11666.429515488562,485.46658629740784,0.9181044615551173,0.7097148429937056,0.356821862716592,1.0,0.2,0.7097148429937056,0.819139103000177,0.462211902251973,break,click,9.713705312156591,0.567241784622047,0.3,1.0
476,11672.459546386654,4975.098885395849,0.9105374375976675,0.7638444243953253,0.2902851570062944,1.0,0.2,0.7638444243953253,0.9731612312793002,0.47583879037671734,break,click,0.9839550325313898,0.564214975039067,0.3,1.0
477,11685.481755709794,552.9015715639922,0.8956347424414309,0.8078804425816165,0.2361555756046747,1.0,0.2,0.8078804425816165,0.9686904227324292,0.4871960517852657,break,click,0.3608014928216958,0.5582538969765725,0.3,1.0
478,11718.482587818226,418.1712738229545,0.962051586435089,0.8437050480467042,0.1921195574183835,1.0,0.2,0.8437050480467042,0.9886154759305267,0.5402952927068478,break,click,0.3000216446960808,0.5848206345740357,0.3,1.0
479,11730.308871068853,304.4067120419229,0.7748859369669207,0.8295792293340336,-0.07575368951084027,0.9043056815041778,0.2,0.8295792293340336,0.9324657810900762,0.583573581606587,break,click,0.39470290527345664,0.5099543747867683,0.3,1.0
480,11736.147294609475,0.0,1.0,0.7681224676225389,-0.3295792293340336,0.6687457539921505,0.2,0.7681224676225389,0.8437077645336418,0.6246977917396127,break,click,0.30511165440043325,0.6,0.3,1.0
481,11741.970105099805,0.0,0.9078913084147142,0.7095378001471371,-0.3141768134151818,0.49454613924203666,0.2,0.7095378001471371,0.7004950263701507,0.6592255143213149,break,click,0.30027807007299395,0.47977339362143123,0.3,0.8519361380276864
482,11764.434584379409,240.37948677950035,0.9206001998971578,0.7190919189091504,0.05123665827581725,0.532516031510113,0.2,0.7190919189091504,0.6188346914614892,0.7016298249945614,break,click,0.3007653507242244,0.37676860919267363,0.3,0.6630447630866678
483,11781.488691818533,70.36428052792985,0.8604652925136026,0.6816292897084487,-0.20090392199243678,0.7132252786872009,0.2,0.6816292897084487,0.8313591814876002,0.7218738974287537,break,click,0.30303198880695703,0.3666715569541251,0.3,0.6737980729311015
484,11788.618950054419,0.0,0.9150001896209105,0.6398358352141587,-0.2241291948979935,0.5274393233586362,0.2,0.6398358352141587,0.7244520703346368,0.6611831742332245,break,click,0.3000857850661523,0.5286225872916247,0.3,0.9339620432016457
485,11812.747739986487,174.06591925348874,0.9124788206190135,0.6461732124810464,0.033985974162209054,0.5162883397978018,0.2,0.6461732124810464,0.6325376888210715,0.6143323877499753,break,click,0.30031988411668376,0.5649915282476055,0.3,1.0
486,11818.235446415169,546.6764738581919,0.9334444825400695,0.7121514254031267,0.3538267875189536,1.0,0.2,0.7121514254031267,0.7917642711273291,0.5805130639417578,break,click,3.6725708502985857,0.5733777930160278,0.3,1.0
487,11827.818271686734,3130.6007518486444,1.0,0.7658266563748701,0.2878485745968733,1.0,0.2,0.7658266563748701,0.9999999999999999,0.5513366252183914,break,click,0.5045564427785942,0.6,0.3,1.0
488,11836.74949312232,537.4404872412183,0.9741102758222779,0.8094930470252576,0.23417334362512987,1.0,0.2,0.8094930470252576,0.9922330827466833,0.5339718714335278,break,click,3.7897196557928705,0.5896441103289112,0.3,1.0
489,11854.22626030703,789.6197193764667,0.8089476628315518,0.8450169495388031,0.1905069529747424,1.0,0.2,0.8450169495388031,0.9426842988494655,0.5790169750885791,break,click,0.32192859023552545,0.5235790651326208,0.3,1.0
490,11862.822730812268,2512.6591182786865,0.7075349815993968,0.8739166967126787,0.15498305046119687,1.0,0.2,0.8739166967126787,0.9122604944798189,0.6287266889298295,break,click,5.511688003334185,0.48301399263975875,0.3,1.0
491,11958.012232711664,315.1608045150422,0.6596497821748658,0.8459198857902256,-0.15014079998144314,0.9043056815041778,0.2,0.8459198857902256,0.8978949346524597,0.6779231401479966,break,click,0.3,0.4268529542040249,0.3,0.9202195368921713
492,11984.562978318429,158.1876479932097,0.6697691305705302,0.7874985762258708,-0.31330076051344835,0.6687457539921505,0.2,0.7874985762258708,0.744638503704801,0.7138400955610898,break,click,0.3000498319238108,0.334740992691473,0.3,0.7153996971355581
493,11991.660468787268,84.53692225925334,0.8511727156832419,0.7397172092427255,-0.2562410655601832,0.49454613924203666,0.2,0.7397172092427255,0.6834794485507091,0.7541024593483328,break,click,0.3142225623795767,0.2953333445117026,0.3,0.5464389213231755
494,12008.424372401552,143.1647458265632,0.8613584855068364,0.7154607638492917,-0.13008203420610331,0.3657232698363789,0.2,0.7154607638492917,0.6010621771443927,0.7929602906162405,break,click,0.3006133106865834,0.22548418528535077,0.3,0.41407936940541157
495,12026.13876986933,203.22452437618966,0.812554826184633,0.7051764202065423,-0.05515269528673816,0.2704570908283893,0.2,0.7051764202065423,0.523212688010726,0.7707772782411924,break,click,0.306060944573563,0.21881261861014917,0.3,0.41676853081672616
496,12060.593959725627,208.96706795200532,0.8894144666487376,0.705314342655516,0.0007396480578332199,0.22302048145928094,0.2,0.705314342655516,0.49952715678343995,0.725554468977679,break,click,0.3000035099094285,0.25421235871778475,0.3,0.4574091547552114
497,12080.261281303627,274.56712794286716,0.7751559221031703,0.7100642145045423,0.025472528324653076,0.29040004256007973,0.2,0.7100642145045423,0.4685780096800193,0.637803170112243,break,click,0.30029658162219475,0.28421991682157494,0.3,0.5572258103793272
498,12102.756374647697,293.3973155412479,0.5652693954686638,0.6987486566851719,-0.06068287234365044,0.3777851688274345,0.2,0.6987486566851719,0.5202384291506063,0.5972468317772502,break,click,0.30070058234107566,0.24516607505271779,0.3,0.5753616786879935
499,12150.858540484289,124.73450822116048,0.8800463474311236,0.6795781322497085,-0.10280734769315947,0.27937702122397584,0.2,0.6795781322497085,0.549378450933903,0.5572810566930043,break,click,0.3000000017110384,0.34912724060239353,0.3,0.6324556440663636
500,12184.942574256618,123.22485149658901,0.8925268040969712,0.664794077537269,-0.07928366583048674,0.20660292258226362,0.2,0.664794077537269,0.5048375222992161,0.4548406533420292,break,click,0.30000294809000727,0.43379943751625577,0.3,0.7787990799171133
501,12216.527325103747,550.8987575750372,0.8507297441803583,0.727300050813257,0.33520592246273095,1.0,0.2,0.727300050813257,0.45659097343586874,0.3062575306704187,friction,click,0.30000982505649554,0.5354620594757762,0.3,0.9910606873484933
502,12224.30529740519,0.0,0.6729534570201009,0.6544230802632122,-0.39082332230320654,0.9043056815041778,0.2,0.6544230802632122,0.9018860371060302,0.6544378715602579,break,click,0.30000020108044184,0.24791989474780593,0.3,0.5284094890210919
503,12238.951803229347,163.8616082780271,0.7838038956524825,0.6436648358175017,-0.05769412208943703,0.6687457539921505,0.2,0.6436648358175017,0.7788489332293866,0.8209830942186407,break,click,0.30420764937290223,0.1328352564834472,0.3,0.25867513125113006
504,12257.849140116381,190.50303339144756,0.9128200108022656,0.6531513223435532,0.05087396132294053,0.6740642930502454,0.2,0.6531513223435532,0.7019736370864161,0.9152692015762067,break,click,0.30292555750443523,0.06840535404744376,0.3,0.12104399980964309
505,12283.05614088906,71.40873347974352,0.7816300261916803,0.6208778894266112,-0.17307539239803366,0.8395882312292285,0.2,0.6208778894266112,0.8915494676564729,0.979202678599626,break,click,0.30005623441002566,0.016402752337697495,0.3,0.03199588025110045
506,12303.986174332784,172.0016362935917,0.809078297124548,0.6206286353191017,-0.0013366954973474954,0.6208863620124592,0.2,0.6206286353191017,0.7546769080165031,0.9506766076962604,break,click,0.3003160105506228,0.04192999002257239,0.3,0.08007540518140432
507,12311.932963065701,75.50219593918486,0.8285787915734313,0.599751133697063,-0.11196149460840499,0.4591534995299564,0.2,0.599751133697063,0.6532185217767854,0.8905307570001749,break,click,0.5378824064637151,0.10279033852251984,0.3,0.19342160806433162
508,12342.94220161344,77.39628937696197,0.9160930134678458,0.5913675627533455,-0.04495926524193761,0.3395499547570593,0.2,0.5913675627533455,0.6001167383594759,0.8782509211337606,break,click,0.3000007076546112,0.11624132426741378,0.3,0.20521484669773282
509,12499.421566111077,11.50311420153534,0.76314914643763,0.5549286233053013,-0.1954140967826113,0.25110158562125673,0.2,0.5549286233053013,0.49554875234816853,0.7984838451729052,break,click,0.3,0.15945416117186473,0.3,0.31558854633588207
510,12511.517449064828,148.81096377026964,0.8365786971293552,0.5641354916615829,0.04937442997221331,0.32877910864441573,0.2,0.5641354916615829,0.4741794293671361,0.6808494010237357,break,click,0.3040417337589242,0.2597382807790724,0.3,0.48582676301987837
511,12525.294172749647,174.20687638850717,0.8335889453549002,0.5772662833929016,0.07041757650150116,0.7516951997592352,0.2,0.5772662833929016,0.6954674387097594,0.7690766932238522,break,click,0.30229867421466045,0.18500143708955788,0.3,0.34681120770749285
512,12543.5631953101,98.52743867625047,0.7634436200009705,0.5637685928275596,-0.07238517504710329,0.9043056815041778,0.2,0.5637685928275596,0.9290330860002911,0.8549696193749575,break,click,0.30336592754665437,0.11901503000023056,0.3,0.23549731091312787
513,12556.584369762964,184.3151713148235,0.8143318482836575,0.5775284831898742,0.0737912954577985,0.9239911795338995,0.2,0.5775284831898742,0.7880073190187391,0.7838836279377944,break,click,0.3098312746250613,0.2007952618741357,0.3,0.38193410236605696
514,12569.93348578661,179.78718558957254,0.8629259667411678,0.5921978243754613,0.07866848216767541,1.0,0.2,0.5921978243754613,0.9588777900223503,0.7509706633718435,break,click,0.3329020299567115,0.2631853045857414,0.3,0.48275788819078735
515,12601.660572551813,151.29028503381576,0.9292624184003534,0.6036743748917295,0.061546241116985145,1.0,0.2,0.6036743748917295,0.978778725520106,0.7029607450303448,break,click,0.30000079040542604,0.36453755213123923,0.3,0.6376322980268974
516,12609.303419079515,78.50478193239871,0.7846906668709819,0.5825662897068361,-0.11319806404074018,0.9043056815041778,0.2,0.5825662897068361,0.9354072000612945,0.6486235804989061,break,click,2.621037648016868,0.4342075274107297,0.3,0.8449651317003303
517,12614.89771808663,3646.569476185433,0.8757860924704428,0.6604053092217195,0.4174337102931639,1.0,0.2,0.6604053092217195,0.8064435922747747,0.5857272076071544,break,click,5.890541471940097,0.5503144369881772,0.3,1.0
518,12642.481816799069,1087.583114922352,0.5831611375874298,0.7237296577609809,0.33959469077828053,1.0,0.2,0.7237296577609809,0.8749483412762289,0.5459900962064868,break,click,0.3000754354435629,0.43326445503497196,0.3,1.0
519,12648.28657947506,3307.6287648090633,0.20353014334084785,0.7752458914303312,0.27627034223901914,1.0,0.2,0.7752458914303312,0.7610590430022544,0.5850729899959207,break,click,2.5222912901702577,0.28141205733633917,0.3,1.0
520,12654.240285327165,5038.878430547107,0.41790796223316357,0.8171558738098524,0.22475410856966882,1.0,0.2,0.8171558738098524,0.825372388669949,0.6488815490580974,break,click,3.0624171304794596,0.36716318489326544,0.3,1.0
521,12701.120074049555,243.17515736916016,0.6513739077806012,0.7821926839339424,-0.18749997320810163,0.9043056815041778,0.2,0.7821926839339424,0.8954121723341804,0.7108820976475096,break,click,0.30000000263192744,0.3330905983548523,0.3,0.7232459327589782
522,12710.45577202975,128.53886260518894,0.0,0.6662977846894031,-0.6215191056774562,0.6687457539921505,0.2,0.6662977846894031,0.5437077645336419,0.6689764479726618,break,click,0.6576228428839971,0.147203200224606,0.3,0.73601600112303
523,12723.322034355559,93.26717966825773,0.7973628386761116,0.6381347185010982,-0.15103239076602515,0.49454613924203666,0.2,0.6381347185010982,0.6673364854485698,0.7794222612462101,break,click,0.3063508365321986,0.2290497871927187,0.3,0.44137572844781725
524,12743.93095338254,145.56804246125245,0.9109108832507613,0.6380006045712519,-0.0007192237991519024,0.3657232698363789,0.2,0.6380006045712519,0.6159278964675702,0.8192016938825285,break,click,0.30179666205707234,0.185604411152348,0.3,0.3288733777513865
525,12784.716385397676,161.82248596877653,0.8681408508627421,0.6376925421496416,-0.0016520716789101275,0.2704570908283893,0.2,0.6376925421496416,0.5398884954141587,0.8098752804845684,break,click,0.300000015750081,0.17348373190161956,0.3,0.31700634439835207
526,12819.633106020265,257.75616494115025,0.702764063180984,0.6443839747138158,0.03588469561728824,0.3108831003579185,0.2,0.6443839747138158,0.44353203574311395,0.6984977800289897,break,click,0.30000114064028377,0.22324631870555703,0.3,0.4640276624892067
527,12835.98960483487,73.36533408534088,0.18401877983244377,0.5584830565274971,-0.4606679171909178,0.4433870245661083,0.2,0.5584830565274971,0.44938958101634896,0.5602170936576452,break,click,0.3012664593735076,0.17312260449696745,0.3,0.632740684909906
528,12880.546362479945,148.12567944403273,0.7980428931349649,0.5632745040010787,0.0256954893450263,0.4268267831253751,0.2,0.5632745040010787,0.556965703798175,0.565439046662549,break,click,0.30000000826153667,0.32233072383990724,0.3,0.6208013724828287
529,12911.557883312833,212.82413189489844,0.7085996982516279,0.5739136662112548,0.05705550999335829,0.6979430048339024,0.2,0.5739136662112548,0.6457624473857924,0.6407598227273059,break,click,0.3000125698243025,0.24810147271179397,0.3,0.5132002619864542
530,12924.934051198645,134.56768899479107,0.7153674694110512,0.5649592991972003,-0.048020320262240346,0.8891319338779572,0.2,0.5649592991972003,0.9045425737037316,0.9235310418257948,break,click,0.30364996509058917,0.05719254621146136,0.3,0.11764455535241536
531,12942.036371152131,35.08295960032529,0.6583824081922043,0.5291729503327112,-0.19191439560069157,0.6575245712607707,0.2,0.5291729503327112,0.7337773168718044,0.9195751009851875,break,click,0.30012877329932575,0.06199966683009938,0.3,0.13380656161478088
532,12952.524094911201,114.41948964017838,0.7594573934744963,0.5279758307639001,-0.006419891545240031,0.48624792940009653,0.2,0.5279758307639001,0.6504590522375927,0.8739578272769459,break,click,0.3201151761200793,0.11242108104963058,0.3,0.2231537994697299
533,12977.949550408059,94.39358914520484,0.7974261573018434,0.5258741668872293,-0.011270765681472339,0.3595866362720483,0.2,0.5258741668872293,0.5778108685914113,0.8461388533563311,break,click,0.3001345755513498,0.14006551672913714,0.3,0.26989111469052796
534,12989.137700582216,160.88450476449444,0.7607768177795359,0.5362456253244617,0.055619872958156624,0.4331084020661051,0.2,0.5362456253244617,0.5046682771362888,0.7575816398099386,break,click,0.3488380973879209,0.20804850466645458,0.3,0.412540311918304
535,13008.043657199249,126.94411865082664,0.7340423893109792,0.5342794290643201,-0.010544282355438805,0.6431492242985826,0.2,0.5342794290643201,0.7469373769074266,0.8342282184814432,break,click,0.30382481022519653,0.1522027440987556,0.3,0.30834180700984093
536,13035.95554101892,193.4659815470448,0.7357854248422283,0.5483478281005428,0.07544576029060002,0.7145617479782225,0.2,0.5483478281005428,0.6363040358037019,0.7731648722852853,break,click,0.300041084857985,0.22994754896782166,0.3,0.4651850239235077
537,13060.469148330607,48.95240364839732,0.7250542184091786,0.5251079855900072,-0.12463021433545685,0.9043056815041778,0.2,0.5251079855900072,0.9175162655227536,0.7512860837553004,break,click,0.3000123262983446,0.27849333794707004,0.3,0.5683285967308324
538,13083.269244272302,131.57839369060625,0.720431533836521,0.5250298122574212,-0.0004192265584888055,0.6687457539921505,0.2,0.5250298122574212,0.7598372246845982,0.6855181675155958,break,click,0.3000665320133827,0.3960581494027298,0.3,0.8113075957601864
539,13088.490456565725,1149.158406670828,0.7247563042674122,0.6135976801632439,0.4749701877425788,1.0,0.2,0.6135976801632439,0.6455545251259601,0.6330159194422024,break,click,3.1945389156540718,0.4899025217069649,0.3,1.0
540,13094.958180788642,4638.416692799515,0.055308987501495405,0.6856502647358849,0.3864023198367561,1.0,0.2,0.6856502647358849,0.7165926962504485,0.5901197247395774,break,click,3.6766971983943746,0.22212359500059817,0.3,1.0
541,13103.053156358195,2149.4814716234696,0.3050770302989259,0.7442671770128966,0.31434973526411514,1.0,0.2,0.7442671770128966,0.7915231090896777,0.6513020404820566,break,click,2.381727446741109,0.3220308121195704,0.3,1.0
542,13180.205218582796,311.0739921654005,0.2687640758731752,0.7030492719067291,-0.22104264886955827,0.9043056815041778,0.2,0.7030492719067291,0.7806292227619526,0.7057867433355193,break,click,0.30000000000000066,0.2533230072150166,0.3,0.8237995737745941
543,13193.414444913355,90.8455930703417,0.0,0.5931264266749852,-0.5894922805688019,0.6687457539921505,0.2,0.5931264266749852,0.5437077645336419,0.6777414620704597,break,click,0.3261635659816197,0.1583028488911129,0.3,0.7915142444555644
544,13263.08677482625,284.187424545066,0.6797659093942542,0.6121446907807591,0.10199080870347443,0.8018564115015802,0.2,0.6121446907807591,0.6320574066640127,0.7652411104896062,break,click,0.30000000000011257,0.24234101953024964,0.3,0.5135362396907167
545,13278.736543780824,115.01767247969265,0.21132485396736045,0.5445099896208168,-0.362710173197463,0.9043056815041778,0.2,0.5445099896208168,0.763397456190208,0.8584160946192445,break,click,0.3066900249014692,0.08224628395517604,0.3,0.28906020750032
546,13298.939114136283,148.49595606973924,0.6650785302521658,0.5395963499650809,-0.02635077940755981,0.6687457539921505,0.2,0.5395963499650809,0.7432313236092917,0.8991155283118889,break,click,0.300930364869836,0.0922376971487782,0.3,0.19792163093249726
547,13320.924204091116,136.456116675594,0.6860737342186632,0.534750108607675,-0.02598933701125672,0.49454613924203666,0.2,0.534750108607675,0.6339497541113354,0.9005202360577473,break,click,0.30020896453147605,0.0869089338403089,0.3,0.18318619520219148
548,13347.808442337779,223.17909642632227,0.7255810490171151,0.5547051024778171,0.10701428643378541,0.6719601019050333,0.2,0.5547051024778171,0.5603289461974763,0.8417632796509129,break,click,0.30008216397209975,0.14902265964865818,0.3,0.3039836895490726
549,13362.562780420105,162.66402373378875,0.7865342289690808,0.562516727099814,0.04189204167395921,1.0,0.2,0.562516727099814,0.9359602686907241,0.8745110516502403,break,click,0.3140601269911735,0.13724201615318013,0.3,0.266689399051501
550,13378.08311958733,193.29474489418388,0.766646238845393,0.5741571071893723,0.06242482344061229,1.0,0.2,0.5741571071893723,0.9299938716536178,0.8239144000167101,break,click,0.31161929339121713,0.2121428093625811,0.3,0.4187096658415832
551,13405.396402328599,241.64067214183868,0.66196215949098,0.5851355154594495,0.05887481273341599,1.0,0.2,0.5851355154594495,0.898588647847294,0.7707738656683514,break,click,0.30011464219693107,0.28752591945472633,0.3,0.6186215211618479
552,13443.951564734027,171.18330174822444,0.13759746099972475,0.5287547703408056,-0.30235765777430657,0.9043056815041778,0.2,0.5287547703408056,0.7412792382999174,0.7050429125582754,break,click,0.3000002777103835,0.23468133816763873,0.3,0.9201782963488778
553,13457.616513193128,263.4477554580281,0.6446159377093342,0.5516650597528199,0.12286289283639651,1.0,0.2,0.5516650597528199,0.7370925458464421,0.6875101404662657,break,click,0.32360519882736005,0.4578463750837337,0.3,1.0
554,13468.700511041601,108.26418557680304,0.15897726398533096,0.4888532240984072,-0.3368461957891506,0.9043056815041778,0.2,0.4888532240984072,0.7476931791955993,0.6385701918960486,break,click,0.3493505911757557,0.2635909055941324,0.3,1.0
555,13473.79174753947,471.39825482565476,0.7092160200593474,0.5736977293092369,0.4550026044633349,1.0,0.2,0.5736977293092369,0.7564725705514461,0.6206826815207899,break,click,3.190742179201888,0.48368640802373897,0.3,1.0
556,13483.753962158382,1325.0065878866546,0.3541715744542375,0.6531904725863263,0.4263022706907631,1.0,0.2,0.6531904725863263,0.8062514723362713,0.6229079696730764,break,click,0.41280449705160616,0.341668629781695,0.3,1.0
557,13493.079437934857,450.3791657038075,0.3270043032336445,0.6668560724709942,0.0732856361602553,1.0,0.2,0.6668560724709942,0.7981012909700933,0.6206356775642003,break,click,0.40632034468893174,0.3308017212934578,0.3,1.0
558,13500.06590056431,343.5214825142617,0.1693221599803289,0.6383646788403302,-0.15279313933800265,0.9043056815041778,0.2,0.6383646788403302,0.7507966479940986,0.6685148209010344,break,click,2.9605730657984517,0.2677288639921316,0.3,1.0
559,13518.551998723598,162.28411069496482,0.21049442086584158,0.5767805390858786,-0.3302623300387034,0.6687457539921505,0.2,0.5767805390858786,0.6068560907933943,0.7016282513717574,break,click,0.30102730063988115,0.28265527242742416,0.3,0.9945724559067166
560,13539.094344490162,204.45571541474735,0.7514117038842769,0.5869422340484458,0.0544949571246941,0.6831167825546294,0.2,0.5869422340484458,0.6535511450110195,0.7569014807211216,break,click,0.30056199551775503,0.34767578457078213,0.3,0.6945671506260203
561,13560.069650244455,200.23546017394673,0.7031260010867136,0.5897234567581501,0.014915091712344397,0.992879297458961,0.2,0.5897234567581501,0.884292741232874,0.8308579065811676,break,click,0.30045966097955334,0.20458791684177866,0.3,0.4251173955533051
562,13572.007426624337,50.26061645878517,0.6278675876854771,0.550012000392235,-0.21296389234193003,0.9043056815041778,0.2,0.550012000392235,0.8883602763056431,0.7871995133965584,break,click,0.3511732353731076,0.2759763690279912,0.3,0.6117215620902996
563,13584.6915882571,189.21234761003183,0.6009610736950198,0.547584896608185,-0.013016029032185239,0.6687457539921505,0.2,0.547584896608185,0.7239960866421479,0.7434440205082241,break,click,0.37031402931319746,0.37503913232830327,0.3,0.8516176032218962
564,13591.076152749356,375.906610844079,0.7199703626355235,0.6002224150459585,0.2822835482646755,1.0,0.2,0.6002224150459585,0.6441187426363935,0.7061713319175772,break,click,0.35556185895427617,0.4879881450542094,0.3,1.0
565,13619.976278761635,103.80577575078243,0.17599256300903393,0.5289032941528977,-0.38246891385296355,0.9043056815041778,0.2,0.5289032941528977,0.7527977689027101,0.6670392227852243,break,click,0.3000149585182179,0.2703970252036136,0.3,1.0
566,13627.482204766435,1518.7999445652104,0.6666573406770508,0.6167488724462193,0.4710967058471023,1.0,0.2,0.6167488724462193,0.7437049667367571,0.6552455979772903,break,click,6.2556568429714865,0.46666293627082034,0.3,1.0
567,13632.81446101858,5626.136213527109,0.24219269967764498,0.6882138530195632,0.38325112755378066,1.0,0.2,0.6882138530195632,0.7726578099032935,0.62236820110082,break,click,2.3996020347221987,0.296877079871058,0.3,1.0
568,13648.316725350785,580.5603495808455,0.05933883031325372,0.7007364571998449,0.06715599911312053,1.0,0.2,0.7007364571998449,0.717801649093976,0.6668825968590751,break,click,0.3126512183583369,0.2237355321253015,0.3,1.0
569,13655.948759586641,0.0,0.07307412391592114,0.5768829484554328,-0.6641993952418843,0.9043056815041778,0.2,0.5768829484554328,0.7219222371747763,0.7216813180887577,break,click,0.3002785205053486,0.22922964956636846,0.3,1.0
570,13666.9674971145,163.3580975541909,0.7406737688673857,0.5764450335858153,-0.0023484420790013116,0.6687457539921505,0.2,0.5764450335858153,0.7659098951938575,0.7756659915679641,break,click,0.32072039711989675,0.34913059916922246,0.3,0.7035100763997466
571,13685.747847405159,159.7414293966745,0.7225112441175005,0.573552388662087,-0.015512624781221951,0.49454613924203666,0.2,0.573552388662087,0.6448810070809866,0.8095996426414069,break,click,0.30030805843655906,0.2524048173596476,0.3,0.5161605232143532
572,13720.548260683154,172.41174557526796,0.6145840093605258,0.5640898186974045,-0.0507457020127392,0.3657232698363789,0.2,0.5640898186974045,0.5270298343004995,0.7854084931630778,break,click,0.3000005017380953,0.22840077463611874,0.3,0.5123004921969945
573,13745.401028286506,265.563984878291,0.6094040982591773,0.577621453673557,0.07256721153004786,0.48049509575067983,0.2,0.577621453673557,0.4622674696330893,0.7001944076935454,break,click,0.30020597412721295,0.28374579665452443,0.3,0.6394103760292675
574,13762.482514550948,175.6287452717213,0.29083569647030294,0.5379652332804502,-0.2126676738487539,0.7626291534099224,0.2,0.5379652332804502,0.6932494009816423,0.763992815847491,break,click,0.30203410931079344,0.17823119645705968,0.3,0.563426756191425
575,13777.716099693138,196.93328733832874,0.6538599102737008,0.5445161856691633,0.0351313310293111,0.7114826289684439,0.2,0.5445161856691633,0.67035055391921,0.8061272371601689,break,click,0.3051312088013504,0.22988511524226682,0.3,0.4980784781484804
576,13794.50645743019,178.67397746860905,0.7676476776296588,0.5561985778209958,0.06265012498142741,1.0,0.2,0.5561985778209958,0.8625778737578973,0.8494942532211628,break,click,0.30384273144276974,0.22495870910969695,0.3,0.4436538501185545
577,13805.194285812293,112.27725194479139,0.6629753012614642,0.5404671237521607,-0.08436436225927446,0.9043056815041778,0.2,0.5404671237521607,0.8988925903784392,0.8031257130164012,break,click,0.3034465639553423,0.3166351070927103,0.3,0.6806574197002729
578,13816.599575182705,315.6430216789632,0.650643316851739,0.5739214585048033,0.1794083117724129,1.0,0.2,0.5739214585048033,0.7389007595891636,0.7497563843781749,break,click,0.3840126082432835,0.46025732674069564,0.3,1.0
579,13822.798984798683,290.35022873157885,0.0,0.5345792544538972,-0.21098367259032969,0.9043056815041778,0.2,0.5345792544538972,0.7,0.6958662964403629,break,click,0.36127979546679373,0.2,0.3,1.0
580,13836.66377678908,389.4757313156567,0.0,0.5256781676106398,-0.047734590309326363,0.6687457539921505,0.2,0.5256781676106398,0.5437077645336419,0.6262184430267227,break,click,0.34426575284152333,0.2,0.3,1.0
581,13845.90643805972,259.6654718510788,0.03573005846598175,0.49151095908637255,-0.18323129856380044,0.49454613924203666,0.2,0.49151095908637255,0.43884665138553103,0.5452350826154476,break,click,2.572751254401878,0.21429202338639272,0.3,1.0
582,13863.846423041225,367.89328457098304,0.0888447031519303,0.49389367717306215,0.012777998203321372,0.4363693813288732,0.2,0.49389367717306215,0.3693080424379209,0.3994912213302087,none,click,0.3056307565314557,0.23553788126077213,0.3,1.0
583,13870.96837016685,252.73987130904283,0.26934695182049545,0.485820374863331,-0.04329536212651092,0.45238739263773153,0.2,0.485820374863331,0.48095970895343665,0.33822424186122024,none,click,0.43018141498788626,0.3077387807281982,0.3,1.0
584,13883.880360907633,139.4053044287314,0.0,0.427722967354484,-0.31156374432741674,0.33454633115081805,0.2,0.427722967354484,0.3219689677904158,0.09664913522502075,none,click,0.30518866229778246,0.2,0.3,1.0
585,13890.132460367578,1919.3552624809097,0.8235474743786747,0.5344356788907171,0.572277032645516,1.0,0.2,0.5344356788907171,0.511213166470478,0.04695476864390674,none,click,4.496703097543346,0.5294189897514698,0.3,1.0
586,13896.332733871286,4838.496234409828,0.0,0.6212496313403364,0.4655643211092829,1.0,0.2,0.6212496313403364,0.7,0.1728032463070914,none,click,2.497829925173331,0.2,0.3,1.0
587,13904.259396770705,984.020652697543,0.0,0.6918753537254881,0.3787503686596636,1.0,0.2,0.6918753537254881,0.7,0.2825997098918513,none,click,1.984514644950702,0.2,0.3,1.0
588,13932.366425788967,213.46973371328755,0.0014053200473926053,0.6127493499593345,-0.4243355265601824,0.9043056815041778,0.2,0.6127493499593345,0.7004215960142177,0.38704675821233087,none,click,0.30002020314288075,0.20056212801895706,0.3,1.0
589,13942.748507895723,231.16750333133078,0.6100578920041504,0.609250974674877,-0.018761024793095826,0.6687457539921505,0.2,0.609250974674877,0.726725132134887,0.5203472434981725,break,click,0.7965301650476284,0.39849237403152465,0.3,0.8974585400047648
590,13949.898049258007,0.0,0.733086513315844,0.5639931760513144,-0.242707718016955,0.49454613924203666,0.2,0.5639931760513144,0.6480535878404896,0.5513617333631411,break,click,0.3074690443857014,0.37861470755506965,0.3,0.7676158636610011
591,13994.631385518367,40.238447441601416,0.696941945221499,0.5331837683230806,-0.16522414413856312,0.3657232698363789,0.2,0.5331837683230806,0.5517372150587915,0.48411934206053303,break,click,0.30000000015687667,0.38929631977925744,0.3,0.8131061020407646
592,14015.289120151194,116.17924436816644,0.6781405937919414,0.5240673407091097,-0.04888941596690183,0.2704570908283893,0.2,0.5240673407091097,0.4828884182929185,0.3539764357854343,friction,click,0.3000544106118529,0.44479454290887177,0.3,0.9438486061270164
593,14020.679751289286,222.60844217667452,0.6843282686734314,0.5420351309902344,0.09635734634844928,0.4620647271858211,0.2,0.5420351309902344,0.43800129739084814,0.19662836786664792,none,click,0.37836868792200723,0.4737313074693726,0.3,1.0
594,14033.449985073172,140.95278367350608,0.6586219345329436,0.5352227745310852,-0.03653318413188,0.8535302368046586,0.2,0.5352227745310852,0.8638974557167236,0.49472192539366977,break,click,0.31089044629130796,0.3546491149408579,0.3,0.7652390835407017
595,14045.305603068968,151.82675425594317,0.7317275478470756,0.5390313278815888,0.02042444221238149,0.7490514736856029,0.2,0.5390313278815888,0.7383124852469121,0.5803630569089898,break,click,0.3272797689269866,0.33877678346054557,0.3,0.687604949756726
596,14085.563092558856,223.5608855405844,0.7146294479266828,0.5572559170781204,0.0977345030074831,1.0,0.2,0.5572559170781204,0.8250930452265111,0.756140137950879,break,click,0.30000005294349774,0.2114622892403027,0.3,0.43524033111756677
597,14103.472587159484,201.01069741375792,0.7144709403010877,0.5668112043686214,0.051242924839620896,1.0,0.2,0.5668112043686214,0.9143412820903263,0.8536261419411401,break,click,0.302365340530439,0.1393462980024469,0.3,0.2868456818898866
598,14142.754711351503,183.28947703553146,0.69299206902448,0.5684515239020996,0.008796676438032835,1.0,0.2,0.5684515239020996,0.9078976207073439,0.802981763872311,break,click,0.30000002957093164,0.20425584894306312,0.3,0.42803270500801593
599,14201.061418709274,82.32329036429772,0.6368347872728913,0.541016134746305,-0.1471300173102818,0.9043056815041778,0.2,0.541016134746305,0.8910504361818673,0.7512970334737301,break,click,0.30000000001808746,0.2756447408882856,0.3,0.606167105313339
600,14224.725695081246,228.1920611101363,0.7272053146140436,0.5611226008337529,0.1078265989483872,1.0,0.2,0.5611226008337529,0.761869358917855,0.6904922559190614,break,click,0.30031861103723617,0.4216957262555977,0.3,0.8590569997413617
601,14287.206113243392,105.63309584247607,0.6851575089494666,0.5449924517952539,-0.08650247655592447,0.9043056815041778,0.2,0.5449924517952539,0.9055472526848399,0.6548600335889277,break,click,0.3000000000032122,0.47406300357978665,0.3,1.0
602,14293.986741593562,1504.2853660818212,0.7689926616928133,0.6298378788673868,0.4550075482047461,1.0,0.2,0.6298378788673868,0.7744055630414859,0.6047234526059032,break,click,6.813393469987062,0.5075970646771253,0.3,1.0
603,14301.928483640944,3777.50874065306,0.29022548388359437,0.6988621475357623,0.37016212113261315,1.0,0.2,0.6988621475357623,0.7870676451650783,0.5738991757411527,break,click,1.1063934342677548,0.31609019355343776,0.3,1.0
604,14311.47820805623,628.2903819083432,0.09298688805096796,0.7236616393455284,0.13299427387515073,1.0,0.2,0.7236616393455284,0.7278960664152904,0.618307073401167,break,click,0.9064717580327244,0.2371947552203872,0.3,1.0
605,14318.171578520261,1434.2549917994836,0.3331380367593343,0.7751905564341552,0.2763383606544716,1.0,0.2,0.7751905564341552,0.7999414110278003,0.682459923416267,break,click,3.155369491805629,0.33325521470373376,0.3,1.0
606,14383.505685100703,303.05763767690945,0.20766227433171788,0.7206410036312696,-0.29253737217215947,0.9043056815041778,0.2,0.7206410036312696,0.7622986822995154,0.7306048891884485,break,click,0.3000000000002429,0.21724696483819497,0.3,0.7674810877948542
607,14396.164094013806,189.597287974769,0.3283079417105508,0.6610655054323615,-0.319490422807533,0.6687457539921505,0.2,0.6610655054323615,0.6422001470468072,0.7629444034654815,break,click,0.3084347051057435,0.1958594778965871,0.3,0.5911433056289273
608,14414.002610816584,168.1754168896358,0.7659795888003904,0.6484122897937793,-0.06785643992012158,0.49454613924203666,0.2,0.6484122897937793,0.6579215104858536,0.8158653165513483,break,click,0.3076284182410697,0.2067445762851677,0.3,0.4082699636592749
609,14459.29175325478,13.24820846009155,0.7418221252963567,0.5997545305178263,-0.2609409665704865,0.3657232698363789,0.2,0.5997545305178263,0.5652012690812488,0.8181699144194954,break,click,0.3000000001721122,0.18027558954102654,0.3,0.3629255468008439
610,14473.922941185414,164.03316062772447,0.6433543720249271,0.5861355001989274,-0.07303589372070729,0.2704570908283893,0.2,0.5861355001989274,0.4724525517628142,0.73720899498903,break,click,0.3068226997653197,0.21811734818044837,0.3,0.4769242010990732
611,14491.700473562489,236.25326119028853,0.7282465453474962,0.599804589466837,0.07330434896268134,0.40443223372140125,0.2,0.599804589466837,0.45117678039306763,0.6402039182757492,break,click,0.3039860401907737,0.29411606623714426,0.3,0.598650302236211
612,14511.43458666413,152.0210198729576,0.6631426375900475,0.585221301810494,-0.0782069958306163,0.6971780629672767,0.2,0.585221301810494,0.761515178397899,0.8212795853078145,break,click,0.30222914379387555,0.14262987277715308,0.3,0.3065614400325666
613,14531.881824851485,146.71908120360752,0.6600978202973927,0.5718376630309814,-0.07177354015728821,0.5155721996685084,0.2,0.5718376630309814,0.6401076124632148,0.813733228785366,break,click,0.30089893079337793,0.16217198259824211,0.3,0.34947911236629403
614,14544.897427061776,184.39408036783004,0.7605294115232224,0.5790950234000891,0.03891964319041741,0.5189179492770155,0.2,0.5790950234000891,0.58113012823755,0.7916914097969158,break,click,0.3660591373622841,0.19058987711433284,0.3,0.37799569643524666
615,14555.745840811283,55.307625045853314,0.7383683724876459,0.5528444131881974,-0.1407763058489495,0.645236722061751,0.2,0.5528444131881974,0.7496202108837552,0.9042173065743885,break,click,0.3786949214384734,0.090859634594311,0.3,0.1834261044873734
616,14579.19304478235,179.12583543789236,0.789301453790189,0.5650980541609039,0.06571360800426251,0.6919384577313592,0.2,0.5650980541609039,0.6533830987694783,0.8767396199235359,break,click,0.3006410142350755,0.12686199529717515,0.3,0.24598978563980523
617,14590.747843577457,155.77943259057798,0.7065687546310503,0.561911389965149,-0.017089386107156268,0.9043056815041778,0.2,0.561911389965149,0.911970626389315,0.852598361149916,break,click,0.323769615639883,0.15771083423728965,0.3,0.32677548136391765
618,14616.45804809602,210.03333505579275,0.7460285380675316,0.5756439162535045,0.07364454788835773,0.9236243106102975,0.2,0.5756439162535045,0.7675163259539014,0.788152918970192,break,click,0.30001836325094267,0.26325721604579827,0.3,0.5281925895013698
619,14629.254091032728,187.55798271939636,0.7778515715960092,0.5845440255508986,0.047729347943745504,1.0,0.2,0.5845440255508986,0.9333554714788027,0.7547368218488728,break,click,0.369479844076437,0.3570817238449193,0.3,0.6985978101488968
620,14809.999992925228,16.59788669390842,0.734597693648053,0.5479030037636253,-0.19649782035948654,0.9043056815041778,0.2,0.5479030037636253,0.9203793080944159,0.7034391935701692,break,click,0.3,0.486427851651979,0.3,0.9849926298960126
621,14816.415033649964,3928.2681250685255,0.7334658491601384,0.6322056991255999,0.45209699623637467,1.0,0.2,0.6322056991255999,0.7637475192816834,0.6460128876053681,break,click,4.1873324781322765,0.4933863396640554,0.3,1.0
622,14822.072234413674,5302.97602171814,0.41148389361377113,0.7007884394680589,0.3677943008744001,1.0,0.2,0.7007884394680589,0.8234451680841313,0.6019826406536405,break,click,3.2138198146492805,0.3645935574455085,0.3,1.0
623,14829.888845705509,1918.990140352609,0.2724933050515968,0.7565825306615269,0.2992115605319411,1.0,0.2,0.7565825306615269,0.781747991515479,0.6478129348555706,break,click,2.4466811316371455,0.30899732202063873,0.3,1.0
624,14835.614211496544,2095.935952038034,0.25792448932660617,0.8019726768785016,0.24341746933847308,1.0,0.2,0.8019726768785016,0.7773773467979818,0.70385039324277,break,click,2.086260410432709,0.3031697957306425,0.3,1.0
625,14943.17494245414,278.91219902389184,0.4463738297903655,0.7590573572678135,-0.230145513203454,0.9043056815041778,0.2,0.7590573572678135,0.8339121489371096,0.7661141574841906,break,click,0.3,0.2792595679054643,0.3,0.7377094524246408
626,14977.529178709532,87.32547502141091,0.48666573975593197,0.6832445372560003,-0.4065676436130839,0.6687457539921505,0.2,0.6832445372560003,0.6897074864604215,0.7957417743969403,break,click,0.3000010109472783,0.21963030986332424,0.3,0.5564962403520097
627,15004.293962122914,112.08758739665446,0.8297365645234842,0.6593265847159742,-0.12826677074844017,0.49454613924203666,0.2,0.6593265847159742,0.6770486032027817,0.8431424566757019,break,click,0.30004328871240893,0.20005519487605644,0.3,0.3761180977747779
628,15021.189939691416,142.04564312835004,0.779281044508976,0.6421472541596193,-0.09212900855104866,0.3657232698363789,0.2,0.6421472541596193,0.5764389448450347,0.8525695140567954,break,click,0.30834735389003326,0.16153106987170923,0.3,0.31566767631914183
629,15032.43163275554,160.11823038865904,0.7399323315638492,0.6287151777923644,-0.07203330039187084,0.2704570908283893,0.2,0.6287151777923644,0.5014259396244909,0.8003056233935852,break,click,0.30614496963163645,0.19155648203744902,0.3,0.3862236614877418
630,15037.537781863974,0.0,0.8081058724055116,0.5868223258828492,-0.22466224158960862,0.20000651862289462,0.2,0.5868223258828492,0.47513457851047214,0.7236243782713381,break,click,0.3004783365316159,0.2550271084681143,0.3,0.48739768287856167
631,15058.463974332251,0.0,0.8330129449409109,0.5550634652289006,-0.17031585341239375,0.147907408783868,0.2,0.5550634652289006,0.4480393337900803,0.5835051075657213,break,click,0.30000001366685514,0.35990538411978273,0.3,0.6749847881929916
632,15089.15173201166,117.31062391748445,0.8449058362877728,0.5576792217937541,0.014027732811841442,0.15602339113399072,0.2,0.5576792217937541,0.4260441863489641,0.40749774209381245,friction,click,0.3000045923010853,0.47784582480759846,0.3,0.8882514520989716
633,15100.788588727162,309.3618911027832,0.7980540698540055,0.6002038232839447,0.2280501770117277,0.7962874977225172,0.2,0.6002038232839447,0.47511345407212036,0.29491116291904096,none,click,0.37300892305895417,0.5192216279416022,0.3,1.0
634,15114.458530163629,87.78384352100052,0.6171725155383582,0.5662871446887009,-0.181887761113515,0.9043056815041778,0.2,0.5662871446887009,0.8851517546615074,0.6148608414297999,break,click,0.32007528536881685,0.2647796297811033,0.3,0.5925218041492627
635,15121.735981448164,82.44644677663311,0.7263943630781343,0.547634158146385,-0.10003190467884238,0.6687457539921505,0.2,0.547634158146385,0.7616260734570822,0.6855358830985788,break,click,0.3103468294067297,0.25710469556346494,0.3,0.5241068927415737
636,15131.09172727785,64.13171231054608,0.8796644758886734,0.5424806242804714,-0.027637279813865767,0.49454613924203666,0.2,0.5424806242804714,0.6920269766123385,0.7455506878289156,break,click,0.30235289908155416,0.2513991740543968,0.3,0.4555440443091515
637,15156.770274526445,186.9264625265215,0.8588541327099575,0.5649697941114851,0.12060452023265922,0.7059356864022178,0.2,0.5649697941114851,0.600310871305329,0.727466249708302,break,click,0.3001898461258282,0.26973605347700286,0.3,0.4962564542138701
638,15209.002656682665,57.43563429727044,0.7552435428123868,0.543422493665933,-0.11555347983370362,0.9043056815041778,0.2,0.543422493665933,0.926573062843716,0.8474180513426892,break,click,0.30000000002589994,0.15347393393297382,0.3,0.30566565112359345
639,15230.771312306559,220.50052529342813,0.7737992560490892,0.5656316354827261,0.11910279097539678,1.0,0.2,0.5656316354827261,0.7758475413483686,0.782345487047627,break,click,0.300356688211125,0.24689312136325525,0.3,0.48456049921287714
640,15243.426500636593,189.6455380520914,0.7691312924338324,0.5760722856800479,0.05599093329930438,1.0,0.2,0.5760722856800479,0.9307393877301496,0.7478346599956829,break,click,0.32024418132026344,0.32068896142107195,0.3,0.6317095861809574
641,15255.783942787626,194.2149492319796,0.867633194214834,0.5948149818671498,0.10051299796734359,1.0,0.2,0.5948149818671498,0.9602899582644501,0.7007897051722178,break,click,0.35772868067205577,0.4687678092570959,0.3,0.8568960801039531
642,15263.452879733517,1330.0409263980207,0.8023234368308504,0.6703699831904288,0.40518501813285024,1.0,0.2,0.6703699831904288,0.9406970310492551,0.6538661585190673,break,click,0.6528043463602905,0.5209293747323402,0.3,1.0
643,15323.007548915832,130.9720985288655,0.5405266200965654,0.6262899627742364,-0.23639154998106426,0.9043056815041778,0.2,0.6262899627742364,0.8621579860289695,0.6118503285841494,break,click,0.3000000000019811,0.4162106480386262,0.3,1.0
644,15329.938234401947,1212.0013261066672,0.8976171620054315,0.6959758126786312,0.37371003722576357,1.0,0.2,0.6959758126786312,0.8129929131352713,0.6569338331424469,break,click,3.8592519097857054,0.5590468648021727,0.3,1.0
645,15438.288271769494,276.8803844361717,0.5352206549189973,0.6806358266010623,-0.08226500467391784,0.9043056815041778,0.2,0.6806358266010623,0.8605661964756991,0.7116911734683085,break,click,0.3,0.3443292608059036,0.3,0.8315359125848543
646,15472.116744814917,159.62884262465033,0.7942729299473616,0.664979157204782,-0.08396330834656851,0.6687457539921505,0.2,0.664979157204782,0.7819896435178504,0.7538335299763643,break,click,0.3000007536331057,0.32124203397521667,0.3,0.6205067465721501
647,15484.250260748837,148.34941576728042,0.9289938258734458,0.6621736219570824,-0.01504547455895855,0.49454613924203666,0.2,0.6621736219570824,0.7068257816077702,0.7989638493283261,break,click,0.3205334954358338,0.2572353259935444,0.3,0.45002875683580035
648,15498.36156009784,127.55735354216264,0.7497709872310625,0.6383349816689284,-0.12784143641384782,0.3657232698363789,0.2,0.6383349816689284,0.5675859276616606,0.8010958289106214,break,click,0.3129621280506652,0.20018153472528685,0.3,0.40043643349570834
649,15517.759055385042,92.79548587840436,0.8396165245747923,0.61921573391189,-0.10253236203352689,0.2704570908283893,0.2,0.61921573391189,0.5313311975277738,0.787564375456026,break,click,0.3015405534343093,0.20821119782375494,0.3,0.38856492511885676
650,15541.769292169853,149.93604737282664,0.8622862866054696,0.619094056139849,-0.0006525313931219356,0.20000651862289462,0.2,0.619094056139849,0.49138870277045965,0.7269557113932202,break,click,0.3003729150756366,0.24934001286122262,0.3,0.4575763833799674
651,15561.731834189986,30.056292399777817,0.80123268503694,0.5853601955205476,-0.18090734812165676,0.147907408783868,0.2,0.5853601955205476,0.438505255818889,0.5974601208400984,break,click,0.3000346377387605,0.3239728235005704,0.3,0.622434456239034
652,15568.512154511825,88.49139443566897,0.7831022920065986,0.5698468289550765,-0.08319480647266209,0.10937944284908938,0.2,0.5698468289550765,0.4075031230646118,0.4144939659193219,friction,click,0.31790015598395904,0.43131572895144726,0.3,0.8403767408850304
653,15579.395713752763,441.03219302978556,0.8881329141731539,0.6491918128716824,0.42550986941873237,1.0,0.2,0.6491918128716824,0.4201081294284238,0.2398752941803307,none,click,0.38423764317483833,0.5552531656692616,0.3,1.0
654,15623.16249517421,178.21735450205458,0.45800233723388944,0.6123790274869002,-0.19741895112716945,0.9043056815041778,0.2,0.6123790274869002,0.8374007011701669,0.5197499765503836,break,click,0.300000023601012,0.283126561105859,0.3,0.7388462170232045
655,15638.678221129132,232.02265949136836,0.9138272686303905,0.6374710274111931,0.1345629311925055,1.0,0.2,0.6374710274111931,0.817855945122759,0.6866434457533489,break,click,0.30553109024356273,0.295354711736495,0.3,0.5222609548735972
656,15664.005677877065,94.75882335465381,0.8926987196065412,0.6239196402094036,-0.07267313841460521,0.9043056815041778,0.2,0.6239196402094036,0.9678096158819623,0.9213870255022115,break,click,0.3000437669085905,0.07962487157785897,0.3,0.14293269329700076
657,15681.004569211702,176.48209762286817,0.9492168639977487,0.6372133767107754,0.07129141381805604,0.9177414754345433,0.2,0.6372133767107754,0.8284728237329665,0.857453334158755,break,click,0.3130564778020589,0.16526484533613203,0.3,0.2850933656682675
658,15713.480440818486,240.1783112842021,0.768987614392704,0.6460713384169717,0.04750331959082932,1.0,0.2,0.6460713384169717,0.9306962843178112,0.8432064239685023,break,click,0.3000075429559079,0.1768614556672036,0.3,0.3484302243403764
659,15724.805817104225,105.95674436981525,0.8095077023460304,0.6257700186529452,-0.10887155678168747,0.9043056815041778,0.2,0.6257700186529452,0.942852310703809,0.794422014704287,break,click,0.3146811122256437,0.2692060113382656,0.3,0.5139450704565793
660,15794.776526277892,274.40053454861345,0.8303223008984766,0.650457166931355,0.13239179998205985,1.0,0.2,0.650457166931355,0.7928044548031848,0.7322278143894457,break,click,0.30000000000007554,0.4071124653042537,0.3,0.7650635959220127
661,15805.696123080368,714.3120887239506,0.6208251317074992,0.7156365492706722,0.349542833068645,1.0,0.2,0.7156365492706722,0.8862475395122497,0.6915721110786642,break,click,0.7498118564091965,0.4483300526829997,0.3,1.0
662,15811.39842877194,4103.603220463448,0.8035362818361772,0.7686619078961043,0.2843634507293278,1.0,0.2,0.7686619078961043,0.9410608845508531,0.6472414267928954,break,click,4.354687993050485,0.5214145127344709,0.3,1.0
663,15917.418102767411,282.9663483145705,1.0,0.7845204723358608,0.08504602749710877,1.0,0.2,0.7845204723358608,0.9999999999999999,0.7031353503465653,break,click,0.3,0.5937295116410893,0.3,0.9895491860684821
664,15922.818830905771,0.0,0.7604043334824686,0.7091270872225643,-0.40431830559462645,0.9043056815041778,0.2,0.7091270872225643,0.9281213000447405,0.7544001861266583,break,click,0.3,0.35377731892060954,0.3,0.7017139451257097
665,15931.711823751524,0.0,0.9155646660050167,0.6622587372396211,-0.251344754220056,0.6687457539921505,0.2,0.6622587372396211,0.8183771643351468,0.7849730903512987,break,click,0.3,0.30438455903852213,0.3,0.5375673862670491
666,15965.462360929498,231.10743271637202,0.8715556910708948,0.6738951223414248,0.06240339919129134,0.7028878877211224,0.2,0.6738951223414248,0.6895943411670048,0.8178498474834581,break,click,0.3000044573022345,0.22207032713134522,0.3,0.40477818104118557
667,15991.980875978014,113.12850642320926,0.8752320867641011,0.6562049678760989,-0.0948684459303627,0.9043056815041778,0.2,0.6562049678760989,0.9625696260292304,0.8769773782585504,break,click,0.30000587358313213,0.16918469211136158,0.3,0.30755661851493454
668,16093.86295356183,35.334968479008225,0.9867803807238194,0.6340809915649661,-0.118646066915429,0.6687457539921505,0.2,0.6340809915649661,0.8397418787507877,0.8146945914267495,break,click,0.3,0.31486688111866823,0.3,0.5294441687570888
669,16112.107909531576,65.77160295644057,0.9073251508810061,0.6157688714186953,-0.09820391242891235,0.49454613924203666,0.2,0.6157688714186953,0.7003251791100382,0.7507529093339985,break,click,0.3001954717221743,0.46769576656528333,0.3,0.8308239326791306
670,16265.112518054862,50.97885661929545,0.9002908160920515,0.5967675604728865,-0.10189989259855026,0.3657232698363789,0.2,0.5967675604728865,0.6127418763199572,0.6924635176715024,break,click,0.3,0.5601163264368206,0.3,1.0
671,16292.386311342594,285.988821492924,0.9012220695422217,0.6361742513068684,0.21132950116437932,0.8274008198365086,0.2,0.6361742513068684,0.5498128610180026,0.6738523120986273,break,click,0.30022249902480513,0.5504974291672502,0.3,0.9821737773283454
672,16303.717716574953,211.80073881273123,1.0,0.6601499912877383,0.12857667220904556,1.0,0.2,0.6601499912877383,0.9999999999999999,0.7074252754449845,break,click,0.33730339255394726,0.6,0.3,1.0
673,16316.52798623788,327.8619506469043,0.9135312060699092,0.698645503762578,0.20644305005584662,1.0,0.2,0.698645503762578,0.9740593618209726,0.6548311996674981,break,click,0.35538012358179927,0.5654124824279637,0.3,1.0
674,16349.769926623136,234.64334240427095,0.9210954068090385,0.7089398575751024,0.05520637764727998,1.0,0.2,0.7089398575751024,0.9763286220427115,0.6183520357196038,break,click,0.3000075040240544,0.5684381627236155,0.3,1.0
675,16355.51477854231,1671.0613493720643,0.9647733874052361,0.763213950796527,0.29106014242489764,1.0,0.2,0.763213950796527,0.9894320162215707,0.6049582073141503,break,click,10.075575962539425,0.5859093549620944,0.3,1.0
676,16370.692057046084,1976.6389601759283,0.628793640875505,0.8073675336297319,0.23678604920347301,1.0,0.2,0.8073675336297319,0.8886380922626514,0.6081611734144565,break,click,0.30959795668201046,0.451517456350202,0.3,1.0
677,16377.345926788808,631.2116350929126,1.0,0.8432877814182128,0.1926324663702681,1.0,0.2,0.8432877814182128,0.9999999999999999,0.6707130134105682,break,click,3.533047084825091,0.6,0.3,1.0
678,16493.159087591725,259.037917556297,0.8118461186813755,0.8221108399799986,-0.11356732513215384,0.9043056815041778,0.2,0.8221108399799986,0.9435538356044125,0.7189223885080943,break,click,0.3,0.4916407453758028,0.3,0.9369253344096178
679,16507.893531592807,162.88364866864063,1.0,0.8000129299466591,-0.11850627914419776,0.6687457539921505,0.2,0.8000129299466591,0.8437077645336418,0.7582899883933693,break,click,0.3347782670699918,0.4143599916710469,0.3,0.6905999861184114
680,16521.80628057047,172.50365142456684,0.9049830345360101,0.7754190078264459,-0.13189184839794543,0.49454613924203666,0.2,0.7754190078264459,0.6996225442065395,0.7886161967126838,break,click,0.3157121789590513,0.296990630841345,0.3,0.5284594609703328
681,16540.10463712916,131.1593198166208,0.8825350291140535,0.7436813134084138,-0.17020234349864316,0.3657232698363789,0.2,0.7436813134084138,0.6074151402265578,0.826970287349606,break,click,0.30079712839103206,0.21263965641607685,0.3,0.38451043181223965
682,16633.437597168086,0.0,0.9265998246881114,0.691398489067918,-0.2803814010643581,0.2704570908283893,0.2,0.691398489067918,0.5574261875617695,0.836219661442832,break,click,0.3,0.18691917953590972,0.3,0.32756063806606506
683,16672.11464704376,170.64383196793645,0.9176033337285501,0.6878010966262624,-0.019292032243722446,0.20000651862289462,0.2,0.6878010966262624,0.5079838169073837,0.7938300051362082,break,click,0.3000001015084009,0.21255798838209397,0.3,0.37485448736747196
684,16696.4604041235,246.44951398916757,0.979241354350777,0.7082907358504982,0.10988147303558549,0.4382627664353087,0.2,0.7082907358504982,0.49190785661304015,0.7043346900798634,break,click,0.3000484958767795,0.29157352843588474,0.3,0.4927754479995815
685,16712.15769702136,152.8926048342417,0.6084669537354216,0.6685834544447071,-0.21294150293998526,0.8931557114698284,0.2,0.6685834544447071,0.8751421650885681,0.951194522205126,break,click,0.30249608015459245,0.03833631646533264,0.3,0.08646247038791532
686,16725.96423333434,130.37303196079534,0.8723012522496032,0.6556300031483765,-0.06946653836891137,0.6605002068612201,0.2,0.6556300031483765,0.7999272818696378,0.8685163821921091,break,click,0.3321233049486868,0.14028814788581645,0.3,0.2555709754979877
687,16737.609491770676,154.5693476740164,0.8112305432539311,0.6450379178199119,-0.05680304692889049,0.4884484504340001,0.2,0.6450379178199119,0.6674510262825375,0.8563780900219553,break,click,0.31245440790956014,0.14680291456737057,0.3,0.2798953153635869
688,16748.711880624858,108.08484694247895,0.8942408802866171,0.6333254491126088,-0.06281141899850473,0.3612139500533193,0.2,0.6333254491126088,0.6079349959085876,0.8733752088733783,break,click,0.3126783021930826,0.12725500302085294,0.3,0.22817972995221036
689,16765.666242408606,176.94561660678585,0.8221440137167555,0.6331256607470317,-0.0010714214957487922,0.26712239049420816,0.2,0.6331256607470317,0.5238768957467478,0.8394006560689079,break,click,0.30421977178426673,0.140402293037775,0.3,0.2654822235345641
690,16781.627544265128,187.95459336382137,0.7816624019391514,0.6317548763735905,-0.007351218072679355,0.19754046457177946,0.2,0.6317548763735905,0.46556532910500514,0.7340624929724016,break,click,0.3047337116925043,0.208168677494805,0.3,0.406052087468288
691,16798.34729963861,251.1998474966025,0.7501064000598391,0.6424392805912785,0.05729813302708209,0.3047877544367651,0.2,0.6424392805912785,0.42195737313938764,0.5908286380009057,break,click,0.30891724718272906,0.29229014118125374,0.3,0.5845305270960588
692,16810.4814907909,98.89410715060082,0.9751407194490613,0.6366118414719413,-0.03125128692849688,0.5346964341699294,0.2,0.6366118414719413,0.7473092675780236,0.7917167361142267,break,click,0.32042576639401094,0.17556978798288334,0.3,0.29754752490402325
693,16838.488878502852,107.11459529370626,0.9186441905422913,0.6285196795567103,-0.04339650208366286,0.39541493251608173,0.2,0.6285196795567103,0.6379480829280423,0.7948724600393539,break,click,0.3000111179105316,0.16628742733780225,0.3,0.29303934779135343
694,16847.361057291637,0.0,0.9362266227178493,0.5986086443034957,-0.16040636819778564,0.2924144596165525,0.2,0.5986086443034957,0.5748827755736193,0.7655855158575713,break,click,0.30000013166005424,0.1923841877768702,0.3,0.3348778401921195
695,16882.932538088633,286.74656695374296,0.8534303203377465,0.6333927762557023,0.18653972455755619,0.7054767230783248,0.2,0.6333927762557023,0.4995055431119845,0.654545657330681,break,click,0.3000016739750353,0.2671705083561735,0.3,0.49350621221767355
696,16903.056834623178,119.25882705415727,0.6629104178833014,0.6048881629649117,-0.15286403349635502,0.9043056815041778,0.2,0.6048881629649117,0.8988731253649903,0.9689339495454133,break,click,0.30135887521642646,0.0222320215638516,0.3,0.047793925529357906
697,16918.685945266538,38.3899003399127,0.9651409325282969,0.5910277602574331,-0.07433032127587236,0.6687457539921505,0.2,0.5910277602574331,0.833250044292131,0.9228141751718724,break,click,0.30266539407672466,0.07539207873815057,0.3,0.128643049047936
698,16930.3188428329,0.0,0.8164849661750878,0.5569437215086982,-0.18278527716988918,0.49454613924203666,0.2,0.5569437215086982,0.6730731236982628,0.8670502033185084,break,click,0.30000793797665687,0.12312303290454404,0.3,0.23381017646989433
699,16949.62922692867,124.28546154738892,0.8478409963839335,0.5611082768978634,0.022333603617504694,0.4602583948643315,0.2,0.5611082768978634,0.5970069304075218,0.8213916607353897,break,click,0.3007697282471703,0.1787383995757514,0.3,0.3315272351399038
700,16961.196287609924,155.6142955934633,0.852521038619731,0.5722349849006159,0.05967011190383131,0.7211016927114331,0.2,0.5722349849006159,0.6989121593570322,0.8133988923829744,break,click,0.35493150944676277,0.19796640411514424,0.3,0.36592111779121017
701,16987.71709345942,180.9899754645223,0.9754756642131039,0.59866535454467,0.14174031653658903,1.0,0.2,0.59866535454467,0.9926426992639311,0.7926309196623247,break,click,0.3000059552173279,0.26608864941554355,0.3,0.45085231811914217
702,17010.06093068171,241.6773782532491,0.8768319214772131,0.6251156788446119,0.1418473290104979,1.0,0.2,0.6251156788446119,0.9630495764431638,0.7396715954152219,break,click,0.3007326654557204,0.3497297990080201,0.3,0.6350263121310995
703,17063.30823910451,236.63167910671405,0.8269216669942459,0.6408043176892365,0.0841347535359036,1.0,0.2,0.6408043176892365,0.9480765000982737,0.6881742758374922,break,click,0.3000000005203716,0.45980771506557033,0.3,0.8663053112003414
704,17073.887369786953,226.86174053821992,0.8058393895919206,0.6493246250333424,0.045692552779498685,1.0,0.2,0.6493246250333424,0.9417518168775761,0.6375417955850691,break,click,0.4066839813963648,0.5223357558367683,0.3,1.0
705,17086.922825682603,184.11323847915062,0.8285623245241848,0.6484105631776997,-0.0049019146723117135,0.9043056815041778,0.2,0.6484105631776997,0.9485686973572554,0.588223471722266,break,click,0.30320222199465124,0.5314249298096739,0.3,1.0
706,17100.54933177341,528.3819602779441,0.895521484026566,0.7139715764816271,0.35158943682230026,1.0,0.2,0.7139715764816271,0.8123642097416116,0.5863587872421466,break,click,0.39660317901874986,0.5582085936106265,0.3,1.0
707,17108.51981822467,75.2777140603681,0.9970918804715904,0.6913474070538947,-0.1213284936703718,0.9043056815041778,0.2,0.6913474070538947,0.9991275641414771,0.6146295634206373,break,click,0.30628183859212366,0.5988367521886362,0.3,1.0
708,17114.90840483048,469.58743539182603,0.8643463930422589,0.7489019710798291,0.30865259294610525,1.0,0.2,0.7489019710798291,0.8030116824463195,0.6387365513901605,break,click,4.048543757710978,0.5457385572169036,0.3,1.0
709,17120.576937735474,5292.3746766236545,0.652883065658274,0.7957243141041607,0.25109802892017086,1.0,0.2,0.7957243141041607,0.8958649196974822,0.6600064023646923,break,click,1.4482540611556822,0.4611532262633096,0.3,1.0
710,17155.48087490779,412.56090763943115,0.6754789495641436,0.8064866931831326,0.05771629522720001,1.0,0.2,0.8064866931831326,0.9026436848692431,0.6882135185465106,break,click,0.30000088269940567,0.47019157982565746,0.3,1.0
711,17167.862354059216,726.8921499547948,0.5564831555278528,0.8425711916179358,0.1935133068168674,1.0,0.2,0.8425711916179358,0.8669449466583558,0.7400001720430345,break,click,0.4772459578491631,0.42259326221114113,0.3,1.0
712,17184.14775194116,184.21410528300527,0.5028817810516482,0.7752809951631024,-0.36086266948835516,0.9043056815041778,0.2,0.7752809951631024,0.8508645343154944,0.7880947601334075,break,click,0.3070982602466412,0.283354527902616,0.3,0.7063507714874504
713,17211.49497109519,219.40073563624046,0.8802509043605716,0.7639240873346236,-0.060904623437516014,0.6687457539921505,0.2,0.7639240873346236,0.8077830358418133,0.8288451281594504,break,click,0.30010036404658386,0.2699847434871903,0.3,0.4890138862329999
714,17219.657089715136,73.51032592614291,0.7896741763608424,0.7122346693985107,-0.27719909174652374,0.49454613924203666,0.2,0.7122346693985107,0.6650298867539891,0.8647074469838655,break,click,0.3795914357247136,0.17448329627881656,0.3,0.33823135230009693
715,17236.157837006056,145.4479580643491,0.8412299358784063,0.6917584036721536,-0.10980975387887115,0.3657232698363789,0.2,0.6917584036721536,0.5950236122558638,0.9020449231803357,break,click,0.3010785375852834,0.11678245998244322,0.3,0.2176779254221599
716,17260.382965758206,123.83835110613646,0.9404135007014103,0.6793108136650078,-0.06675371443877787,0.2704570908283893,0.2,0.6793108136650078,0.5615702903657592,0.9112789737047706,break,click,0.30002360241318,0.10223595906991055,0.3,0.1774420314377203
717,17271.326930709274,54.82473698359665,0.8475971047716044,0.6444443335074115,-0.18698134004970973,0.20000651862289462,0.2,0.6444443335074115,0.48698194822030005,0.8165573765989733,break,click,0.3884196999596928,0.17978670257350088,0.3,0.33353199917265286
718,17299.4679021047,277.1759329270266,0.8880303552951234,0.6716766085023888,0.14604076029893354,0.5286609845936788,0.2,0.6716766085023888,0.464544556896344,0.6926521473469722,break,click,0.3000736734031027,0.2844053931903912,0.3,0.5122463498464356
719,17311.652122845542,147.73205757562607,0.3380235329624384,0.6123790728783638,-0.31799977005163693,0.9043056815041778,0.2,0.6123790728783638,0.8014070598887315,0.9006911248005763,break,click,0.30407183151308537,0.06052593718273887,0.3,0.18056156779027988
720,17322.52122617464,55.2023457531995,0.9521650274819236,0.5998308051848162,-0.06729362694590268,0.6687457539921505,0.2,0.5998308051848162,0.8293572727782189,0.9232949032041313,break,click,0.3537000007123458,0.08911075657443104,0.3,0.1534101753038194
721,17333.42974876882,55.00286540360272,0.7286623836093369,0.5687376105297356,-0.1667460316256444,0.49454613924203666,0.2,0.5687376105297356,0.6467263489285375,0.8813057367990446,break,click,0.3684588892424338,0.1252603675395245,0.3,0.25487141384510725
722,17341.62758452389,73.19004892589206,0.8477881526429716,0.5587883023518536,-0.053355973050884686,0.3657232698363789,0.2,0.5587883023518536,0.5969910772852333,0.8386865750693585,break,click,0.3385283105953235,0.20235188524633646,0.3,0.37534067362428314
723,17353.944968385676,48.71164256407681,0.7612831583851236,0.5369233141746539,-0.11725716995419577,0.2704570908283893,0.2,0.5369233141746539,0.5078311876708732,0.7705744629364353,break,click,0.3007483605726732,0.24438837445685307,0.3,0.48440426091503963
724,17371.182375265966,243.65613860413225,0.8473920085863702,0.572603089211794,0.19134286337369655,0.6995285197489393,0.2,0.572603089211794,0.48692041936472974,0.660452644522647,break,click,0.30187173245950827,0.3650878849928434,0.3,0.6773973028381677
725,17420.01740117485,86.00384502378341,0.7139749312310433,0.5524436248193223,-0.10811081731654315,0.9043056815041778,0.2,0.5524436248193223,0.9141924793693129,0.830990285697595,break,click,0.3000000011927737,0.1818701366185842,0.3,0.37453437451578386
726,17445.792079941497,209.50794572026027,0.8730566367063528,0.579662635316178,0.14596962568417937,1.0,0.2,0.579662635316178,0.8056247555455477,0.770133501232511,break,click,0.3000792447217247,0.3146342355130219,0.3,0.5728719178470253
727,17469.65491309931,251.4370343336485,0.8396809881230956,0.6084674879414067,0.1544741516624304,1.0,0.2,0.6084674879414067,0.9519042964369285,0.7347614436186937,break,click,0.300720252382296,0.4046487279871227,0.3,0.7551214273668969
728,17477.407485364427,77.39366747987988,0.48898249565901153,0.5586362353317481,-0.2672341557620511,0.9043056815041778,0.2,0.5586362353317481,0.8466947486977034,0.6742404767670678,break,click,0.325963124966296,0.3955929982636046,0.3,1.0
729,17484.214958267283,793.2459044727009,0.8557473921797124,0.64093750100348,0.4413637646682519,1.0,0.2,0.64093750100348,0.8004319821875556,0.6698109549795197,break,click,3.5074794638166646,0.542298956871885,0.3,1.0
730,17490.538422324975,4744.235078477331,0.7935703706979446,0.7078920189958681,0.35906249899652,1.0,0.2,0.7078920189958681,0.9380711112093832,0.6559533008375026,break,click,1.7163289094138199,0.5174281482791778,0.3,1.0
731,17495.792657519527,1941.291096099533,0.5140343548244112,0.7623615030676392,0.29210798100413193,1.0,0.2,0.7623615030676392,0.8542103064473233,0.6975672321572632,break,click,2.819389746916137,0.4056137419297645,0.3,1.0
732,17596.014689017964,299.3353811678395,0.4595226446380295,0.7328188239821657,-0.15843095428882503,0.9043056815041778,0.2,0.7328188239821657,0.8378567933914088,0.7525593221810422,break,click,0.3,0.3589395887693518,0.3,0.9352035378611575
733,17618.92709681373,157.12010854944458,0.5962599227612176,0.6883850362761664,-0.23828872691475111,0.6687457539921505,0.2,0.6883850362761664,0.7225857413620072,0.7891882696008494,break,click,0.30037021930540614,0.29385324862942974,0.3,0.67012677041336
734,17657.071639957314,220.21498509972366,0.8311291893631632,0.6888415697838103,0.0024482897800697234,0.5530001141930684,0.2,0.6888415697838103,0.6774663906546854,0.8316823228534583,break,click,0.30000036998243723,0.2458166487524569,0.3,0.4616694057885924
735,17677.656145647863,174.88882434776696,0.6933735808620537,0.6658043208845247,-0.12354374891807474,0.5111511569276792,0.2,0.6658043208845247,0.6471570121146663,0.8768066103185489,break,click,0.30107497620953017,0.14184380126729063,0.3,0.29714877960685904
736,17690.788112972514,137.07009433547418,0.7673656068489325,0.6451464058535884,-0.11078389954071566,0.3780028952986089,0.2,0.6451464058535884,0.5810117524363614,0.9025754493389552,break,click,0.3151577947550733,0.10630782723945739,0.3,0.20970236738507508
737,17707.071255053273,184.2396255661748,0.788029722433755,0.6412618526862949,-0.020832012678992373,0.27953803276698347,0.2,0.6412618526862949,0.5218802933792349,0.868414822241913,break,click,0.30634460143460895,0.13174550619764808,0.3,0.25571130833206357
738,17718.196165206376,161.79905951850924,0.7484766498988945,0.6291832896164563,-0.06477470333871105,0.20672199270195032,0.2,0.6291832896164563,0.46170147816625673,0.7484590594755016,break,click,0.31065518466045944,0.2224947813463453,0.3,0.44553252430544776
739,17726.246275586276,149.06627901604048,0.8317027437793184,0.6241487631668987,-0.02699906895674653,0.15287358876953705,0.2,0.6241487631668987,0.45094129641043446,0.6000609191638356,break,click,0.3279410633269977,0.3466404407552497,0.3,0.6507466519358107
740,17748.036053262575,468.10941128116303,0.7585498973064085,0.6875977221753901,0.3402629495877594,0.9756726199504172,0.2,0.6875977221753901,0.4025741167805338,0.39462046906643056,friction,click,0.30152165581477763,0.458572144322616,0.3,0.9109137136796637
741,17769.62751860485,166.73254653778682,0.5292664842300849,0.6475907280681339,-0.21454879688811407,0.9043056815041778,0.2,0.6475907280681339,0.8587799452690255,0.6924038960860761,break,click,0.3006927087338144,0.2060567050690662,0.3,0.5004940611254853
742,17793.08998927607,204.5820351685313,0.8630252736803414,0.6549841762945545,0.03964945273270093,0.8386365727211555,0.2,0.6549841762945545,0.8026153466377443,0.8643791884812186,break,click,0.3001549091523728,0.12759271674106634,0.3,0.23402485486668523
743,17803.064200759032,120.3102623249966,0.6763212988172067,0.6239488494836074,-0.16643569897970545,0.9043056815041778,0.2,0.6239488494836074,0.902896389645162,0.9587960733796427,break,click,0.3046775875022391,0.036613956214799515,0.3,0.07781453130963223
744,17819.59375899658,181.49305364890185,0.8018072889539379,0.624661373672344,0.0038211120544888733,0.7490657210256254,0.2,0.624661373672344,0.7842499512198232,0.8980766014794525,break,click,0.3028214946763169,0.11068246090623819,0.3,0.21255538712488053
745,17825.974780049186,0.0,0.6638969325421019,0.5700790887498686,-0.292712907401293,0.6946616540461884,0.2,0.5700790887498686,0.7600718485414724,0.915421486011252,break,click,0.3001161069238965,0.08442671344155642,0.3,0.1813449092462971
746,17852.510269259943,22.611228126775938,0.7935423173528234,0.5430326996145174,-0.14504389491498693,0.5137112827067941,0.2,0.5430326996145174,0.678906257209557,0.8588270982544592,break,click,0.3000003546768236,0.17524358582810373,0.3,0.33868931746031294
747,17902.736475528545,167.2433700263518,0.7209473947030857,0.547973271346988,0.026495210269965153,0.4863350672092183,0.2,0.547973271346988,0.568342443331509,0.8016628267027159,break,click,0.3000000006482853,0.24980904289423247,0.3,0.5115065644474017
748,17926.066366486983,180.0265593817881,0.8024763258556032,0.5625735455177193,0.07829809080804873,0.814556345579166,0.2,0.5625735455177193,0.7120295688921073,0.7923434037190507,break,click,0.3003486587560989,0.32031623714811747,0.3,0.614821610937343
749,17942.331574009473,184.4427742991939,0.7334277465441719,0.5690429105171695,0.03469379562835895,1.0,0.2,0.5690429105171695,0.9200283239632515,0.7631432676151784,break,click,0.30346642260596496,0.40610904136282755,0.3,0.8231309910545374
750,17948.280981416618,2420.4091289341877,0.6981985472975325,0.6494036395890322,0.4309570894828305,1.0,0.2,0.6494036395890322,0.9094595641892597,0.7120863797011016,break,click,7.489747077931931,0.47927941891901304,0.3,1.0
751,17955.938284645115,3917.828392684876,0.7785971901105502,0.7147794735644689,0.35059636041096776,1.0,0.2,0.7147794735644689,0.933579157033165,0.6753537038209326,break,click,1.8727407780224754,0.5114388760442201,0.3,1.0
752,17961.283179596714,673.5398979025368,0.5373452308836602,0.7679646514162257,0.2852205264355311,1.0,0.2,0.7679646514162257,0.861203569265098,0.7181161568572069,break,click,2.6196825835002224,0.41493809235346407,0.3,1.0
753,18063.18155989365,294.410960336952,0.43131289425971725,0.7335991866032077,-0.1842945038651771,0.9043056815041778,0.2,0.7335991866032077,0.8293938682779151,0.7694345752269929,break,click,0.3,0.30018588499772964,0.3,0.80581372503261
754,18095.81726593696,36.76954310127449,0.318688372353861,0.6350881806831211,-0.5282930715496841,0.6687457539921505,0.2,0.6350881806831211,0.6393142762398002,0.7972388683490177,break,click,0.3000006522954532,0.19754194536386627,0.3,0.6032269176973326
755,18102.181853846763,0.0,0.7126627587898486,0.5831082960682926,-0.2787568012881968,0.49454613924203666,0.2,0.5831082960682926,0.6419264614826911,0.8473018172184716,break,click,0.30000002706397894,0.19182411308001804,0.3,0.39546055094378607
756,18131.856248706597,121.31671149502854,0.7634855499520086,0.5738370578128088,-0.04971963172350269,0.3657232698363789,0.2,0.5738370578128088,0.5717002964779444,0.8620131951397816,break,click,0.30001911914679485,0.15990217583901936,0.3,0.31639098651562136
757,18155.101926058283,77.43375134944927,0.7259011927908126,0.5525618563527823,-0.11409427223059093,0.2704570908283893,0.2,0.5525618563527823,0.4972165979925799,0.806917234488767,break,click,0.30003414304219134,0.19476404409073722,0.3,0.3971854445449824
758,18170.937893875845,113.6652979304458,0.7615584315519239,0.547023496427712,-0.029701018163763138,0.20000651862289462,0.2,0.547023496427712,0.4611703462543959,0.6942788834621518,break,click,0.3121038148894522,0.2877562122757088,0.3,0.5702395645711816
759,18190.38661160493,215.95254034250746,0.6442042552091004,0.5554182633067691,0.04501930660497255,0.2761073503587764,0.2,0.5554182633067691,0.39139672687053717,0.48332553433949843,break,click,0.3024885806793332,0.40344880756492985,0.3,0.8815052158043246
760,18503.35390643861,26.83986518292269,0.8138210671342845,0.5339820211790273,-0.11495789826097352,0.4532415193357823,0.2,0.5339820211790273,0.6448686501704688,0.5678314231422189,break,click,0.3,0.38841830588235027,0.3,0.739100467329183
761,18518.45834885158,119.17023818464878,0.644788280480023,0.5223042985759793,-0.06262508320820481,0.3351779688971857,0.2,0.5223042985759793,0.5158245388157416,0.4638762934399463,break,click,0.3148749330744851,0.42750993472798243,0.3,0.9336004351580245
762,18527.909702439323,63.482970394639075,0.7118757544479055,0.5060790064230739,-0.08701270835872765,0.24786844550049472,0.2,0.5060790064230739,0.4780215706633396,0.345460955088006,none,click,0.30180323474649245,0.48475030177916223,0.3,1.0
763,18536.42333829544,352.3758885980488,0.6699717071418521,0.5563097815274618,0.2693767078954131,0.8761408424468455,0.2,0.5563097815274618,0.42261095576754326,0.16102036802910435,none,click,6.871976961948026,0.46798868285674083,0.3,1.0
764,18608.758707380348,414.73487146773874,0.2004363923847535,0.5679319211894,0.06232700399958835,1.0,0.2,0.5679319211894,0.760130917715426,0.36098415181762783,none,click,0.3000000000000031,0.2801745569539014,0.3,1.0
765,18619.683487072816,219.68406389510588,0.12030483027058106,0.5244517990462774,-0.2331744261852271,0.9043056815041778,0.2,0.5244517990462774,0.7360914490811743,0.47404158812054586,break,click,0.38601734594461556,0.2272545533600583,0.3,0.9158986931511091
766,18632.392871195465,94.41842251517573,0.6590568370714653,0.5101121616835944,-0.076900352366575,0.6687457539921505,0.2,0.5101121616835944,0.7414248156550814,0.6197450385461118,break,click,0.3051835137291575,0.3052569342435987,0.3,0.6584166636186648
767,18639.41827809485,85.40430591323486,0.6493345098754344,0.4954388967536198,-0.07868952435433363,0.49454613924203666,0.2,0.4954388967536198,0.6229279868083667,0.6456776509876013,break,click,0.32686861678975654,0.26209825694713373,0.3,0.5701087340002088
768,18684.61309656743,331.8964542163369,0.8023980146923935,0.5552270188308712,0.320630678362998,1.0,0.2,0.5552270188308712,0.5833740359000599,0.6250962917378906,break,click,0.3000000336044147,0.29085577302406906,0.3,0.5583081549244466
769,18695.28820958319,112.41098789574932,0.05016955743705212,0.4825728462633549,-0.3896285052426585,0.9043056815041778,0.2,0.4825728462633549,0.7150508672311156,0.7393270646491306,break,click,0.36650907583420506,0.09230211181680725,0.3,0.41942575052132014
770,18708.104939991317,140.4414341787318,0.6559220780036904,0.4864775331557141,0.020939985461905064,0.7918629045441659,0.2,0.4864775331557141,0.740484387934749,0.8355910730691727,break,click,0.3208629850606249,0.13301420549075063,0.3,0.2876798705161637
771,18721.515579968465,89.48118822403697,0.7613563779822672,0.48760607816484314,0.006052141115465648,0.9116931846423553,0.2,0.48760607816484314,0.8663446125068948,0.908662504917685,break,click,0.32791086586230683,0.08836757510391419,0.3,0.1751439494944158
772,18777.871601466057,95.81939704936104,0.6841540282362749,0.48280356770427363,-0.025754817735004376,0.8518142546406224,0.2,0.48280356770427363,0.8704185426026926,0.8590698860124064,break,click,0.3000000000264627,0.14157634537522382,0.3,0.2988976560466824
773,18824.29974137335,103.38557628163417,0.6783171533890939,0.4801159663712285,-0.014413020657683961,0.6299276645408016,0.2,0.4801159663712285,0.7214474009398715,0.8089064914498847,break,click,0.3000000081022981,0.2136835105450603,0.3,0.45336586574009485
774,18838.72129623969,208.02195240417296,0.6340015286621095,0.49818722759211465,0.09691223846504243,0.7574157648118917,0.2,0.49818722759211465,0.5992815597882042,0.746153391569637,break,click,0.30890459632781875,0.3099464868556752,0.3,0.6833026213407067
775,18868.22566210937,264.3676544160709,0.6508184198816411,0.527590165049355,0.1576815503687945,1.0,0.2,0.527590165049355,0.8952455259644923,0.7262862803694682,break,click,0.3000168939882519,0.3919070037254907,0.3,0.8513658561482648
776,18891.605365755127,128.3164254541133,0.15276279867905324,0.4733621129540353,-0.2908132338921867,0.9043056815041778,0.2,0.4733621129540353,0.7458288396037159,0.6613445995898134,break,click,0.30020722176081954,0.2611051194716213,0.3,1.0
777,18898.796496826926,667.4888765168785,0.6898819265909854,0.5715644760029094,0.5266378870459647,1.0,0.2,0.5715644760029094,0.7506723425109375,0.6452566532683377,break,click,2.9203871355639164,0.4759527706363942,0.3,1.0
778,18904.77539890915,5017.643638819126,0.5453253631122523,0.6514550078189858,0.4284355239970906,1.0,0.2,0.6514550078189858,0.8635976089336757,0.6272156482223463,break,click,1.3274959964469588,0.41813014524490094,0.3,1.0
779,18918.004369459788,317.4850215233191,0.39877163998778875,0.6411594357444869,-0.05521291092094249,0.9043056815041778,0.2,0.6411594357444869,0.8196314919963366,0.6645908059867185,break,click,0.3438931131098867,0.3595086559951155,0.3,1.0
780,18928.276561147646,233.64049980076015,0.21219174845962668,0.5958447228674747,-0.24301293676372338,0.6687457539921505,0.2,0.5958447228674747,0.6073652890715299,0.6934988237493586,break,click,0.44033941793221815,0.2848766993838507,0.3,1.0
781,18945.964955940475,203.5232728670076,0.6746779105073086,0.595079881716426,-0.004101676530060883,0.49454613924203666,0.2,0.595079881716426,0.630531006997929,0.7458346317657503,break,click,0.30607343160651396,0.3980832424225654,0.3,0.8472178604487527
782,18962.411375897525,218.89262279579717,0.7084167607264831,0.6011857192771558,0.03274427714156203,0.48628507867447485,0.2,0.6011857192771558,0.5551796597102867,0.7526198152383695,break,click,0.3027615793377823,0.34164381848458286,0.3,0.7068004797434111
783,18979.237639903204,178.29269759393685,0.6534792968480964,0.5915675403742616,-0.051580198860686544,0.5878045387553433,0.2,0.5915675403742616,0.6860476676837999,0.8512324710401252,break,click,0.30549466090324867,0.1716002493562073,0.3,0.37191878914755594
784,18999.00219541579,91.07212144759364,0.7599757186810749,0.5733420139372198,-0.09773952922423212,0.4346890631231031,0.2,0.5733420139372198,0.6164056308478024,0.8867231060054973,break,click,0.30017755231568455,0.1268676629305596,0.3,0.25172640442500527
785,19013.5039442067,124.1229610271766,0.7658658762199643,0.5667679311082346,-0.03525537454326699,0.32145818744262544,0.2,0.5667679311082346,0.5430448460081814,0.8612014295227318,break,click,0.3066619393413093,0.14056028247213703,0.3,0.27759710786238234
786,19037.62761027774,223.84657390372575,0.6990697967074573,0.578436349103906,0.06257518462515121,0.4193164267000837,0.2,0.578436349103906,0.4674480180945606,0.7617327975099859,break,click,0.30021351578543515,0.20778106828916762,0.3,0.4332130390985508
787,19078.513546795966,29.34994529145978,0.6641051274579428,0.5393341918748967,-0.2096963537606098,0.6621257019014013,0.2,0.5393341918748967,0.7385469481328867,0.9175988439214247,break,click,0.3000000014153574,0.07301718214909522,0.3,0.15680968244797377
788,19113.801708129653,221.03730274418118,0.7527841425622829,0.5604714491926788,0.11335450783647116,0.8248519875076072,0.2,0.5604714491926788,0.6507146735185425,0.9090457963136208,break,click,0.30000142792294227,0.09585660879234095,0.3,0.19128716100342757
789,19144.827487501203,154.71005393667687,0.6010173025525792,0.5480571411529399,-0.06657523049554304,0.9043056815041778,0.2,0.5480571411529399,0.8803051907657737,0.8822268295375997,break,click,0.30001606831692207,0.12190348198398555,0.3,0.27679738025316825
790,19182.213759501166,128.3893724414389,0.7830942110103786,0.548798674136556,0.003976679904048042,0.7494546406495233,0.2,0.548798674136556,0.7786360278367555,0.82205990117227,break,click,0.300000492475972,0.24322019404916712,0.3,0.47389387303377006
791,19227.780102333694,263.3522739383415,0.7056267604440903,0.5736374691707322,0.13320504850841597,1.0,0.2,0.5736374691707322,0.7732908522350851,0.7886713034039426,break,click,0.3000000283252881,0.31311236528703823,0.3,0.6492730079492095
792,19236.828681423856,132.61750690832636,0.036956036417369,0.5010282243862013,-0.38938756732663976,0.9043056815041778,0.2,0.5010282243862013,0.7110868109252106,0.732450887259335,break,click,1.5010836579898448,0.20859511019423468,0.3,0.9711926863975898
793,19241.950850898542,2108.481582535112,0.6703335678724504,0.5940716773265533,0.4989717756137987,1.0,0.2,0.5940716773265533,0.7448078348953769,0.7117260835214497,break,click,3.489780423776499,0.46813342714898015,0.3,1.0
794,19248.896192857315,4319.441746435758,0.16098229214997883,0.6697652829245097,0.4059283226734467,1.0,0.2,0.6697652829245097,0.7482946876449936,0.6996457698544637,break,click,1.9369453289172764,0.26439291685999156,0.3,1.0
795,19255.60481377393,1609.8688738327292,0.13563355704007776,0.731344273679421,0.33023471707549035,1.0,0.2,0.731344273679421,0.7406900671120232,0.7513042853793175,break,click,2.1509449052304794,0.25425342281603114,0.3,1.0
796,19281.172014240507,187.7405391440841,0.0,0.6387302948007968,-0.4966685997493159,0.9043056815041778,0.2,0.6387302948007968,0.7,0.8004052966833115,break,click,0.30001846899807055,0.1579515269723048,0.3,0.789757634861524
797,19292.660780911257,156.67478081722695,0.6486808490218718,0.616624904485312,-0.11854639426832725,0.6687457539921505,0.2,0.616624904485312,0.7383120192402034,0.8569826999279603,break,click,0.3530807706407897,0.21706700789626387,0.3,0.4724267146986506
798,19329.32334025845,212.75110463879395,0.7198880004192455,0.6183512428175006,0.009257976522803135,0.5700243310499019,0.2,0.6183512428175006,0.6440940339715101,0.891305707931231,break,click,0.30000070651058247,0.1503645367901126,0.3,0.3081523400886721
799,19358.489949213108,164.57175420913492,0.6653721415114399,0.6034428471488457,-0.07995047930036203,0.5573364450080605,0.2,0.6034428471488457,0.6694001706517825,0.9437804392878781,break,click,0.3000074251750994,0.06507273582502666,0.3,0.1395964720347399
800,19380.4312380642,82.03711332620301,0.7602923561851895,0.5809264979248019,-0.12075027739849714,0.412157513512756,0.2,0.5809264979248019,0.6015511088506831,0.9849990497795597,break,click,0.300307570668961,0.016703660224088576,0.3,0.03313449482993236
801,19399.501656782897,188.77404073305732,0.7021493659745648,0.5820669014917959,0.006115735978802217,0.35233888100540045,0.2,0.5820669014917959,0.5128745344274064,0.9002273398391202,break,click,0.30083367121857396,0.09543241948037234,0.3,0.19846206757137597
802,19532.3687372787,27.09474752185663,0.6606201473622266,0.5414371715769097,-0.21788839340836175,0.3462745258690598,0.2,0.5414371715769097,0.5279365807483148,0.8343100946345016,break,click,0.3,0.13916620783446834,0.3,0.29976691372874065
803,19554.816543422385,240.558028942139,0.6883809022286074,0.5607276837342065,0.10345081571506776,0.5417995308665904,0.2,0.5607276837342065,0.47641776561593485,0.703304232112793,break,click,0.3002687673234235,0.23619026606657273,0.3,0.49687407804946593
804,19568.104902431154,180.60920828646505,0.12264252279151938,0.5097010150235529,-0.27364491198036545,0.9043056815041778,0.2,0.5097010150235529,0.7367927568374558,0.8256028149995567,break,click,0.31292842856638725,0.0793874686009457,0.3,0.31875219606357963
805,19580.60354799521,144.01560479291905,0.61872057864245,0.5059117096113144,-0.020321219711179117,0.6687457539921505,0.2,0.5059117096113144,0.7293239381263769,0.8979433887404998,break,click,0.31823072225280286,0.09186655794641885,0.3,0.20529379654814583
806,19623.866740740392,124.81741770206276,0.7878993739428682,0.5141275475171347,0.0440597494876982,0.6570287634621396,0.2,0.5141275475171347,0.664497446028597,0.9191277480101256,break,click,0.300000015470186,0.09022358174628484,0.3,0.17513709450387382
807,19642.230167668247,163.36819983470136,0.6521502313949662,0.5171405018559001,0.016157817973725064,0.9177220558349433,0.2,0.5171405018559001,0.8220415759588681,0.8848821493169828,break,click,0.3033714312951735,0.12884332622304623,0.3,0.2795714541215887
808,19655.40685456169,136.60490034834424,0.7003865505946811,0.5178507486488549,0.0038088988768707477,1.0,0.2,0.5178507486488549,0.9092226526005454,0.8436002451901315,break,click,0.3110700305250631,0.20758222886273534,0.3,0.4323237143066486
809,19668.740003546212,135.0018665575226,0.6763467877643211,0.5158135558055308,-0.010925021569791138,0.9043056815041778,0.2,0.5158135558055308,0.9029040363292963,0.7929683716326622,break,click,0.30174891309015833,0.31246701818725836,0.3,0.6640622931888783
810,19688.667790353968,270.9784108036782,0.68558214535816,0.546711795453385,0.16570053037814692,1.0,0.2,0.546711795453385,0.7493824081410899,0.7276161966641476,break,click,0.3014664083271433,0.474232858143264,0.3,1.0
811,19693.867909689805,1038.4377071473775,0.22074163119629947,0.6312366158728734,0.453288204546615,1.0,0.2,0.6312366158728734,0.7662224893588898,0.6793001928900922,break,click,2.645296282049013,0.2882966524785198,0.3,1.0
812,19700.75880200389,4353.57260462199,0.5724634253799956,0.7000000615305968,0.3687633841271266,1.0,0.2,0.7000000615305968,0.8717390276139986,0.6523415710320757,break,click,1.2266177473799993,0.4289853701519983,0.3,1.0
813,19705.778998418613,478.06894426715303,0.41108701230713396,0.7192306811275285,0.10312962495691147,1.0,0.2,0.7192306811275285,0.8233261036921401,0.6976901574961586,break,click,2.4075163217731204,0.36443480492285363,0.3,1.0
814,19751.540985260708,65.55659417393109,0.25859425828712035,0.6245060050321256,-0.5079878092665545,0.9043056815041778,0.2,0.6245060050321256,0.7775782774861361,0.745788988148095,break,click,0.3000000003184893,0.28632793108772364,0.3,0.9436135587627641
815,19775.864883599454,222.00388789646547,0.7312716668664098,0.627980822298352,0.018634688271661037,0.7860996615685558,0.2,0.627980822298352,0.7630892645935649,0.7951715881878604,break,click,0.3002577441379825,0.3158398740715367,0.3,0.6412879516576349
816,19799.569209550915,75.93550661114952,0.7914769757282467,0.6023741604202809,-0.1373229511702917,0.7951316625705681,0.2,0.6023741604202809,0.8650069544745905,0.8516684113918191,break,click,0.3001461207094905,0.2074347419868387,0.3,0.4015455673723277
817,19822.60963251317,182.28832026567753,0.7060013604240951,0.5983626083989365,-0.021513079876136487,0.5880101541818415,0.2,0.5983626083989365,0.7019407110414649,0.8853617987264479,break,click,0.30014194521116966,0.1318581632885842,0.3,0.2733375094249806
818,19831.358247933076,68.58228087552239,0.7170480871481463,0.5696255261803174,-0.15411071373046037,0.4348411183918451,0.2,0.5696255261803174,0.6036282289120335,0.9182932471100193,break,click,0.3034780442326371,0.08585425539447322,0.3,0.17635756610827846
819,19844.69520920124,179.95103620261892,0.6937725169214215,0.5700356728991733,0.002199527533667034,0.36109830345391,0.2,0.5700356728991733,0.5214914458482719,0.8317145669727269,break,click,0.30217171236308155,0.15846686831610496,0.3,0.3318615273636255
820,19859.323731009503,123.04729237805364,0.7499068640896118,0.5623394578288142,-0.04127312538180039,0.3364884736214903,0.2,0.5623394578288142,0.5482296239002307,0.8173196418224381,break,click,0.30992567214137545,0.1639456757971351,0.3,0.3279157841823426
821,19869.970403966236,169.0669007412097,0.7280922289106028,0.5647710841759285,0.013040282552999272,0.3077704700948199,0.2,0.5647710841759285,0.4835295269005738,0.7096388700206069,break,click,0.32910214783371966,0.24073158758636792,0.3,0.4900519316043397
822,19885.400689259208,77.76913888600664,0.774823109322922,0.5498258370002959,-0.0801481059069592,0.3372805927114425,0.2,0.5498258370002959,0.5562300625127663,0.7007895675128047,break,click,0.3002087567812587,0.23746855897136532,0.3,0.4656892341273302
823,19892.665414932195,82.59086812198458,0.697264170117981,0.5315601005462272,-0.0979551667888246,0.24942336302095988,0.2,0.5315601005462272,0.4746697714130267,0.5683488071277273,break,click,1.944657733400578,0.2989310605396231,0.3,0.6241961214586539
824,19992.11338046532,301.66529641079075,0.6847664372979085,0.5665987671786239,0.1879047386162156,0.6737324822301735,0.2,0.5665987671786239,0.4278123126031532,0.3921513502492586,friction,click,0.3,0.41151925225471975,0.3,0.8683552287176319
825,20005.03777498276,139.27151462071126,0.3775497013300309,0.5286083147088919,-0.20373452323771934,0.9043056815041778,0.2,0.5286083147088919,0.8132649103990092,0.6173472229205487,break,click,0.3220423711702667,0.20664421080377493,0.3,0.5886966017154955
826,20061.99732224149,52.668957960166004,0.7692714390829191,0.5140381915090614,-0.07813639771722486,0.6687457539921505,0.2,0.5140381915090614,0.7744891962585175,0.73719406567112,break,click,0.30000000000129645,0.2223813908983962,0.3,0.4380099166555588
827,20069.791952417567,76.97607024914387,0.864391563760396,0.516719202517601,0.014377678182566522,0.5828235851993104,0.2,0.516719202517601,0.6874451029738552,0.7916623892458051,break,click,0.30945335130963847,0.20311138384782837,0.3,0.37216476054724645
828,20082.18640336376,145.22627971289333,0.8165487424435894,0.5303479525346739,0.07308801834531042,0.8374320219754192,0.2,0.5303479525346739,0.7377918084003626,0.8462763009489265,break,click,0.3547810342557828,0.1587955938982718,0.3,0.3015376278502574
829,20101.602965933398,185.40871933891617,0.8650153879636491,0.5553201842967107,0.13392064062079578,1.0,0.2,0.5553201842967107,0.9595046163890947,0.8184475701572486,break,click,0.3025507448836493,0.21559128233209326,0.3,0.39485137719530705
830,20112.022316851468,115.17032197456616,0.7666145930323089,0.5500896930827005,-0.02804998531234848,0.9043056815041778,0.2,0.5500896930827005,0.9299843779096927,0.7654955343443909,break,click,0.3161788611131243,0.28992407554629257,0.3,0.5722420954668748
831,20117.36449262708,0.0,0.8436943807698778,0.5261762658151279,-0.1282425026977616,0.6687457539921505,0.2,0.5261762658151279,0.7968160787646051,0.7021786923105169,break,click,0.3011192039041824,0.44489327577605314,0.3,0.827742681191293
832,20126.23752110693,1217.1717947853315,0.8586528079235574,0.6145303540988196,0.4738237341848721,1.0,0.2,0.6145303540988196,0.6857234762228036,0.6505341607230407,break,click,3.763399428167636,0.543461123169423,0.3,1.0
833,20133.022859914705,2652.778366701408,0.5444615910059791,0.6864090226151331,0.3854696459011804,1.0,0.2,0.6864090226151331,0.8633384773017937,0.6182956491746778,break,click,4.303270052482617,0.41778463640239166,0.3,1.0
834,20151.319523571645,1639.643191922747,0.5984888770446842,0.7448844490276505,0.31359097738486685,1.0,0.2,0.7448844490276505,0.8795466631134052,0.6478531051815718,break,click,0.30344826169282574,0.43939555081787374,0.3,1.0
835,20164.141145296562,233.97976202727267,0.4684421075104959,0.7041987221848022,-0.21818869273831165,0.9043056815041778,0.2,0.7041987221848022,0.8405326322531487,0.7007847359127325,break,click,0.4261993250737968,0.3873768430041984,0.3,1.0
836,20182.777929488886,225.3607680733742,0.8562387736913741,0.7052469886473164,0.005621624752602639,0.7535670027709098,0.2,0.7052469886473164,0.800579396641054,0.74195555155755,break,click,0.30306120862316904,0.4230349056569355,0.3,0.7797942992470465
837,20194.443805107665,154.29617619978578,0.8440664671191396,0.6884005960395871,-0.09034353483801438,0.7068732580151237,0.2,0.6884005960395871,0.8222250160560957,0.7921209761532119,break,click,0.3223020823017083,0.2934033349735907,0.3,0.5457381427022521
838,20214.231551218672,212.25257168947454,0.860780375275609,0.6897628192108968,0.007305306210060536,0.5963221371683491,0.2,0.6897628192108968,0.7050694355686014,0.8304054298508159,break,click,0.30026862158154866,0.2142248581776286,0.3,0.39356986268676897
839,20223.97656393143,123.13991119059462,0.7852101107306397,0.6630541316605721,-0.1432328748573336,0.5722886462024792,0.2,0.6630541316605721,0.715272234150383,0.8814257216451264,break,click,0.3135399938400694,0.12675281947478093,0.3,0.24656050091825488
840,20254.479164762844,118.0227227145908,0.8864066095402685,0.6495681424001251,-0.07232242349719942,0.42321485979081064,0.2,0.6495681424001251,0.646721850725471,0.8846415124804605,break,click,0.3000125286534027,0.12271106475868429,0.3,0.22127538904220745
841,20272.119794991813,102.0371708173988,0.820007242546938,0.6286800934550504,-0.11201805760490757,0.3129728655919989,0.2,0.6286800934550504,0.5536573088490931,0.8676767267339972,break,click,0.30275017741124965,0.12228751094438291,0.3,0.23160386360538188
842,20298.228619675014,206.82662147845792,0.8802118485416665,0.641725394331365,0.06995910766385527,0.43083720312133195,0.2,0.641725394331365,0.5176272149395161,0.805777113998702,break,click,0.3000446379317191,0.17257611252418367,0.3,0.3125898982582417
843,20315.07026823619,71.2519321158496,0.7684613738898128,0.6103182282067656,-0.16842979224164656,0.7059306232529239,0.2,0.6103182282067656,0.7989180570313088,0.9375654693085589,break,click,0.3009302446359302,0.05335128801079768,0.3,0.10514961099523423
844,20336.36250612492,169.0756987975506,0.949982334442727,0.6244932514162082,0.07601756251153602,0.7673319206561414,0.2,0.6244932514162082,0.7313675089591989,0.874309261488651,break,click,0.30024355346453513,0.13406392023377361,0.3,0.23114750616133972
845,20358.63134647955,215.54782034267828,0.9165437458964136,0.643739492009838,0.10321339696034648,1.0,0.2,0.643739492009838,0.974963123768924,0.8489732588127062,break,click,0.300263458442299,0.17330873068786976,0.3,0.30586547572203104
846,20381.345184765134,184.9093027427997,0.820426962569379,0.6432939430025795,-0.0023893822966489786,0.9043056815041778,0.2,0.6432939430025795,0.9461280887708137,0.7960897433489986,break,click,0.3006827691177549,0.24269284552531556,0.3,0.4594969135079362
847,20435.94594322622,230.76602514561014,0.8949541086586608,0.6605686781803073,0.0926406427587636,0.9711145477863122,0.2,0.6605686781803073,0.8121939971312401,0.7326963220645349,break,click,0.30000000022109924,0.37877724995306317,0.3,0.6788346075364482
848,20470.020139803783,264.12948518136466,0.8094317206923559,0.6744251123072241,0.07430903864257643,1.0,0.2,0.6744251123072241,0.9428295162077067,0.6957598622459148,break,click,0.3000030864386445,0.46354650088902566,0.3,0.8850146471247992
849,20479.79180393146,2763.091285907345,0.9207291054902409,0.735135182940657,0.32557488769277587,1.0,0.2,0.735135182940657,0.9762187316470722,0.6490987719186762,break,click,15.54177350160787,0.5682916421960964,0.3,1.0
850,20487.237899813405,4028.9569830484575,0.6831802354495531,0.7845246240794884,0.26486481705934295,1.0,0.2,0.7845246240794884,0.9049540706348659,0.6336319469771321,break,click,1.3719997288112564,0.47327209417982125,0.3,1.0
851,20495.621288020135,572.5608646092838,0.3825405548795465,0.8073573122209272,0.12244673412188967,1.0,0.2,0.8073573122209272,0.8147621664638639,0.6775847049376991,break,click,0.4772175440647539,0.35301622195181864,0.3,1.0
852,20541.94424562415,168.3830308651153,0.5195952697593299,0.7445017132808066,-0.33708088875986814,0.9043056815041778,0.2,0.7445017132808066,0.8558785809277989,0.7377397113447938,break,click,0.3000000075500526,0.3020397402192503,0.3,0.7405873418051094
853,20562.543825575478,233.01446006863424,0.7385138791239618,0.7288425469928194,-0.08397669863303292,0.6687457539921505,0.2,0.7288425469928194,0.7652619282708304,0.7763982047178658,break,click,0.30066609922841986,0.27410737492239357,0.3,0.553298956803532
854,20580.393592787383,201.68330249143702,0.9540644747307794,0.7288973354355567,0.00029381848686660383,0.5476139359600606,0.2,0.7288973354355567,0.7143469762649702,0.8168597728356156,break,click,0.30316845409452897,0.2345590712439041,0.3,0.4032817583404147
855,20600.08780953013,91.39738957442776,0.8782513065677908,0.6961671334978602,-0.1755249451836266,0.4965389021945699,0.2,0.6961671334978602,0.6929252090069734,0.8621172836711248,break,click,0.30011182265745084,0.15078571716790917,0.3,0.27350911341307804
856,20728.807155965165,41.95173569130478,0.8974643566653397,0.6598062899362334,-0.19499528555105938,0.3671969438279022,0.2,0.6598062899362334,0.6128717100718405,0.902974768724469,break,click,0.3,0.09787636945457463,0.3,0.17509636111243898
857,20741.107743323253,97.55631703318973,0.8600121437168453,0.6396945611256784,-0.10785482178632355,0.271546891815773,0.2,0.6396945611256784,0.5381729580069573,0.8699749366268397,break,click,0.3095076142782973,0.11708552254170769,0.3,0.2152288181444446
858,20775.728566462505,69.32244188264349,0.8102244180910785,0.6121101294798168,-0.14792929972683477,0.20081244055605896,0.2,0.6121101294798168,0.4763048653410642,0.7562307635171069,break,click,0.30000030607443134,0.19530976827768354,0.3,0.3726647236552014
859,20818.69570536033,307.21151881648683,0.9480384907854129,0.6579675788595375,0.24592351443349814,0.7790269277145447,0.2,0.6579675788595375,0.4829424322141035,0.6819134464649604,break,click,0.30000004671428626,0.26320090329372015,0.3,0.4544093699314591
860,20841.48532291345,184.29444856677145,0.833640986114012,0.6559576100334471,-0.01077902509406714,0.9043056815041778,0.2,0.6559576100334471,0.9500922958342036,1.0,break,click,0.3005097158241868,0.0,0.3,0.0
861,20864.563885771662,77.99445793304034,0.829448192233827,0.6291542763420764,-0.14374044150023313,0.6687457539921505,0.2,0.6291542763420764,0.79254222220379,0.9072770763178374,break,click,0.3000477897374372,0.082180220410247,0.3,0.15453821534813317
862,20883.15815034002,193.60808741671718,0.892514760605835,0.6401771392419155,0.05911321323173757,0.694662422822238,0.2,0.6401771392419155,0.6958820620274869,0.8959709025989182,break,click,0.30442310032902786,0.09499617273536153,0.3,0.17054787393067194
863,20892.00772492401,67.79986928247187,0.9233602330267254,0.6226960665102463,-0.09374718612546296,0.8954692485727483,0.2,0.6226960665102463,0.9711451632965731,0.8777006914427727,break,click,0.32347686250580715,0.12434663032464299,0.3,0.21840330269067632
864,20909.439615860138,206.51804288994882,0.86306623168073,0.6351867103827319,0.0669846029425547,0.8997482893951413,0.2,0.6351867103827319,0.7982919387274717,0.8150648876229676,break,click,0.303680180980657,0.197720483472812,0.3,0.36263917129876466
865,20915.107965132982,0.0,0.7660489213340332,0.5881659217100738,-0.25216224971571527,0.9043056815041778,0.2,0.5881659217100738,0.9298146764002099,0.7782171496652966,break,click,0.3002162732323898,0.24417931920306443,0.3,0.4821680171445768
866,20925.03555567674,120.87525112069484,0.9682024848382368,0.596935508583767,0.04702938460991313,0.857086402414186,0.2,0.596935508583767,0.8341685099851129,0.718652520960334,break,click,0.37119234377072163,0.40302951181578167,0.3,0.6862635024422168
867,20949.88525568064,241.45160702375367,0.9267193234522649,0.628307034566448,0.1682386619220576,1.0,0.2,0.628307034566448,0.9780157970356794,0.683037237958811,break,click,0.3002339729869294,0.5025050484765419,0.3,0.8805254127711312
868,20961.121128072064,640.8047145050454,0.8927656961209229,0.697616760342088,0.371692965433552,1.0,0.2,0.697616760342088,0.9678297088362768,0.6320186172027633,break,click,0.3452099707054239,0.5571062784483691,0.3,1.0
869,20971.881908505722,278.790187988238,0.8349014566148587,0.7103567337513509,0.06832170295063889,1.0,0.2,0.7103567337513509,0.9504704369844575,0.580282678070785,break,click,0.36692397659642734,0.5339605826459435,0.3,1.0
870,20977.43767623826,647.9752526217497,0.7857108690682272,0.7643666215441921,0.2896432662486491,1.0,0.2,0.7643666215441921,0.9357132607204681,0.5617910264319177,break,click,0.6790806033496044,0.5142843476272909,0.3,1.0
871,20984.490115680044,1701.5388928974687,0.6476668063385136,0.8083052654335376,0.2356333784558079,1.0,0.2,0.8083052654335376,0.894300041901554,0.6076497164092447,break,click,3.342073983507027,0.4590667225354055,0.3,1.0
872,20991.657818099866,4185.4416161353365,0.7937653403562286,0.8440506540231175,0.19169473456646235,1.0,0.2,0.8440506540231175,0.9381296021068685,0.6620326844160163,break,click,1.0421496500638738,0.5175061361424915,0.3,1.0
873,21036.592058160957,226.99838666754545,0.6290095986657069,0.79821663335491,-0.2457978713558323,0.9043056815041778,0.2,0.79821663335491,0.8887028795997121,0.7132720677955522,break,click,0.3000000127439785,0.36091385592546305,0.3,0.7991824346577754
874,21059.31304239414,237.66576062815312,0.8847907989103743,0.7872635439609644,-0.058739033114531436,0.6687457539921505,0.2,0.7872635439609644,0.8091450042067542,0.7547566557423823,break,click,0.3006820842961172,0.3323191612908963,0.3,0.5999447020307731
875,21070.306992769776,109.15093837966154,0.9397378699562398,0.7535206231403404,-0.18095593600826765,0.49454613924203666,0.2,0.7535206231403404,0.7100489948326084,0.7892246591115105,break,click,0.40299876985333644,0.2645830191186794,0.3,0.4594291513751758
876,21092.607831051195,80.71445464450899,0.9141122826539856,0.7170523487839429,-0.19557141350771134,0.3657232698363789,0.2,0.7170523487839429,0.6168883162885375,0.8279210426782393,break,click,0.3003378604252422,0.19131301611101292,0.3,0.33822104944870324
877,21111.707695361547,188.48301440805403,0.943601236030684,0.7152532895730495,-0.009647962758533302,0.2704570908283893,0.2,0.7152532895730495,0.5625266109645413,0.8402505711618918,break,click,0.30309291874815864,0.16508527084996658,0.3,0.2858913991094312
878,21137.269292066198,211.25440880685017,0.9016670408674934,0.7151876971033279,-0.00035175813074006523,0.20000651862289462,0.2,0.7151876971033279,0.5032029290490667,0.791094251788119,break,click,0.30015654617582044,0.19239654611002333,0.3,0.3431566493690057
879,21178.638959688928,261.0608356463091,0.9103231541981025,0.7275506687414818,0.06629992455360978,0.32930889523036944,0.2,0.7275506687414818,0.4712323965672378,0.7056464230741234,break,click,0.3000000681177101,0.252063378869947,0.3,0.44681847936700014
880,21205.220211035783,180.57840608651253,0.7729968468475854,0.7060451828083847,-0.1153292377095484,0.5975728972123254,0.2,0.7060451828083847,0.7283841648533266,0.8894911977350799,break,click,0.3000427372949314,0.08277819942511107,0.3,0.1625656018514514
881,21229.435554606418,173.44375014745125,0.9565860627832661,0.7040038051666287,-0.010947463732437601,0.4419128906132878,0.2,0.7040038051666287,0.6801816891408469,0.9469693673603363,break,click,0.3001289630399305,0.04413924669655172,0.3,0.07575804791824281
882,21297.501868657982,35.25973212214586,0.8889177935798428,0.6638249886177386,-0.21547024322402503,0.32680030135436966,0.2,0.6638249886177386,0.5835048735098816,0.9197063989904523,break,click,0.3000000000000244,0.06372640745826073,0.3,0.11470514625277095
883,21303.912845706698,0.0,0.9170253732128067,0.6255403271521318,-0.20531230201133527,0.24167305193811317,0.2,0.6255403271521318,0.5354558593857488,0.8544117809565265,break,click,0.300000000000001,0.11788697367929804,0.3,0.2079831736040374
884,21346.919074504658,97.66027195109739,0.9217457572152106,0.6175981607885019,-0.042592108605654766,0.17872034937247158,0.2,0.6175981607885019,0.4951033311819991,0.7443865255350272,break,click,0.3000000238250755,0.20766707371232845,0.3,0.3651621125972063
885,21357.897671151168,109.30358757477472,0.9307994130022001,0.6146950091845946,-0.01556896981893341,0.13216601116121807,0.2,0.6146950091845946,0.46693097559709495,0.6087710627626005,break,click,0.3054541799248613,0.31986865330375686,0.3,0.5588984912856981
886,21368.913786111454,163.39698763939168,0.8295793534669365,0.6155044588164653,0.00434090209811322,0.11893349104696536,0.2,0.6155044588164653,0.4137225475210903,0.412552380864682,friction,click,0.36106126306425584,0.4463189936839827,0.3,0.8392108987707021
887,21380.740341635603,202.9331359498085,0.957141479385311,0.6372716490375471,0.11673270081345088,0.4324697535711587,0.2,0.6372716490375471,0.4715252447381122,0.3106699114004108,friction,click,0.3999007187053943,0.5739722755385828,0.3,0.9847572861983013
888,21392.144200725106,157.841304936577,0.970961157261929,0.6457580202627295,0.04551056076413873,1.0,0.2,0.6457580202627295,0.9912883471785786,0.8064846060125646,break,click,0.325609968328972,0.17517146974079348,0.3,0.2977160016700585
889,21406.79221187898,163.84476873949401,0.9001712063088734,0.6474611555817247,0.009133543816074674,1.0,0.2,0.6474611555817247,0.970051361892662,0.9589724795988444,break,click,0.3181515659786346,0.0382970374373133,0.3,0.06837920474431092
890,21421.36514727519,164.68885195384297,0.9223285797621157,0.6511092991049043,0.01956419924163688,1.0,0.2,0.6511092991049043,0.9766985739286346,0.9127889086026902,break,click,0.3199435117329647,0.09021297346971938,0.3,0.15856563446965166
891,21435.612301693563,168.4546913385698,0.9128296116865043,0.6540693057291751,0.015873870911560117,1.0,0.2,0.6540693057291751,0.9738488835059512,0.8617848145324057,break,click,0.3259457314821597,0.1562196240735179,0.3,0.27643040388826057
892,21451.598309585628,187.6641135332453,0.9186906580928427,0.6615012997127075,0.039856165233802865,1.0,0.2,0.6615012997127075,0.9756071974278527,0.8121355792488865,break,click,0.30774933062451526,0.23690803650674314,0.3,0.41747655691414176
893,21463.01644468277,157.64395715116706,0.8818333104484343,0.6571137081490782,-0.023529698049531533,0.9043056815041778,0.2,0.6571137081490782,0.9645499931345302,0.7610033397004249,break,click,0.43130562802450473,0.33025361518415475,0.3,0.5974917753954354
894,21475.648751421628,142.4917900752659,0.9613606122318328,0.6574272274176721,0.0016813355609205383,0.7437162797917045,0.2,0.6574272274176721,0.8321159482031918,0.6977599230890199,break,click,0.3358817052636317,0.5047792733535809,0.3,0.8635433121853939
895,21484.219257971155,3500.376532780252,0.897465501020728,0.7213068999807153,0.3425727725823279,1.0,0.2,0.7213068999807153,0.8205134248640026,0.6606312478481025,break,click,3.5745821747481252,0.5589862004082913,0.3,1.0
896,21566.00493474643,132.0524623116508,1.0,0.7108195596920704,-0.056241322091151735,0.9043056815041778,0.2,0.7108195596920704,0.9999999999999999,0.631353297829628,break,click,0.30000000000000016,0.6,0.3,1.0
897,21571.167753492926,3137.8207904349006,0.9870855793489994,0.7647431441592738,0.28918044030792955,1.0,0.2,0.7647431441592738,0.8398334383383418,0.6652008143602812,break,click,3.767262126899361,0.5948342317395998,0.3,1.0
898,21676.368853157746,285.16812177422133,0.889018300368447,0.7714982493864594,0.03622615824272635,1.0,0.2,0.7714982493864594,0.966705490110534,0.7259030777671734,break,click,0.3,0.4876422655352152,0.3,0.8776742995500215
899,21689.443957982025,183.55493376570135,0.8631548243462551,0.7508975303261259,-0.11047717000620516,0.9043056815041778,0.2,0.7508975303261259,0.9589464473038765,0.7751271853958748,break,click,0.3672580358592028,0.33843465207320805,0.3,0.6206827097492673
900,21712.841770680625,76.93026793515526,0.8656562007184578,0.7095185248541239,-0.22190659504795296,0.6687457539921505,0.2,0.7095185248541239,0.8034046247491792,0.810655129989904,break,click,0.30017698726825703,0.25086638371387376,0.3,0.45924146864689563
901,21742.11919019197,81.97443764024052,0.8604334788991762,0.6765442717661827,-0.17683373835423521,0.49454613924203666,0.2,0.6765442717661827,0.6862576775154893,0.8459642489294523,break,click,0.30000515705249503,0.18131582936696003,0.3,0.3331949562018931
902,21755.239489000283,137.1919974002183,0.9468141104186041,0.6706430028955198,-0.031647219806607785,0.3657232698363789,0.2,0.6706430028955198,0.626698864617923,0.8919024623949788,break,click,0.3164717799816323,0.12211383410689088,0.3,0.21100470548970507
903,21781.74481407776,90.54784248012824,0.9422343534967905,0.6545429601530022,-0.08634102304696423,0.2704570908283893,0.2,0.6545429601530022,0.5621165462043732,0.8792159208657065,break,click,0.3000049031931722,0.12391904578650016,0.3,0.2148039350991231
904,21793.093169327785,52.8710977741614,0.8536825939197217,0.6244069627948654,-0.16161279097543957,0.20000651862289462,0.2,0.6244069627948654,0.48880759496473525,0.7901166861028964,break,click,0.32917530296331055,0.185605590848213,0.3,0.34277900831755115
905,21811.054005121194,233.84212451525843,0.8408596669331307,0.6408770566014421,0.08832552631577295,0.38437289963577737,0.2,0.6408770566014421,0.4503933503877462,0.6660367719116076,break,click,0.30293506736243686,0.27045046233125,0.3,0.5042482613968011
906,21854.367300738035,13.852559392102947,0.8936972520784692,0.6079253677398804,-0.17671273132207888,0.7469569733028698,0.2,0.6079253677398804,0.8637094943523259,0.9577019241748795,break,click,0.3000000026503116,0.03806386535344875,0.3,0.06827857573924823
907,21867.412393670307,45.994306297019854,0.8963666101615781,0.5888589250817273,-0.10224917978781645,0.5523843480450529,0.2,0.5888589250817273,0.735412832257323,0.8960194825628062,break,click,0.3008855202150127,0.1019819488014467,0.3,0.18258448042818431
908,21879.164676641114,102.10782049588312,0.8915033803544408,0.5859737698331119,-0.015472459284653017,0.4084953737240728,0.2,0.5859737698331119,0.6384846139691142,0.8368552170364144,break,click,0.3020987035207245,0.16607214171416182,0.3,0.29836819669072645
909,21892.069425307003,46.49451264293139,0.9788436845077114,0.5788070072907309,-0.03843378677559195,0.30208761516240495,0.2,0.5788070072907309,0.5940859598666811,0.7992271031602591,break,click,0.3013009120535145,0.21628890636444542,0.3,0.3656385536725021
910,21905.870821834047,43.473861418616366,0.9589125473865528,0.5704142728978592,-0.045008406824183944,0.22339770069501635,0.2,0.5704142728978592,0.5358964539087437,0.7607251420224259,break,click,0.30092908178079797,0.23518208319266234,0.3,0.40300922014475726
911,21929.853416129114,200.14515281141533,0.8610962010337224,0.5909848021488492,0.11031526863327112,0.4584758335185839,0.2,0.5909848021488492,0.4679414574713604,0.6419716299606432,break,click,0.30007283333884,0.30352921073696476,0.3,0.5575087391075683
912,21955.136941929995,23.730867471777753,0.9973808821276358,0.5793060178698157,-0.06263077674530915,0.9043056815041778,0.2,0.5793060178698157,0.9992142646382907,0.8551339089401514,break,click,0.30002881345403537,0.14651953956674263,0.3,0.24462636947546756
913,21963.58679303014,71.00716839729381,0.8855111268518061,0.5703943201839811,-0.04779149394729543,0.6687457539921505,0.2,0.5703943201839811,0.8093611025891837,0.7429461097101918,break,click,0.30558527328600943,0.2627483954494215,0.3,0.4741001179226275
914,21999.890645133884,181.7988895817319,0.89897173765654,0.5902236095626849,0.1063401606214539,0.8127297912965288,0.2,0.5902236095626849,0.6978191551426984,0.6857967556715061,break,click,0.3000009408461938,0.3572267034783655,0.3,0.638373695948938
915,22013.234593328303,44.96420334208019,0.7916501508151342,0.5644546571476028,-0.13819327997751757,0.9043056815041778,0.2,0.5644546571476028,0.9374950452445402,0.6631772956691455,break,click,0.31265827873787994,0.39354474762850356,0.3,0.7617092511082537
916,22021.576042665543,0.0,0.9177049436223131,0.5447629782953005,-0.10560218533644622,0.6687457539921505,0.2,0.5447629782953005,0.8190192476203358,0.6013297038092534,break,click,0.3001954573220998,0.5670819774489253,0.3,1.0
917,22027.59642975791,697.6295602862073,0.9988775330111979,0.629651195376483,0.4552370217046995,1.0,0.2,0.629651195376483,0.7277908937490958,0.5422068563652596,break,click,3.473970858057889,0.5995510132044792,0.3,1.0
918,22037.954746581396,2896.2234416282217,0.7255161422801127,0.6987102749849747,0.37034880462351705,1.0,0.2,0.6987102749849747,0.9176548426840337,0.5111932396207438,break,click,0.6079309263107471,0.4902064569120451,0.3,1.0
919,22050.790061739935,93.49205572110343,0.8041353824469368,0.6651870949348355,-0.179777514110127,0.9043056815041778,0.2,0.6651870949348355,0.9412406147340809,0.5314571713607109,break,click,0.3034870997583096,0.5216541529787748,0.3,1.0
920,22057.265080699097,3799.2166749082976,0.9385435561517816,0.7276197821102415,0.3348129050651645,1.0,0.2,0.7276197821102415,0.8252708313791765,0.569860204773341,break,click,8.93128450918454,0.5754174224607127,0.3,1.0
921,22581.165409117733,57.262800522674326,0.7381921490669245,0.6741130024452036,-0.2869452069234363,0.9043056815041778,0.2,0.6741130024452036,0.9214576447200773,0.6294788981716896,break,click,0.3,0.4952768596267698,0.3,1.0
922,22599.457226921288,229.61085907949482,0.8426880922563099,0.6804986090376992,0.03424461753231989,0.8251244847202029,0.2,0.6804986090376992,0.7965141922105349,0.6675109466831441,break,click,0.30289988033472404,0.4405119410920524,0.3,0.8202052726031803
923,22613.04095970359,176.68192082864076,0.7494280413957022,0.6646612724211655,-0.08493218730404717,0.9010027704577589,0.2,0.6646612724211655,0.922636955847792,0.73073419529333,break,click,0.322729250199603,0.2955188427816085,0.3,0.5913082486356965
924,22625.454934250512,193.33050756051907,0.7381517791935612,0.654606370672809,-0.05392224837373605,0.6663032085307171,0.2,0.654606370672809,0.7635326877981189,0.7006190199684541,break,click,0.3344935638143828,0.3320776380288947,0.3,0.6705107637231378
925,22636.473239658193,163.3645041954818,0.8084625590604715,0.6459971340940853,-0.04616946089822105,0.4927398452645959,0.2,0.6459971340940853,0.6694679391317258,0.7432851243984054,break,click,0.36057370940619826,0.27061743376644387,0.3,0.5170523067178132
926,22651.2018978893,81.47381663494072,0.7892313856207973,0.6181125092470967,-0.14953917049001075,0.36438749206501087,0.2,0.6181125092470967,0.5785377687008347,0.7455959700970199,break,click,0.3015345518408531,0.24006404671790713,0.3,0.4655177677867155
927,22669.167939754887,233.77436340304223,0.8252111603167114,0.6342815464224572,0.0867110251650618,0.5147622724990062,0.2,0.6342815464224572,0.5263541738468244,0.7290241414065477,break,click,0.3016118738296197,0.24080608506703277,0.3,0.4542787071938834
928,22685.50529993917,183.6281973440083,0.7959341621956251,0.6330174229955189,-0.006779218644634266,0.8575688111739387,0.2,0.6330174229955189,0.9077706876532766,0.8033303939233436,break,click,0.31106908197516675,0.18654879707019784,0.3,0.35987321445816967
929,22707.059799998893,139.18207296330027,0.8261922475953989,0.624450282645029,-0.04594370799369407,0.6341832335662687,0.2,0.624450282645029,0.7686334671574607,0.7394166597455024,break,click,0.30004983568618887,0.27841752461175273,0.3,0.5248438247104986
930,22734.90734642499,193.91295439011427,0.7854422481065073,0.6264384361720295,0.010662034395867548,0.5452703260678393,0.2,0.6264384361720295,0.6468018184788543,0.7194587244362413,break,click,0.30011656817017524,0.2985883664489144,0.3,0.5807113600178138
931,22751.444918829216,108.84306087995363,0.7905912564950011,0.608707158296325,-0.09508898182458692,0.5412997452216625,0.2,0.608707158296325,0.6963256757768065,0.7070226472195081,break,click,0.30372042550003686,0.32994511183293707,0.3,0.6391355709494826
932,22775.060822484927,254.06607714325617,0.7881262327755331,0.627902148917779,0.1029385545205117,0.7000044107711907,0.2,0.627902148917779,0.6020326845146068,0.720631143082808,break,click,0.3002202976768509,0.28584407159043335,0.3,0.5547671965629553
933,22804.690662894405,242.99827135406701,0.3283486225709079,0.5980706189922333,-0.15997999843974126,0.9043056815041778,0.2,0.5980706189922333,0.7985045867712723,0.6906063817672642,break,click,0.30002808120104313,0.22601226430270274,0.3,0.6821169799294129
934,22811.890031026524,83.34064726088819,0.46274350370814377,0.5491178465262826,-0.26252305806205123,0.6687457539921505,0.2,0.5491178465262826,0.682530815646085,0.6427854737125829,break,click,2.1542830008925877,0.3408565597255115,0.3,0.8851177868576985
935,22906.48993875029,317.12504506453223,0.8161710627313528,0.5967375298247865,0.2553739911700591,1.0,0.2,0.5967375298247865,0.6729789526651423,0.6750116567049123,break,click,0.3,0.3895777313079874,0.3,0.7399830887094673
936,22917.12482019279,169.2543550891624,0.4021808165531309,0.5624122169644976,-0.18407917768676796,0.9043056815041778,0.2,0.5624122169644976,0.8206542449659392,0.6397791742341163,break,click,0.4553868727849815,0.33401657648826033,0.3,0.9255810208989007
937,22923.644114952735,552.2069690908361,0.758771155919106,0.6440093739340527,0.4375877830355024,1.0,0.2,0.6440093739340527,0.7713391113093737,0.6021726329476844,break,click,2.9906279708531116,0.5035084623676425,0.3,1.0
938,22934.74390915631,2702.75281233022,0.4106709063060581,0.7103910786363445,0.35599062606594734,1.0,0.2,0.7103910786363445,0.8232012718918174,0.5997106790888552,break,click,0.4028639205881358,0.3642683625224233,0.3,1.0
939,22944.485044051973,800.728055154286,0.3464718354116756,0.7643945621256824,0.28960892136365546,1.0,0.2,0.7643945621256824,0.8039415506235026,0.6339543303038572,break,click,2.3014396078676818,0.3385887341646703,0.3,1.0
940,22959.9248776542,233.16313457422825,0.24686396429045443,0.6992215517225243,-0.3495086617626698,0.9043056815041778,0.2,0.6992215517225243,0.7740591892871362,0.686843493387592,break,click,0.301793838602395,0.29584587482732866,0.3,0.9902937113467243
941,22983.904044581483,225.19547974188845,0.6798181513768458,0.684710776701887,-0.0778181263567409,0.6687457539921505,0.2,0.684710776701887,0.7476532099466956,0.733527575710237,break,click,0.3007535975396733,0.34338260020075784,0.3,0.7276176413289432
942,23001.197099665438,208.17605579364252,0.7849923602287457,0.6787447453582653,-0.03199452684546089,0.49454613924203666,0.2,0.6787447453582653,0.6636253419143602,0.771264183761413,break,click,0.3096245801433455,0.2824656218498094,0.3,0.5495472786303701
943,23012.734944813667,156.00833404114883,0.7827955955327548,0.6615267181924487,-0.09233653004045195,0.3657232698363789,0.2,0.6615267181924487,0.5774933101521683,0.7924733801788973,break,click,0.3041153144344884,0.22839934138266674,0.3,0.445120294647977
944,23032.54013250899,242.36074274280568,0.6603916887224432,0.6562346991974274,-0.02837994540271993,0.2704570908283893,0.2,0.6562346991974274,0.47756374677206903,0.7238677403254823,break,click,0.3039828577659099,0.248280109923102,0.3,0.5349058260587229
945,23044.488005043695,150.65443615771775,0.34353534708789046,0.601011688451927,-0.296148980456335,0.20000651862289462,0.2,0.601011688451927,0.33576342091518585,0.5079091497270143,break,click,0.36474892953164884,0.2932370225371336,0.3,0.869071531944293
946,23072.918589429784,443.1846995788337,0.8060648243762631,0.6673954391339618,0.35600159820974675,1.0,0.2,0.6673954391339618,0.43995489762068596,0.4029722596751484,friction,click,0.3000435374085971,0.5061500060852819,0.3,0.9688454903588031
947,23094.636216175168,110.50931246483337,0.43275019142352356,0.6090518984691754,-0.3128837028411583,0.9043056815041778,0.2,0.6090518984691754,0.829825057427057,0.6525073984628453,break,click,0.3001002660737347,0.22897134468713712,0.3,0.6136995381842023
948,23112.996739347134,163.39403686385998,0.7427594911503205,0.6028182672290028,-0.03342960681419016,0.6687457539921505,0.2,0.6028182672290028,0.766535611878738,0.7869619452894191,break,click,0.3064972251826752,0.20514665925566974,0.3,0.4126837507911171
949,23132.968841954236,210.2933317850285,0.665055925421473,0.6014339783515079,-0.007423639786980685,0.49454613924203666,0.2,0.6014339783515079,0.6276444114721783,0.8415569843240531,break,click,0.30185791240313775,0.13040375530326193,0.3,0.27982295196706286
950,23148.90703743339,150.58166422537215,0.7524316806435114,0.5945362420285275,-0.036991057748037015,0.3657232698363789,0.2,0.5945362420285275,0.5683841356853953,0.8200030054449061,break,click,0.3091593815910871,0.1494373830750685,0.3,0.29829448061846797
951,23166.029530769905,175.20812775567052,0.7028533503912008,0.5900424165988063,-0.024099407138339024,0.2704570908283893,0.2,0.5900424165988063,0.4903022452726963,0.702054289075053,break,click,0.3040422226369635,0.2193901223664263,0.3,0.4559785328258732
952,23200.19344810507,298.5606100123833,0.6361964378631038,0.608923765979276,0.10125656484822465,0.4743127734352595,0.2,0.608923765979276,0.42356174814774983,0.5179601897797482,break,click,0.3000034108382188,0.3129668140614826,0.3,0.6886283120419157
953,23221.616534526423,56.014337822204276,0.3433996232662042,0.5404507203402865,-0.36720603206841856,0.8867581702367379,0.2,0.5404507203402865,0.791377245585691,0.7475435557733585,break,click,0.30072838438199806,0.129399172022923,0.3,0.3835642335296623
954,23262.957501805296,0.0,0.6323266814468873,0.4986277690825251,-0.22428737961684286,0.6557691423294761,0.2,0.4986277690825251,0.7247958849905846,0.835239121637139,break,click,0.3000000000007679,0.12270145892897462,0.3,0.2709056073203774
955,23273.003144016573,119.45478196035835,0.7378210517746734,0.502282818538496,0.01960123425525956,0.5852706076799776,0.2,0.502282818538496,0.6431068287574991,0.8501893386734058,break,click,0.3275796910347572,0.13138106476027345,0.3,0.26534745182252195
956,23302.04878615991,123.94286145350674,0.6651939618172215,0.49953102661540777,-0.014757260813001827,0.6178910732500341,0.2,0.49953102661540777,0.7095242559189318,0.9046884305845038,break,click,0.30002099977808666,0.08632735009677786,0.3,0.18522098664616926
957,23317.527493908015,77.52585161038417,0.6602570419005548,0.48601282130596024,-0.07249519115215014,0.45693844472844247,0.2,0.48601282130596024,0.6012523247186028,0.8599591286338522,break,click,0.3093709757762922,0.13989613417925192,0.3,0.30143349518072216
958,23344.91699344569,87.6248212092583,0.6825649625761621,0.47944919219942816,-0.03519931350630634,0.33791189306656055,0.2,0.47944919219942816,0.5289714815135076,0.7523648292172943,break,click,0.3000213590561316,0.2719100217887352,0.3,0.574831046060235
959,23356.411410460136,208.7970183250095,0.7098705935587589,0.5048991119893896,0.13648237748621317,0.6175397353903818,0.2,0.5048991119893896,0.47876145307253704,0.6377165021253157,break,click,0.31747030676568655,0.39344756001219605,0.3,0.8129951296173225
960,23366.072416633244,62.10533243111539,0.6367925838390978,0.48459786723320875,-0.10887115453094653,0.9043056815041778,0.2,0.48459786723320875,0.8910377751517292,0.7840177636780705,break,click,0.3046773607044554,0.24824791577043956,0.3,0.5459393369106829
961,23384.5089315338,227.8087817927562,0.7907601943530942,0.5210608819459657,0.19554320718428353,1.0,0.2,0.5210608819459657,0.7809358228395701,0.723007556361861,break,click,0.304506693605571,0.41378989738856076,0.3,0.8014461152405322
962,23393.267992727033,1712.512296590541,0.634003514143804,0.6103688377659859,0.47893911805403433,1.0,0.2,0.6103688377659859,0.8902010542431411,0.683934067744107,break,click,1.8288631177717005,0.4536014056575216,0.3,1.0
963,23400.078818722195,880.9504169189573,0.23910061840818647,0.6830235057836704,0.38963116223401406,1.0,0.2,0.6830235057836704,0.7717301855224559,0.6220869687745741,break,click,0.566740533682407,0.2956402473632746,0.3,1.0
964,23406.712305512472,633.1511816916842,0.1802380079564406,0.7200443033783671,0.19853447530915502,1.0,0.2,0.7200443033783671,0.7540714023869322,0.6721862243856647,break,click,2.281303316217455,0.27209520318257624,0.3,1.0
965,23480.436550907973,227.87618794705833,0.23572593314477422,0.6608705222070854,-0.3173361018721571,0.9043056815041778,0.2,0.6608705222070854,0.7707177799434323,0.7279309308500954,break,click,0.3000000000000053,0.24216466348849497,0.3,0.8228766058761532
966,23500.616051146244,208.1320127063811,0.6482962239990513,0.6465948363582957,-0.07655739432458342,0.6687457539921505,0.2,0.6465948363582957,0.7381966317333573,0.7763715969350666,break,click,0.3031393697556518,0.26985840723695415,0.3,0.5875191470567291
967,23512.44263651757,101.46631190008836,0.7517371495242902,0.6197629857116618,-0.14389337172104022,0.49454613924203666,0.2,0.6197629857116618,0.6536487787030235,0.8125853928345718,break,click,0.3084802267518173,0.21790669631600373,0.3,0.43520857473715013
968,23537.48563664639,143.7527445386776,0.729403879759791,0.6057086922514259,-0.07537011515841918,0.3657232698363789,0.2,0.6057086922514259,0.5614757954202791,0.8153162898961341,break,click,0.30005326872215404,0.1889603747999444,0.3,0.3842520304166941
969,23547.750137885174,116.90777487227362,0.732859460104419,0.5883400504355113,-0.0931442436088743,0.2704570908283893,0.2,0.5883400504355113,0.4993040781866618,0.7656348174998433,break,click,0.45171548215294594,0.21780780976240607,0.3,0.4416720169871562
970,23577.70637758485,260.379809956052,0.7368152082032319,0.608020565451066,0.1055423161111696,0.4850271515926219,0.2,0.608020565451066,0.45374737924978825,0.6656027813243294,break,click,0.3000153119393227,0.2849224678398276,0.3,0.5759196401169444
971,23866.23457574483,4.159038900366459,0.14843820111993153,0.5094518292889244,-0.5286026662656421,0.9043056815041778,0.2,0.5094518292889244,0.7445314603359794,0.8078693180147591,break,click,0.3,0.09391438081917414,0.3,0.362079149011319
972,23876.991832957134,111.5525989866149,0.6496567598211797,0.5010265942623223,-0.045182700645065965,0.6687457539921505,0.2,0.5010265942623223,0.7386047924799958,0.8813560547618946,break,click,0.3299442241002968,0.11351711597271957,0.3,0.24685001632656056
973,23885.37515476152,0.0,0.719072091780458,0.4746427989809778,-0.14149054837209335,0.49454613924203666,0.2,0.4746427989809778,0.6438492613798737,0.8239121350084121,break,click,0.3004527907397562,0.19779672285291627,0.3,0.4056296674055462
974,23901.166293506005,113.98797953242327,0.5993466407532841,0.46858540137955257,-0.03248450418880661,0.3657232698363789,0.2,0.46858540137955257,0.5224586237183271,0.7141419628607826,break,click,0.3058837500848728,0.31312541630446933,0.3,0.7120716175789475
975,23920.725876890232,245.40399995791668,0.6863503277191161,0.5024008268074485,0.18134476242740133,0.7524389729940635,0.2,0.5024008268074485,0.4853513384710709,0.655712570397545,break,click,0.30661144168032717,0.38373236762015445,0.3,0.808640497360338
976,23945.941612597075,47.58933127912963,0.08715873820615325,0.4279367190318758,-0.3993347936054598,0.9043056815041778,0.2,0.4279367190318758,0.726147621461846,0.7372807519310138,break,click,0.30001557560058084,0.16420861866455896,0.3,0.6991662048930659
977,23967.841395335683,191.782724519697,0.7282777742488111,0.4607425586780377,0.17593057374215104,1.0,0.2,0.4607425586780377,0.7621910968082852,0.7421279853879051,break,click,0.3009122907318436,0.38892154228351233,0.3,0.7915993239423561
978,23975.169620229484,573.1265157476789,0.6991996721032625,0.5612980947154292,0.5392574413219623,1.0,0.2,0.5612980947154292,0.9097599016309786,0.7068848541691402,break,click,0.4582313793444489,0.47967986884130503,0.3,1.0
979,23987.93782231958,328.9421619710918,0.023665649619206322,0.5355115604817161,-0.1382875674419613,0.9043056815041778,0.2,0.5355115604817161,0.7070996948857619,0.6366188212717023,break,click,0.312000805871414,0.20946625984768255,0.3,1.0
980,23993.933342142755,700.5230778767456,0.1432553279457552,0.6122944566602282,0.41176995083709345,1.0,0.2,0.6122944566602282,0.5866843629173685,0.6654870035655787,break,click,2.15046294712494,0.2573021311783021,0.3,1.0
981,24070.4032436917,298.1565235232621,0.09875276703525383,0.576823611351742,-0.1902224187385237,0.9043056815041778,0.2,0.576823611351742,0.7296258301105761,0.7407832952900684,break,click,0.3000000000000017,0.2299383838253633,0.3,0.9600723223539809
982,24109.1469893359,154.8637051022599,0.0,0.5053599635902788,-0.3832439799739171,0.6687457539921505,0.2,0.5053599635902788,0.5437077645336419,0.7246158838085272,break,click,0.3000001659383444,0.17565723680999934,0.3,0.8782861840499967
983,24128.76433760558,122.34069391068412,0.6574048588432784,0.5009347108421623,-0.02373166678028449,0.49454613924203666,0.2,0.5009347108421623,0.62534909149872,0.8045955836891593,break,click,0.30118771270505745,0.24883927508903284,0.3,0.5374940177323198
984,24207.850503059737,30.346647687592206,0.7189963900936303,0.4816344294142543,-0.10350320618585696,0.3657232698363789,0.2,0.4816344294142543,0.558353548520431,0.8066508578654958,break,click,0.30000000000000004,0.22797100799048725,0.3,0.4675383164444338
985,24227.3407782755,153.9229162640911,0.656258837999626,0.4888878723625416,0.03889863491567258,0.39632365421474164,0.2,0.4888878723625416,0.4763238915552239,0.7294858737082867,break,click,0.3004530023410374,0.2699050879495982,0.3,0.5835741078886472
986,24244.252584913054,70.95634580725965,0.6647913962494322,0.4762457886213332,-0.06779674197875096,0.5342790150058856,0.2,0.4762457886213332,0.6539275161506923,0.8095172511732986,break,click,0.30150547105382025,0.1758736011147611,0.3,0.3774787521634023
987,24265.068169545335,172.94734035079438,0.711331122619498,0.49407309245533365,0.09560394812690881,0.6759265609050119,0.2,0.49407309245533365,0.5755493511384933,0.7532279129235762,break,click,0.3005133415495878,0.230903229563716,0.3,0.47654853667176655
988,24281.54258377048,182.10055659648782,0.7610089270828323,0.5153413562107629,0.11405706683169231,1.0,0.2,0.5153413562107629,0.9283026781248497,0.8937976063868687,break,click,0.3059880564059882,0.11450448721811271,0.3,0.22700966812939782
989,24298.124917211637,180.91543090995663,0.6755941862451607,0.5244038210857155,0.048600025549263126,1.0,0.2,0.5244038210857155,0.9026782558735481,0.8412351522026261,break,click,0.310525599547165,0.1786775780519567,0.3,0.37997291102351305
990,24317.501379726174,185.79242714189212,0.7522095950007734,0.5400564257999677,0.08394151034203634,1.0,0.2,0.5400564257999677,0.925662878500232,0.7935336025786154,break,click,0.30025827048173304,0.28114922069324827,0.3,0.5613062338279612
991,24336.9256128221,154.44625201854006,0.6263072496702392,0.5337453386591025,-0.03384498594167307,0.9043056815041778,0.2,0.5337453386591025,0.8878921749010718,0.7397565202414876,break,click,0.30047583683888063,0.3688918979737924,0.3,0.8188083182492982
992,24343.83522686601,955.1908338233217,0.6504726265617103,0.6206880191089661,0.46625466134089755,1.0,0.2,0.6206880191089661,0.738849552502155,0.6748522458585762,break,click,3.1982706240051098,0.4601890506246842,0.3,1.0
993,24355.432140729095,2586.895130392547,0.1884332038172305,0.691418465536186,0.3793119808910339,1.0,0.2,0.691418465536186,0.7565299611451691,0.6385503828986681,break,click,0.4242103713603155,0.2753732815268922,0.3,1.0
994,24369.81480137937,250.30139329137032,0.07765346236749371,0.6280716842456231,-0.33971499273822625,0.9043056815041778,0.2,0.6280716842456231,0.7232960387102481,0.6866692608116852,break,click,0.3060888003834733,0.2310613849469975,0.3,1.0
995,24375.745801147554,404.6535312433337,0.05782095546740472,0.6106657392463098,-0.09334429245775355,0.6687457539921505,0.2,0.6106657392463098,0.5610540511738633,0.6896306082546954,break,click,1.6855231495894079,0.2231283821869619,0.3,1.0
996,24390.116703488355,2087.5515878238402,0.12657294787568915,0.6832650439343182,0.38933426075369015,1.0,0.2,0.6832650439343182,0.4660995182084432,0.6218683773480475,break,click,0.33874325500747837,0.25062917915027566,0.3,1.0
997,24402.963152122553,93.41103009632522,0.0909291468271428,0.5861071395097653,-0.5210366829003403,0.9043056815041778,0.2,0.5861071395097653,0.7272787440481427,0.8058290854216793,break,click,0.3064215581054025,0.11904206669270605,0.3,0.5036224195907193
998,24414.816212360136,151.8595167763158,0.640889449152865,0.5719655958527367,-0.07583801896293807,0.6687457539921505,0.2,0.5719655958527367,0.7359745992795014,0.8971510549538276,break,click,0.3232725198058924,0.10776227985341975,0.3,0.236136551033572
999,24424.49951606361,61.96232384870683,0.7242837512992356,0.5472823605786113,-0.13237081539223527,0.49454613924203666,0.2,0.5472823605786113,0.6454127592355071,0.92954342642376,break,click,0.8054791711915448,0.0710609281591022,0.3,0.14510714547115988
1000,24447.41490394485,183.28295474494064,0.6133564096816726,0.5451378650866567,-0.01150046230659929,0.3657232698363789,0.2,0.5451378650866567,0.5266615543968436,0.893269062515651,break,click,0.30002762000258976,0.08875352659692813,0.3,0.19929271036914464
1001,24461.267240951456,173.2559638749495,0.6461103396011788,0.5441099023220454,-0.0055127404423804816,0.2704570908283893,0.2,0.5441099023220454,0.4732793420356898,0.7863320263639527,break,click,0.3223007193483216,0.16728726352755957,0.3,0.3649021777121648
1002,24474.535731002237,180.87966232893757,0.6675963639244075,0.5470538700029812,0.015787857551330275,0.2606410051930236,0.2,0.5470538700029812,0.43298172596614093,0.6145634346080312,break,click,0.3049405553220967,0.28324146792690774,0.3,0.6064627226460885
1003,24540.357355850385,54.69327152444631,0.6454253083103402,0.5179692232864076,-0.15597462644225324,0.3070843882412441,0.2,0.5179692232864076,0.49737576826290697,0.5231336533879867,break,click,0.30000000000031124,0.3187022666426633,0.3,0.6955980986503454
1004,24574.54124837243,403.6989055913094,0.6654260582605598,0.5775217884312859,0.319367437833009,1.0,0.2,0.5775217884312859,0.45030223014254744,0.36478110187080476,friction,click,0.3000048068348612,0.4230289538208968,0.3,0.9074555842098697
1005,24591.12661599027,180.8823337007695,0.0519532940568849,0.5168364555944518,-0.3254422242768816,0.9043056815041778,0.2,0.5168364555944518,0.7155859882170654,0.4829358716490723,break,click,0.30285701937463033,0.17562785190780442,0.3,0.7954833035641963
1006,24605.869436826906,244.1866478532847,0.621557137387158,0.5353297336632331,0.09917542291573311,0.987451498178736,0.2,0.5353297336632331,0.7301749057497893,0.5971137558866895,break,click,0.3337153599699833,0.28920771173675963,0.3,0.6446566610295799
1007,24617.44063694279,155.55862676069123,0.23041754942605755,0.49324846576603243,-0.22567267549934028,0.9043056815041778,0.2,0.49324846576603243,0.7691252648278172,0.7676452282762862,break,click,0.3560449018070023,0.11807100735578197,0.3,0.4041216132079486
1008,24634.50891245332,175.7646809807772,0.7402146716337358,0.5112549253273262,0.09656472127680693,0.9809247440814206,0.2,0.5112549253273262,0.7657721660237626,0.9030023406594212,break,click,0.3017237750075207,0.09166210821008729,0.3,0.18477064960322698
1009,24648.996282026725,165.66154316969877,0.6539382850652732,0.5155047988462798,0.02279114616743383,1.0,0.2,0.5155047988462798,0.8961814855195819,0.9337644626606003,break,click,0.30491675405776214,0.06436864108325255,0.3,0.13945425400200562
1010,24668.411115528175,185.42523167820835,0.6921539771936653,0.5271319219939539,0.0623537293483134,1.0,0.2,0.5271319219939539,0.9076461931580996,0.8849109215206069,break,click,0.3039300662110501,0.1291444917930922,0.3,0.27082175260845665
1011,24764.88077030631,87.07401326685354,0.8207279091289917,0.5256540602213042,-0.007925450845891024,0.9043056815041778,0.2,0.5256540602213042,0.9462183727386975,0.8387681276152148,break,click,0.3,0.22716240970338145,0.3,0.42999471755918484
1012,24782.831803046873,167.12130401396797,0.7593383145543489,0.5373861657645631,0.06291672707333018,0.8968047585727287,0.2,0.5373861657645631,0.7715092588999465,0.7712972040500738,break,click,0.3051667967536877,0.354519982197161,0.3,0.7037822523541212
1013,24832.62756274392,156.6398433813338,0.7148496887415786,0.5403395735606175,0.015838482832893463,1.0,0.2,0.5403395735606175,0.9144549066224735,0.7355917571144033,break,click,0.30000000149832023,0.46728751581140693,0.3,0.9616159104741882
1014,24839.50972035148,1220.547461855661,0.7025207378207633,0.6260526245710564,0.45966042643938254,1.0,0.2,0.6260526245710564,0.9107562213462289,0.6852218766603383,break,click,6.821607936978917,0.48100829512830534,0.3,1.0
1015,24848.719697588458,2084.695706186432,0.1608142934289155,0.6957827310186421,0.37394737542894363,1.0,0.2,0.6957827310186421,0.7482442880286746,0.6263898997192643,break,click,2.2720238222303255,0.26432571737156624,0.3,1.0
1016,24854.430172247852,2626.7518717248213,0.25330422322221013,0.7525102385320482,0.3042172689813579,1.0,0.2,0.7525102385320482,0.775991266966663,0.6814567556468901,break,click,3.473794885939343,0.3013216892888841,0.3,1.0
1017,24885.064029757556,137.1032034953393,0.4429744587005557,0.6854472869334386,-0.3596440048125963,0.9043056815041778,0.2,0.6854472869334386,0.8328923376101667,0.7457094391499491,break,click,0.3000029552912792,0.32773873144766386,0.3,0.8688960989974656
1018,24918.848099292954,230.87804717627563,0.7076278052397986,0.6774223805444087,-0.04303582534319472,0.6687457539921505,0.2,0.6774223805444087,0.7559961061055814,0.7853467773663397,break,click,0.30000395152911524,0.3025992980514965,0.3,0.6264332784044528
1019,24938.19321079491,62.03117515650931,0.7190789630321305,0.6326053583378101,-0.24034393008270682,0.49454613924203666,0.2,0.6326053583378101,0.6438513227553756,0.8182806652781329,break,click,0.3004653904617055,0.22567165053876387,0.3,0.4627912903555206
1020,24958.392026731904,207.9329804826522,0.7872252021533086,0.6365069652766953,0.020923468342159413,0.4567330566759683,0.2,0.6365069652766953,0.5788221921383344,0.8397280043341934,break,click,0.30066052523033865,0.18642429122674983,0.3,0.3620661926811519
1021,24981.520359929902,129.71103340295636,0.7999199369637018,0.6226320395544822,-0.07440820504114898,0.5076323545757856,0.2,0.6226320395544822,0.6767862201211697,0.922262708882457,break,click,0.30012776388578044,0.0820463440876244,0.3,0.1577911488134892
1022,24989.96682065295,71.03567040366852,0.868496982687571,0.6040616490330596,-0.09958896020611108,0.37540069542295157,0.2,0.6040616490330596,0.6096246251945323,0.9045531475479089,break,click,0.31154439661700123,0.10432655351890921,0.3,0.19058601304699962
1023,25006.263625020998,184.08516984360702,0.8458619659778157,0.6131941840125407,0.048975796260357085,0.4294304539525775,0.2,0.6131941840125407,0.5379531677743555,0.8715672903770678,break,click,0.30918273153855863,0.12552681755908265,0.3,0.23317179014692457
1024,25027.62689173579,196.59914637925286,0.8103112755766217,0.6202260538825443,0.03771038674983629,0.7685854021289538,0.2,0.6202260538825443,0.7476790438256044,0.925607005943868,break,click,0.3001568928788174,0.07623605158033916,0.3,0.14545408598958742
1025,25048.029907589756,117.62966892627796,0.798819201819815,0.6064683878587368,-0.07377936681478936,0.8655447308143702,0.2,0.6064683878587368,0.9139281620728256,0.8834947914154874,break,click,0.30034980697826974,0.13116747183968258,0.3,0.2524744622960221
1026,25076.009208195737,214.44424521168332,0.8722177810091956,0.6246857617991958,0.09769580916046505,0.952054968991451,0.2,0.6246857617991958,0.7863546019569316,0.8200845209134466,break,click,0.3000185230832752,0.24001085318542145,0.3,0.4372681517960396
1027,25086.504558666456,114.33634382651346,0.7548484430598892,0.6052292360441749,-0.10434111048610939,0.9043056815041778,0.2,0.6052292360441749,0.9264545329179666,0.7840945022973863,break,click,0.39150027154642353,0.299821406769383,0.3,0.5973259329196012
1028,25147.47127175713,236.19446202688994,0.8159388096091006,0.6235002084940351,0.0979832462939878,0.9844710566243727,0.2,0.6235002084940351,0.7884894074163721,0.7202979776207139,break,click,0.3000000000105267,0.4727137272688532,0.3,0.8980541568822502
1029,25152.702974379357,344.05625280626424,0.8295467542375086,0.664774210557034,0.2213434846325495,1.0,0.2,0.664774210557034,0.9488640262712525,0.6863354278242497,break,click,0.4752512780943372,0.5318187016950034,0.3,1.0
1030,25158.582405619796,1224.6082496003874,0.4269416479473851,0.7272838884362298,0.335225789442966,1.0,0.2,0.7272838884362298,0.8280824943842154,0.6242572625346386,break,click,3.6586261752244518,0.3707766591789541,0.3,1.0
1031,25171.129492496035,2390.993247748454,0.7749093831591418,0.7781373633870837,0.2727161115637702,1.0,0.2,0.7781373633870837,0.9324728149477425,0.6513957280732662,break,click,0.38579718120528883,0.5099637532636567,0.3,1.0
1032,25176.89992713605,207.9566055003669,0.470956511133523,0.7254196994833697,-0.2827133509448636,0.9043056815041778,0.2,0.7254196994833697,0.8412869533400569,0.6967716603933657,break,click,2.5105857941195837,0.3883826044534092,0.3,1.0
1033,25285.14969344543,277.1368569448883,0.724798523774806,0.7223244094422437,-0.016599366414856265,0.6687457539921505,0.2,0.7223244094422437,0.7611473216660837,0.7375366002326275,break,click,0.3,0.4605324601318028,0.3,0.9400167684568447
1034,25350.03435807085,221.93225599810685,0.8624177745606763,0.7197697276392967,-0.013700202164272035,0.49454613924203666,0.2,0.7197697276392967,0.6868529662139393,0.7789838769306777,break,click,0.30000000000195914,0.36586373601480693,0.3,0.6713501226391129
1035,25380.122708589657,199.4127260731647,0.8422100671216075,0.7105583175146194,-0.049398786487037105,0.3657232698363789,0.2,0.7105583175146194,0.5953176516288241,0.8137917208823802,break,click,0.3000044877138239,0.2636319581332797,0.3,0.49104079270289447
1036,25389.286981011068,65.47164601941213,0.8724221892665162,0.6746613414175716,-0.19250766535709618,0.2704570908283893,0.2,0.6746613414175716,0.5411728969352909,0.8052510445376515,break,click,0.30904140075661135,0.24908729296115556,0.3,0.45373663969663547
1037,25414.05167879089,266.5084007355928,0.7482728903487682,0.6807422530238916,0.03261060467630339,0.30269787300545636,0.2,0.6807422530238916,0.45718468389344913,0.708308388819075,break,click,0.3001498841488044,0.303924900680624,0.3,0.6086908219958762
1038,25434.680523420815,174.51292423703677,0.8622054228129911,0.6748687371887341,-0.031498386321100025,0.4211811817684036,0.2,0.6748687371887341,0.6381121646760813,0.8197365745328626,break,click,0.30163944658585823,0.18560128307859536,0.3,0.34062645760013877
1039,25454.198553562626,122.96322848987435,0.8115818356871913,0.653354944742082,-0.1153737837327955,0.31146893437682643,0.2,0.653354944742082,0.5501318397715612,0.7725191085996007,break,click,0.3018442853721002,0.20604550758764686,0.3,0.39274237790829725
1040,25463.227799599365,66.45073105313838,0.77695871118198,0.6194523606551866,-0.18181217533466904,0.2303353076566955,0.2,0.6194523606551866,0.4859133529475823,0.6521921713231394,break,click,0.398079566179953,0.2823446468869325,0.3,0.5527677684770016
1041,25487.593457180796,320.1226962141924,0.8830212246318585,0.6608882446032692,0.2222116219284832,0.7438900750378894,0.2,0.6608882446032692,0.4779229795195664,0.5328302030159336,break,click,0.3006968999323653,0.3805034203913374,0.3,0.6878119684906178
1042,25510.8364039992,154.88569621255584,0.7261488376034421,0.6414567813894085,-0.10420670553585343,0.9043056815041778,0.2,0.6414567813894085,0.9178446512810325,0.8730346122079895,break,click,0.30042807574946734,0.09896733691157371,0.3,0.20178491769606333
1043,25531.26595211286,146.84612617516663,0.8329534131836,0.6337327278407043,-0.04142241707865024,0.6687457539921505,0.2,0.6337327278407043,0.7935937884887219,0.9231967619307759,break,click,0.3005636427440664,0.07069966188031122,0.3,0.1325996489844561
1044,25546.527426521698,117.94404339841846,0.8045522407704644,0.6180642651516475,-0.08402655320744912,0.49454613924203666,0.2,0.6180642651516475,0.6694933060768757,0.8905076040266704,break,click,0.3099142827769747,0.10068342761339996,0.3,0.19294633144383821
1045,25584.744416041973,62.79929502889405,0.8567193947209226,0.5973277436350031,-0.11120544900506857,0.3657232698363789,0.2,0.5973277436350031,0.5996704499086186,0.8802957657787013,break,click,0.3000001285761632,0.109830976289768,0.3,0.20238336813995395
1046,25613.79328761261,123.9290824514865,0.8812669271258411,0.5969952805714656,-0.001782927007724422,0.2704570908283893,0.2,0.5969952805714656,0.5438263182930885,0.872206554465017,break,click,0.3000169167052147,0.11006975702969672,0.3,0.199218838278296
1047,25619.35991211546,0.0,0.8455229588214532,0.5645058387408612,-0.17423380116073894,0.20000651862289462,0.2,0.5645058387408612,0.48635970443525467,0.7688309471817738,break,click,0.3000010460167266,0.17993090041414633,0.3,0.3343140658330873
1048,25626.45455619183,84.57083872582831,0.8423246469767061,0.5574889648004394,-0.037629966845222795,0.147907408783868,0.2,0.5574889648004394,0.45083284440081883,0.6427892305690158,break,click,1.8199795249798556,0.27399590179339295,0.3,0.5103011078774964
1049,25706.321082919676,375.6267015620743,0.876598712866546,0.6228176978840392,0.3503437685854264,0.996813480567953,0.2,0.6228176978840392,0.43555204932259606,0.49819894245700597,break,click,0.30000000000000004,0.39473068668151334,0.3,0.7168586658408789
1050,25722.167421826874,189.31817737644442,0.6450206201082189,0.6109470562218732,-0.06365966610937424,0.9043056815041778,0.2,0.6109470562218732,0.8935061860324657,0.8235928252720379,break,click,0.31341666062968404,0.12430145231230398,0.3,0.27139566338236754
1051,25737.000900940457,40.44904067384752,0.9235911631502569,0.5925629097729684,-0.09859017380443535,0.6687457539921505,0.2,0.5925629097729684,0.820785113478719,0.9199955555640249,break,click,0.31331891323371386,0.07592908460025935,0.3,0.13334074867435308
1052,25765.030169764756,171.2495616667246,0.9958020146789124,0.6148274815255682,0.11940004964989348,0.8453795138676278,0.2,0.6148274815255682,0.7268682382494102,0.888162763229787,break,click,0.3000080887148372,0.11094375892218543,0.3,0.18542520640006044
1053,25794.31611975229,122.92583991751414,0.87770019143743,0.6106654467883661,-0.022320085909960485,0.9043056815041778,0.2,0.6106654467883661,0.9633100574312289,0.865946062799237,break,click,0.3000115612950803,0.1335548750748271,0.3,0.24235112237206335
1054,25809.55818679473,157.45895837600008,0.9549444788072101,0.6225306480796743,0.06363049058523906,0.8985891673525008,0.2,0.6225306480796743,0.830191108175805,0.8152932286303796,break,click,0.30285103724781237,0.2136490535351902,0.3,0.36710860216182195
1055,25828.048387400348,194.69772539438586,0.8457174675707972,0.6306794485739637,0.04370024244870663,1.0,0.2,0.6306794485739637,0.9537152402712391,0.7776456301030593,break,click,0.3066858882877393,0.2641361331348115,0.3,0.4906976009080366
1056,25852.847346797418,241.94563586039632,0.8291786819408264,0.6467796617830307,0.08634193722194494,1.0,0.2,0.6467796617830307,0.9487536045822479,0.7271494546058378,break,click,0.30018330240280566,0.3598429966185298,0.3,0.6768145650912374
1057,25864.69443670006,202.58139507024347,0.9689914318869699,0.6637377992155659,0.09094279799825855,1.0,0.2,0.6637377992155659,0.990697429566091,0.6813438252457944,break,click,0.3987088124225039,0.5302193386638046,0.3,0.902352674008996
1058,25870.303056962817,213.9563642717186,0.8634489304695941,0.670344840089123,0.03543212135887941,1.0,0.2,0.670344840089123,0.9590346791408783,0.628177538235163,break,click,0.4289768657004345,0.5453795721878376,0.3,1.0
1059,25885.784656006606,310.0454924858547,0.8034463673918719,0.6925227328724436,0.11893520921413137,1.0,0.2,0.6925227328724436,0.9410339102175616,0.5787355283516831,break,click,0.3055845767567849,0.5213785469567488,0.3,1.0
1060,25891.005406809953,5631.373935941074,0.9501392928068548,0.7498581334550085,0.3074772671275564,1.0,0.2,0.7498581334550085,0.9850417878420564,0.5594119986290502,break,click,8.277872581860258,0.580055717122742,0.3,1.0
1061,25901.779885222695,2784.357520687081,1.0,0.7965021805249267,0.2501418665449915,1.0,0.2,0.7965021805249267,0.9999999999999999,0.5611315160989762,break,click,0.742852198442316,0.6,0.3,1.0
1062,25912.00050689164,469.6387514846025,0.792378218976858,0.831322794242284,0.1867353683192554,1.0,0.2,0.831322794242284,0.9377134656930574,0.6049028744963967,break,click,0.39733752106938813,0.5169512875907432,0.3,1.0
1063,25917.603441645708,107.08673692197972,0.7928764894454956,0.775190339908403,-0.30102612836706155,0.9043056815041778,0.2,0.775190339908403,0.9378629468336487,0.6549178345316075,break,click,0.35358279375681745,0.5171505957781983,0.3,1.0
1064,25946.419390631305,249.86163057129215,0.9305005542225546,0.7756354401039145,0.002386975416989401,0.7454803794318767,0.2,0.7756354401039145,0.8228579308004083,0.6934173446778416,break,click,0.3000082201231179,0.5012190039753022,0.3,0.875950384108211
1065,25960.295094028403,172.96420450309986,0.8485560106840314,0.7504335628965701,-0.1351521791330239,0.6849349197261079,0.2,0.7504335628965701,0.8090159571153036,0.7420331592096339,break,click,0.31239854262542244,0.3478827026018815,0.3,0.6449170443158383
1066,25971.648593707545,158.54142342620943,0.8719317917080848,0.7287487577202505,-0.11629088775976593,0.5065182368045014,0.2,0.7287487577202505,0.6976505678051802,0.7808966320336032,break,click,0.34430610869047334,0.2671954171833233,0.3,0.48689632166526886
1067,26210.800272070002,27.59754832243791,0.9613053094173349,0.6889188413386363,-0.2135991676085356,0.374576790913412,0.2,0.6889188413386363,0.6369204687847273,0.8235426931390052,break,click,0.3,0.20628637492991234,0.3,0.35291457165129425
1068,26220.649455680115,121.83750933102318,0.9365590600247854,0.6761750039440474,-0.06834242466246465,0.2770043842372924,0.2,0.6761750039440474,0.564758037964203,0.814144249781299,break,click,0.43185037686117905,0.20160156423123063,0.3,0.35084106501641554
1069,26243.403465877338,184.58284775282385,0.930392347791806,0.6798577433902857,0.01974972964288546,0.27589985747093604,0.2,0.6798577433902857,0.5150330243557752,0.7583824470651694,break,click,0.3002580481341882,0.23845575268770905,0.3,0.4167663387178864
1070,26258.97543250162,154.12311481952398,0.9193960143692599,0.6747287186554708,-0.02750584268125078,0.33879677225832433,0.2,0.6747287186554708,0.6006079077219959,0.7981771568159871,break,click,0.3049105963156163,0.18195761217514886,0.3,0.3204842241578467
1071,26287.79517749183,62.457179985857266,0.9374652114100723,0.6508745637424879,-0.12792463796811304,0.2505445974165908,0.2,0.6508745637424879,0.5474740143665436,0.7679922465316994,break,click,0.3000034456346002,0.19625231559532913,0.3,0.34131663506975707
1072,26294.991400338782,83.37707332867227,0.8273161582189356,0.6260749098718749,-0.13299514297217974,0.18528097205949468,0.2,0.6260749098718749,0.47112737516005987,0.6630747360700694,break,click,1.7277324931634228,0.25554648830986015,0.3,0.4813218138110482
1073,26349.42924236578,352.69583225724654,0.918262173681103,0.6771539870708949,0.2739259672902348,0.8363319100359843,0.2,0.6771539870708949,0.4663888471905693,0.5514223564991917,break,click,0.3000000000670345,0.36354326546893534,0.3,0.640825215914343
1074,26368.49609489314,188.8093483092624,0.6329432633663883,0.6539066007773067,-0.12467067000112275,0.9043056815041778,0.2,0.6539066007773067,0.8898829790099164,0.8744581961311146,break,click,0.3035545274813092,0.08752722841916764,0.3,0.19314124380574071
1075,26386.07067253216,102.42066904660649,0.9199738732632079,0.6416193541451479,-0.06589382783744457,0.6687457539921505,0.2,0.6416193541451479,0.8196999265126043,0.9190883865571553,break,click,0.30084198831163056,0.07659492265368759,0.3,0.13485269710925496
1076,26399.649017020278,132.56402513394684,0.8958689738365466,0.6364019437350861,-0.027979835809441078,0.49454613924203666,0.2,0.6364019437350861,0.6968883259967004,0.9020280248470722,break,click,0.30678321399796593,0.08798924784351413,0.3,0.15758865891559226
1077,26416.459971965414,178.45506158280193,0.9656326231713708,0.6493585009677554,0.0694831948291017,0.5781323728933241,0.2,0.6493585009677554,0.6323444184437531,0.9169038133869868,break,click,0.3058760199101665,0.07493402472171763,0.3,0.12781856711058603
1078,26439.116058403775,158.89769884989607,0.9326783502827246,0.6522679604759598,0.015602797735976948,0.964555341378775,0.2,0.6522679604759598,0.9351325133081169,0.9500218612711295,break,click,0.30050786259258655,0.045750344410135285,0.3,0.07983359349484642
1079,26449.20035269774,59.498461916077105,0.8620356987561646,0.6248797452677302,-0.14687703370278116,0.9043056815041778,0.2,0.6248797452677302,0.9586107096268494,0.8950110639630294,break,click,0.311329920319866,0.09929965358690893,0.3,0.18226330939341595
1080,26476.5024478927,175.81068286971615,0.9570048249598518,0.6385640639134567,0.07338602079934098,0.9229779928877557,0.2,0.6385640639134567,0.8308092120215974,0.8322309020911363,break,click,0.3000220956936182,0.18587601138291282,0.3,0.3189351335676508
1081,26502.986336957856,226.55282935368348,0.9256926257984746,0.6586046475436919,0.10747328567788494,1.0,0.2,0.6586046475436919,0.9777077877395423,0.7969207479608977,break,click,0.30007394125235515,0.2432865570934174,0.3,0.4266111654978262
1082,26517.542876870797,164.87434612577655,0.9114876932926296,0.6592073443574026,0.003232131759843604,1.0,0.2,0.6592073443574026,0.9734463079877888,0.7464945880584433,break,click,0.31212193943225586,0.33595820659880427,0.3,0.5950427485044204
1083,26559.33145697286,100.50592745056534,0.8968488142627677,0.6433292936861879,-0.08515052791281208,0.9043056815041778,0.2,0.6433292936861879,0.9690546442788303,0.6960554097600744,break,click,0.3000000077983589,0.45162980366315236,0.3,0.8083011544479756
1084,26572.17410376735,467.19341394453744,0.9195385230181856,0.7098378132057307,0.35667070631381215,1.0,0.2,0.7098378132057307,0.8195693214390976,0.6311068653324217,break,click,0.4338204961697433,0.5678154092072742,0.3,1.0
1085,26588.416387333324,554.1092767801684,0.9338817835815819,0.7639444643060893,0.2901621867942693,1.0,0.2,0.7639444643060893,0.9801645350744745,0.5971663750143359,break,click,0.33915718113942933,0.5735527134326328,0.3,1.0
1086,26694.117665702277,22.705496442746064,0.7936041217429645,0.7007756615007499,-0.33876053288117447,0.9043056815041778,0.2,0.7007756615007499,0.9380812365228893,0.5898839355421777,break,click,0.3,0.5174416486971858,0.3,1.0
1087,26709.314151578936,78.96562466742829,0.9060574875348311,0.6729841382510257,-0.149039886899049,0.6687457539921505,0.2,0.6729841382510257,0.8155250107940911,0.6281684550714239,break,click,0.3079312780320888,0.5624229950139324,0.3,1.0
1088,26715.1628446281,615.522129429524,0.8734593003286044,0.7339629078536963,0.32701586174897435,1.0,0.2,0.7339629078536963,0.6901654239443177,0.6649524651331281,break,click,3.390609250734424,0.5493837201314418,0.3,1.0
1089,26720.57292059804,5545.208637862263,0.7513780931101863,0.7835709435648411,0.26603709214630367,1.0,0.2,0.7835709435648411,0.9254134279330558,0.695246049470226,break,click,4.702697506440483,0.5005512372440746,0.3,1.0
1090,26784.426572578257,281.89460495659995,0.5814810616308381,0.7573789128891074,-0.1404621565536721,0.9043056815041778,0.2,0.7573789128891074,0.8744443184892514,0.7447793039664775,break,click,0.3000000000008165,0.3597691661922353,0.3,0.8316584981379959
1091,26803.522435446594,219.9429284216381,0.8891751495213411,0.7503186452872637,-0.03786267760138917,0.6687457539921505,0.2,0.7503186452872637,0.8104603093900442,0.7914934561781826,break,click,0.30144417896007714,0.3246478318580585,0.3,0.5842456798372766
1092,26817.117517720853,176.53442263779516,0.8065193047386299,0.7267504750148948,-0.12639096462070476,0.49454613924203666,0.2,0.7267504750148948,0.6700834252673254,0.8197130845859685,break,click,0.30173880126808117,0.23156448241388874,0.3,0.44309426116786965
1093,26828.85888122017,153.30417119825307,0.8767005859898649,0.7087057430165126,-0.09676996802214599,0.3657232698363789,0.2,0.7087057430165126,0.6056648072893013,0.8618187747691101,break,click,0.41092048195357445,0.16655006996838295,0.3,0.30244424906783807
1094,26845.089180357,110.90368605193783,0.8564435860823791,0.6822541109252771,-0.14185434241040074,0.2704570908283893,0.2,0.6822541109252771,0.5363793159800498,0.8467980164760582,break,click,0.3004544368192342,0.16399082206160306,0.3,0.3022440884092241
1095,26893.02272155927,50.069323897276625,0.8807904439403129,0.6488251506299908,-0.17927223408352488,0.20000651862289462,0.2,0.6488251506299908,0.4969399499709126,0.790488443838444,break,click,0.3000000011565746,0.2077939154474732,0.3,0.37622275769540203
1096,26900.23478060847,83.19399437901824,0.8830032885716337,0.6295569780605483,-0.10333101337040118,0.147907408783868,0.2,0.6295569780605483,0.4630364368792971,0.6810661096045282,break,click,1.903616529120721,0.2907233058223935,0.3,0.5255289488910988
1097,26986.940650457687,345.9973361915484,0.9643605236137502,0.6827234021301184,0.2851199539857623,0.8337539440687928,0.2,0.6827234021301184,0.4618805925467573,0.5443264416790278,break,click,0.3,0.4063260587666004,0.3,0.6936919771708072
1098,27016.663111123304,60.56026182523593,0.8020882569954402,0.6443144312460969,-0.2059789463508534,0.9043056815041778,0.2,0.6443144312460969,0.940626477098632,0.9067121764246646,break,click,0.3000072794541793,0.0800610622996666,0.3,0.15371665835541548
1099,27025.04937244813,0.0,0.8925906054660641,0.6073897305605109,-0.19801912851306486,0.6687457539921505,0.2,0.6073897305605109,0.8114849461734611,0.9210891551370152,break,click,0.30000010991205,0.07893274848044853,0.3,0.141701279921445
1100,27037.459420041097,145.04376284745862,0.8671467544731829,0.6087860860194376,0.007488350235403729,0.5656002653314034,0.2,0.6087860860194376,0.6882716601876914,0.8830511378223982,break,click,0.3964382818696142,0.11032773753488871,0.3,0.20174816122319372
1101,27063.331469077515,69.57315199372987,0.8909210104670611,0.5945473685804226,-0.07635914079374473,0.5453343217143022,0.2,0.5945473685804226,0.7291015130451716,0.8582790245069659,break,click,0.3000900427466228,0.14886243104567332,0.3,0.26756090016155265
1102,27100.18644311675,195.36033297257126,0.9701951803405384,0.6196743702268006,0.13475063780556074,0.7828339696219211,0.2,0.6196743702268006,0.658632979166973,0.8550327311209801,break,click,0.30000115776452246,0.16408246710294155,0.3,0.27901476840805495
1103,27151.35438093899,93.8087443874601,0.9549621871190781,0.6150252263430389,-0.024932346182936493,0.9043056815041778,0.2,0.6150252263430389,0.9864886561357235,0.8378182873854693,break,click,0.30000000024754164,0.2010086228362301,0.3,0.34538461654842134
1104,27181.48584243686,258.86563785000556,0.8787805565203749,0.6426129770688244,0.14794709922965543,1.0,0.2,0.6426129770688244,0.8073419314897544,0.769903602732994,break,click,0.3000268180063958,0.3024559752024345,0.3,0.5484120982343664
1105,27192.061372138134,56.73474681156844,0.7159680015687663,0.6027622925193517,-0.2137105427699807,0.9043056815041778,0.2,0.6027622925193517,0.9147904004706299,0.7306484378702632,break,click,0.3065729999964199,0.3544922932199644,0.3,0.7288273473533442
1106,27265.44785844939,32.703568744534024,0.8151099473339452,0.5739847193424712,-0.15432785792171155,0.6687457539921505,0.2,0.5739847193424712,0.7882407487338254,0.6679934605870801,break,click,0.3000000000000023,0.526043978933578,0.3,1.0
1107,27275.172918352044,0.0,0.8887919758372039,0.5498202603026696,-0.12958873142386923,0.49454613924203666,0.2,0.5498202603026696,0.6947652265968977,0.6760733526921058,break,click,0.3,0.5555167903348817,0.3,1.0
1108,27280.464248748307,1020.5372931947263,0.8839839643576048,0.6337654441233437,0.4501797396973304,1.0,0.2,0.6337654441233437,0.6078498207996232,0.6324257730440115,break,click,7.277711222190273,0.553593585743042,0.3,1.0
1109,27290.193115707236,3083.6067680483916,0.8660852721498223,0.7020573382348351,0.3662345558766563,1.0,0.2,0.7020573382348351,0.9598255816449467,0.6178096627923209,break,click,0.5863011006090788,0.5464341088599289,0.3,1.0
1110,27295.58827039876,333.6326950602787,0.784270666531488,0.7220318326959162,0.10711886385625735,1.0,0.2,0.7220318326959162,0.9352811999594464,0.6347384762542195,break,click,4.601592777282369,0.5137082666125952,0.3,1.0
1111,27301.057552517945,5485.180567805623,0.7140866861072475,0.7738646604378431,0.2779681673040838,1.0,0.2,0.7738646604378431,0.9142260058321742,0.6832808162369579,break,click,3.3749899978094904,0.485634674442899,0.3,1.0
1112,27394.766116306964,288.12734832634527,0.5267495978827434,0.7458324432469424,-0.15033067608853978,0.9043056815041778,0.2,0.7458324432469424,0.858024879364823,0.7270128679214942,break,click,0.3,0.3737192226014246,0.3,0.9099570707699073
1113,27422.149142275,241.0252251779538,0.6189061449153129,0.720640698805371,-0.13509783931684372,0.6687457539921505,0.2,0.720640698805371,0.7293796080082358,0.7663478344073575,break,click,0.3000733661403024,0.29878265833776424,0.3,0.6675775705038653
1114,27449.1398309939,111.14944235933255,0.6132426842658507,0.6693459525031794,-0.27508255372327994,0.49454613924203666,0.2,0.6693459525031794,0.6121004391254916,0.8026910253268851,break,click,0.30002463480260844,0.21965275295635475,0.3,0.4932723925807987
1115,27464.911605915797,190.21321410281604,0.8368548014564745,0.6668934877947954,-0.013152034146422076,0.3657232698363789,0.2,0.6668934877947954,0.5937110719292842,0.8448435089203167,break,click,0.3075942779943186,0.18437482497584126,0.3,0.3447921658638037
1116,27476.69996607446,101.7953289387849,0.7730692105496014,0.638342128647167,-0.1531147213465136,0.2704570908283893,0.2,0.638342128647167,0.5113670033202166,0.8048724794224391,break,click,0.3053451788848543,0.19872864717224042,0.3,0.3902549946331011
1117,27498.888063827388,216.33219996816416,0.9173412272657477,0.6552631467181503,0.09074373494591204,0.448030698679478,0.2,0.6552631467181503,0.5079051849685431,0.7639874452393641,break,click,0.3002947182668346,0.24328020400921724,0.3,0.42911368012369766
1118,27524.054596478407,166.88830591963705,0.922078794195407,0.6579458274936424,0.014386632779099462,0.9377159553567866,0.2,0.6579458274936424,0.9176732623040448,0.9815359167885995,break,click,0.3002581575757614,0.020207596525157724,0.3,0.0355247483607104
1119,27547.442057750977,102.61909029068967,0.775733810388954,0.6315033852170454,-0.14180505943580335,0.9043056815041778,0.2,0.6315033852170454,0.9327201431166862,0.9294704663264727,break,click,0.3002033623192741,0.07661641251833438,0.3,0.150141847567274
1120,27565.609227776138,198.15964704540477,0.8600438329509436,0.6401216896946541,0.04621809006518229,0.855058166052359,0.2,0.6401216896946541,0.8017209144189249,0.8663705313405635,break,click,0.30203090167396474,0.17318955012284845,0.3,0.318352883059423
1121,27609.49148469871,0.0,0.7579059773029726,0.5914214646867151,-0.2611687010431678,0.9043056815041778,0.2,0.5914214646867151,0.9273717931908917,0.8289356074840657,break,click,0.30000000000060084,0.23278580907822513,0.3,0.46264548638470604
1122,27629.79704846428,236.3884133145082,0.8139381952857485,0.6121258574689575,0.11103314959929445,1.0,0.2,0.6121258574689575,0.7878892231193665,0.764987338348139,break,click,0.30035078168120755,0.3862887496136627,0.3,0.734982724072601
1123,27650.601354088045,115.3607355805504,0.8064512225834386,0.6000613499087394,-0.06469932670155021,0.9043056815041778,0.2,0.6000613499087394,0.9419353667750315,0.7303919410223232,break,click,0.30004978588891856,0.5223004338038842,0.3,0.9994640916846911
1124,27655.73990012379,116.76454698009796,0.7455761010013573,0.5848980238093626,-0.08131761568293827,0.6687457539921505,0.2,0.5848980238093626,0.7673805948340491,0.6629364516471891,break,click,0.37453168178855845,0.49823044040054293,0.3,1.0
1125,27678.93539583625,51.734182139308395,0.8113760213535992,0.5635392811557896,-0.11454228545842754,0.49454613924203666,0.2,0.5635392811557896,0.6715404402518163,0.6532158222003277,break,click,0.30000411618385603,0.5245504085414396,0.3,1.0
1126,27694.888555553895,0.0,0.8151129125472716,0.5344531056730726,-0.15598282488215376,0.3657232698363789,0.2,0.5344531056730726,0.5871885052565233,0.6298236258442176,break,click,0.30000000141354666,0.5260451650189086,0.3,1.0
1127,27700.92083334364,198.92983079122163,0.8038483298124334,0.5561085342998747,0.1161333477221711,0.589410436230988,0.2,0.5561085342998747,0.5206007390990661,0.589199508616274,break,click,3.064775347633836,0.5215393319249734,0.3,1.0
1128,27716.944514462484,37.44457940406482,0.8093422144910127,0.5365978216879265,-0.10463170279928735,0.9043056815041778,0.2,0.5365978216879265,0.9428026643473038,0.6422127153326922,break,click,0.3005932560948877,0.5237368857964051,0.3,1.0
1129,27722.554016779417,320.8840817423371,0.7644287981791433,0.5826041052198705,0.2467216795795666,1.0,0.2,0.5826041052198705,0.7730364039873848,0.5752360771227999,break,click,5.250141571321141,0.5057715192716574,0.3,1.0
1130,27727.96235136691,5546.994091189123,0.6370057312798447,0.6604360732619464,0.4173958947801295,1.0,0.2,0.6604360732619464,0.8911017193839533,0.5370425969174588,break,click,4.438524859774748,0.45480229251193793,0.3,1.0
1131,27733.203727725577,1030.2637380866065,0.41741996726034275,0.7237546852191625,0.3395639267380536,1.0,0.2,0.7237546852191625,0.8252259901781028,0.4804550119777823,break,click,2.4056271531599167,0.3669679869041371,0.3,1.0
1132,27738.47391825104,5692.393824295055,0.3663302939418339,0.7752662520090593,0.27624531478083747,1.0,0.2,0.7752662520090593,0.8098990881825502,0.5323962661781173,break,click,4.735889949362303,0.3465321175767336,0.3,1.0
1133,27744.06907604726,1286.826978295848,0.2943581762021374,0.8171724377438777,0.2247337479909407,1.0,0.2,0.8171724377438777,0.7883074528606412,0.5843536090689201,break,click,2.2409131602259293,0.317743270480855,0.3,1.0
1134,27750.00025043861,5058.020220035743,0.49125148831922566,0.8512643614084,0.1828275622561223,1.0,0.2,0.8512643614084,0.8473754464957677,0.6469139678640075,break,click,1.8240466813618421,0.3965005953276903,0.3,1.0
1135,27770.559717179953,233.469090438403,0.2889901170684364,0.7738916614944066,-0.41493293982617807,0.9043056815041778,0.2,0.7738916614944066,0.7866970351205309,0.6908581762282477,break,click,0.30135315304210364,0.24663583510439746,0.3,0.7814921561400383
1136,27777.842910867064,82.38144223211148,0.7716528736096679,0.7207311172247247,-0.2850884218994333,0.6687457539921505,0.2,0.7207311172247247,0.7752036266165423,0.739888810155573,break,click,0.4030596808407554,0.2969360691927184,0.3,0.5837600719405571
1137,27806.65078665349,249.93165248903978,0.7214720346659369,0.7118587572665795,-0.04758053428045661,0.49454613924203666,0.2,0.7118587572665795,0.6445692442455175,0.7646803201888744,break,click,0.30003007856509173,0.23200050056981272,0.3,0.4748379291247201
1138,27841.209774317438,156.25457702955475,0.3817521021590457,0.6511319794085061,-0.32566448490011324,0.3657232698363789,0.2,0.6511319794085061,0.4571802621400556,0.6747162361435027,break,click,0.30000065276468785,0.21028644093166857,0.3,0.5962175775276412
1139,27876.346999004258,307.36633573826015,0.6813931409650501,0.6648883669787689,0.07377251074684421,0.4835083437926707,0.2,0.6648883669787689,0.4838641824448511,0.6185641870326053,break,click,0.3000012461746195,0.3026471228654497,0.3,0.6404454037591265
1140,27883.177992133984,87.83495878352586,0.27883518543960945,0.587376907756247,-0.4156770757795568,0.7708038453823836,0.2,0.587376907756247,0.6950730941480179,0.7254148514837748,break,click,0.31099568494748864,0.14634586167785735,0.3,0.4697587641576991
1141,27907.256985367996,124.58992661547201,0.7236870212679919,0.5743620237053954,-0.06979598885291094,0.5700194185475873,0.2,0.5743620237053954,0.6953096918755887,0.7804517649451416,break,click,0.3000912657621794,0.19482502290238235,0.3,0.39802870243018407
1142,27963.15943955268,107.32981382494738,0.7192445465515055,0.5593367103955331,-0.08057748314845836,0.421536736574194,0.2,0.5593367103955331,0.5954598097299173,0.8130533290749579,break,click,0.30000000002299065,0.1543602664357956,0.3,0.31650801078501034
1143,27980.26477180355,175.38390695959876,0.7394516462712185,0.5648597756991286,0.029618996439574552,0.4187670678225774,0.2,0.5648597756991286,0.5286672399155502,0.7434554784401926,break,click,0.30103125069891823,0.2204027623399529,0.3,0.4445570002730951
1144,27991.078525503875,110.96979210504263,0.7503370172742905,0.5553536975500493,-0.05097902693068013,0.5126165724625985,0.2,0.5553536975500493,0.6652183351945572,0.8169861776108843,break,click,0.4577214479879024,0.14985149311903617,0.3,0.29962220395127825
1145,28011.576107220364,117.08698290342521,0.641477219364067,0.5388965013541029,-0.08825635923873426,0.37908658905046216,0.2,0.5388965013541029,0.5439642588227516,0.7306686406643941,break,click,0.30185329287583756,0.19624957116660235,0.3,0.42981490965701385
1146,28024.73278491914,182.41687262916173,0.7366636111213704,0.5496104167395583,0.057456394993034454,0.45364615946617587,0.2,0.5496104167395583,0.5070021865265649,0.690469846498174,break,click,0.3222881146816252,0.22629168264967,0.3,0.4574641006143848
1147,28041.10478333427,146.5917561891308,0.6940904322073466,0.5460067825460765,-0.019325505399471643,0.6700255215525592,0.2,0.5460067825460765,0.7527840103210127,0.8387987717254348,break,click,0.302224752194006,0.11827326894976245,0.3,0.24762209326794316
1148,28058.808815779208,203.34350443589588,0.7320819558590682,0.5598454157050932,0.07421357592832745,0.733459883501844,0.2,0.5598454157050932,0.6483801529663357,0.825690142991319,break,click,0.30561904643316673,0.14293851750672598,0.3,0.2900345160218303
1149,28103.600338863434,120.55852599264752,0.723808690466072,0.5510360121164259,-0.04724291298124772,0.9043056815041778,0.2,0.5510360121164259,0.9171426071398215,0.825428307664833,break,click,0.30000000455509573,0.15509513232244607,0.3,0.3168287934435652
1150,28128.45159359432,193.14920119644452,0.7294015350380919,0.5613107640236917,0.05510125689817569,0.8772660831348424,0.2,0.5613107640236917,0.7625282250450695,0.7599668573040355,break,click,0.3001664281788625,0.23560792794584018,0.3,0.47911101709040094
1151,28153.59133554252,238.66593429492343,0.7897875432559761,0.5859090825698672,0.13191542547295054,1.0,0.2,0.5859090825698672,0.9369362629767928,0.727407649436167,break,click,0.3002243162920095,0.31183025033865325,0.3,0.6044217359074893
1152,28161.529500507186,75.58421910740182,0.7711683104193257,0.5661721905932355,-0.10584465347595207,0.9043056815041778,0.2,0.5661721905932355,0.9313504931257977,0.6768490605218151,break,click,2.498792074013813,0.40975799037674965,0.3,0.8058688747550297
1153,28176.104571620937,2058.308996633049,0.8568583344359597,0.647068223879087,0.43382780940676446,1.0,0.2,0.647068223879087,0.8007652648644298,0.6358199254519884,break,click,0.3104682499515743,0.5427433337743839,0.3,1.0
1154,28185.189095120437,0.0,0.5074726992107355,0.5737234827082897,-0.3933318742737193,0.9043056815041778,0.2,0.5737234827082897,0.8522418097632206,0.6138090812545354,break,click,0.3001114794636357,0.4029890796842942,0.3,1.0
1155,28218.60096236404,269.36537052486733,0.7449059110087727,0.5989783187730372,0.13543618595218077,1.0,0.2,0.5989783187730372,0.7671795378362737,0.655302865856017,break,click,0.3000038693203964,0.4890248155612916,0.3,0.9820517583634589
1156,28241.08338361214,106.75006813168952,0.21031701955105736,0.531777711198615,-0.36038222383289664,0.9043056815041778,0.2,0.531777711198615,0.7630951058653171,0.704894434573764,break,click,0.3002834688011952,0.2303588187872205,0.3,0.810760591562393
1157,28246.790433738202,3784.7924098916583,0.7641419595743798,0.6190872958742714,0.46822228880138494,1.0,0.2,0.6190872958742714,0.7729503524059559,0.6706828800608422,break,click,4.919086370649484,0.5056567838297519,0.3,1.0
1158,28298.670517955612,265.9980261822456,0.21005968812386225,0.585231750104342,-0.18155991908453323,0.9043056815041778,0.2,0.585231750104342,0.7630179064371586,0.7193757238064422,break,click,0.3000000000488549,0.27054647633742385,0.3,0.9525483591818479
1159,28305.261416379537,273.1038902778221,0.07651158771117827,0.5468941699524611,-0.20559609340147528,0.6687457539921505,0.2,0.5468941699524611,0.5666612408469954,0.7002794514377377,break,click,0.5191014686607492,0.23060463508447132,0.3,1.0
1160,28327.604628107474,80.56138132322603,0.26220874218508333,0.48813957971077626,-0.31508807220588686,0.49454613924203666,0.2,0.48813957971077626,0.5067902565012614,0.6677807404436372,break,click,0.30001986226155414,0.3048834968740334,0.3,1.0
1161,28353.114419089063,235.2038087779884,0.7620421646371025,0.5229883309236841,0.1868862635802605,0.871640044771221,0.2,0.5229883309236841,0.5712672808834726,0.6964524808607757,break,click,0.30014408452067254,0.4059833838382973,0.3,0.8042191362818628
1162,28365.55784800224,144.65466171415238,0.6860836273623362,0.5231508976406493,0.0008718099001744362,1.0,0.2,0.5231508976406493,0.9058250882087008,0.9117209209068374,break,click,0.34531105664026485,0.12402024797994697,0.3,0.261407048202302
1163,28390.3119250085,145.43058903347375,0.7578325686884698,0.5301535357149504,0.03755362299542786,1.0,0.2,0.5301535357149504,0.9273497706065409,0.8606149428537716,break,click,0.30014351938592365,0.24375196169035723,0.3,0.48446821889918756
1164,28403.02936703783,94.3585979973243,0.6088958919714788,0.5100599839531121,-0.10775734223255562,0.9043056815041778,0.2,0.5100599839531121,0.8826687675914436,0.8061468305647531,break,click,0.3015978715385859,0.36172716272763633,0.3,0.8155120001493794
1165,28408.265235553506,687.5650122270512,0.689128564317055,0.6014192813213404,0.48994001604688786,1.0,0.2,0.6014192813213404,0.7504463338287584,0.7429245750705288,break,click,2.8442534494770526,0.47565142572682206,0.3,1.0
1166,28413.516206349184,5713.229261279414,0.30660883244070736,0.6757427764643068,0.39858071867865963,1.0,0.2,0.6757427764643068,0.7919826497322121,0.6970781948018392,break,click,11.110096348306628,0.32264353297628295,0.3,1.0
1167,28422.025828492435,1762.7104643999455,0.2416047746239834,0.7362071417713415,0.3242572235356932,1.0,0.2,0.7362071417713415,0.772481432387195,0.7207022207395418,break,click,1.4279490174233467,0.2966419098495934,0.3,1.0
1168,28433.714580918066,51.331397753309425,0.18409328141781958,0.6280550241766657,-0.5799962538707949,0.9043056815041778,0.2,0.6280550241766657,0.7552279844253458,0.7739612211246375,break,click,0.3172084105114316,0.24741057594963786,0.3,0.90415511550145
1169,28447.01561290756,135.32784534478193,0.5990902399470641,0.5983409521099545,-0.15935009752215623,0.6687457539921505,0.2,0.5983409521099545,0.7234348365177611,0.8189674648614927,break,click,0.3136209217229814,0.26529477943627566,0.3,0.603441759816403
1170,28453.827566765758,0.0,0.7908811108162952,0.5605060395262111,-0.20290039670180693,0.49454613924203666,0.2,0.5605060395262111,0.665391967090625,0.8604103146544879,break,click,0.3004518658401987,0.20593562948867625,0.3,0.3988276452477715
1171,28915.568777065015,5.197716700323424,0.7129547315510936,0.5236722619132609,-0.19753152787526007,0.3657232698363789,0.2,0.5236722619132609,0.5565410509576699,0.8588370795999278,break,click,0.3,0.1712242169102,0.3,0.3529072694478118
1172,28931.976326453907,182.84266156350665,0.7351572021904926,0.5371838428597773,0.07245966613636878,0.48022623226648214,0.2,0.5371838428597773,0.4999934008124839,0.8065242080230169,break,click,0.30393732001874396,0.2124204378554584,0.3,0.42994615883456133
1173,29042.44228342019,27.157688055113862,0.7202852070725618,0.5105010272536972,-0.14309412925460402,0.7618997490809956,0.2,0.5105010272536972,0.8216002998907642,0.9256141552468073,break,click,0.3,0.09077193785227346,0.3,0.18596459525645115
1174,29088.911480005932,245.323802380907,0.6302717391983935,0.5312532395653485,0.1112895953216333,0.901281805621559,0.2,0.5312532395653485,0.6629162121500035,0.8597457343153446,break,click,0.3000000086712421,0.18117191086480183,0.3,0.4007264460874068
1175,29097.719954983055,68.11621779688755,0.21478917247264315,0.46809322917340124,-0.3387133810829175,0.9043056815041778,0.2,0.46809322917340124,0.7644367517417929,0.819897776504872,break,click,0.3290546060057217,0.17164681890278904,0.3,0.6003407211283632
1176,29104.671272168653,86.31457664502247,0.7030384115546302,0.46647451667958184,-0.008680802589808079,0.6687457539921505,0.2,0.46647451667958184,0.754619288000031,0.7689160181951377,break,click,0.3063383112023277,0.44480465024998506,0.3,0.9243359272194493
1177,29135.720148796674,38.64874128544202,0.7085971238846638,0.4545655810848183,-0.06386502813044742,0.49454613924203666,0.2,0.4545655810848183,0.6407067710111356,0.7601873654132667,break,click,0.30000751198055986,0.4834388495538655,0.3,1.0
1178,29151.796412037147,298.5768476293621,0.717907924533314,0.5063315169466597,0.27760944071854127,1.0,0.2,0.5063315169466597,0.558027008852336,0.6967637710481104,break,click,0.3209242169343775,0.48716316981332564,0.3,1.0
1179,29182.565282363514,97.5011421667011,0.35943852804626214,0.468154351324061,-0.2047358252151522,0.9043056815041778,0.2,0.468154351324061,0.8078315584138785,0.7024546563570747,break,click,0.3000004861346004,0.34377541121850486,0.3,1.0
1180,29200.91551554578,392.3655862290417,0.6339000607332458,0.5314149215976678,0.33925266182886393,1.0,0.2,0.5314149215976678,0.7338777827536156,0.6450592667599196,break,click,0.31359683393021365,0.45356002429329834,0.3,1.0
1181,29207.381345486516,185.5910240447032,0.09480359719681297,0.48441984845223746,-0.2520243429433823,0.9043056815041778,0.2,0.48441984845223746,0.7284410791590439,0.5945155844714323,break,click,1.6679022409829287,0.2379214388787252,0.3,1.0
1182,29215.64046368341,3632.349033494802,0.6064370784949982,0.5805602714421008,0.5155801515477625,1.0,0.2,0.5805602714421008,0.7256388880821413,0.5684645223305442,break,click,0.921728476447648,0.4425748313979993,0.3,1.0
1183,29222.658561667344,256.47974766387523,0.22190622080670996,0.5527747917792286,-0.14900747645890172,0.9043056815041778,0.2,0.5527747917792286,0.7665718662420129,0.6175104697588948,break,click,1.392416361516157,0.28876248832268403,0.3,1.0
1184,29239.973135679953,69.30577668998049,0.10878839963631154,0.4759959195825956,-0.41174837109859724,0.6687457539921505,0.2,0.4759959195825956,0.5763442844245353,0.6313358629300563,break,click,0.30273725014361536,0.24351535985452463,0.3,1.0
1185,29248.124737425635,736.0516604209473,0.6094105132387063,0.5737071557279549,0.5240040804174044,1.0,0.2,0.5737071557279549,0.6109507878173484,0.6914459020490052,break,click,2.899221845709178,0.44376420529548255,0.3,1.0
1186,29253.57599209499,2421.4608930684944,0.0,0.6531981412572333,0.42629284427204506,1.0,0.2,0.6531981412572333,0.7,0.7034158803522587,break,click,1.8748456555610076,0.2,0.3,1.0
1187,29354.74686218614,296.528041846147,0.18615969953536599,0.6178697927954482,-0.18945823918186655,0.9043056815041778,0.2,0.6178697927954482,0.7558479098606098,0.7643064284192498,break,click,0.3,0.2198823403035944,0.3,0.8011339796423778
1188,29379.030237579682,222.37435745593865,0.17034484336118103,0.5703703021223464,-0.25472942429493434,0.6687457539921505,0.2,0.5703703021223464,0.5948112175419962,0.7884182353113388,break,click,0.3004540070958969,0.1648259886813153,0.3,0.6147059618407
1189,29388.890776837266,121.69719816051551,0.6519977125958738,0.5531684199187991,-0.09224994812376508,0.49454613924203666,0.2,0.5531684199187991,0.6237269476244985,0.8471231882452881,break,click,0.34465177147395076,0.17870497414696146,0.3,0.38781538407804983
1190,29414.980627120753,229.9744894970837,0.6610634019895607,0.5652575539210833,0.06483139294733598,0.5665028681889097,0.2,0.5652575539210833,0.54097365208921,0.831576714844742,break,click,0.30007195672516396,0.17609195997033927,0.3,0.37916094777553444
1191,29433.98669601391,157.84431893120643,0.6960674381958875,0.5615433557078923,-0.01991843615913158,0.8054287472021723,0.2,0.5615433557078923,0.8432161312141199,0.9783598832370058,break,click,0.30046329211474715,0.021339689182074708,0.3,0.04460385865504135
1192,29447.947904156797,128.9286701822447,0.6953794203963247,0.5517177082048417,-0.05269280778192409,0.5956249815203463,0.2,0.5517177082048417,0.7038065095462178,0.9345499530959999,break,click,0.31514960804834197,0.0691424223247695,0.3,0.14460350652064413
1193,29475.974190206405,214.08473421630416,0.7784321825089459,0.5713165463458278,0.10510430082001143,0.749844257948883,0.2,0.5713165463458278,0.6257797582919964,0.9161294007746844,break,click,0.30004009070603993,0.09136072243859987,0.3,0.17865774127201417
1194,29499.31305544412,205.66552619890163,0.7558916665916713,0.5831967965632353,0.06371119469863484,1.0,0.2,0.5831967965632353,0.9267674999775013,0.8966931045686866,break,click,0.30050975934818175,0.1237265495853602,0.3,0.2462922417527026
1195,29547.933518099657,222.12869664600234,0.7705568857570312,0.5980664134471401,0.07974251712278313,1.0,0.2,0.5980664134471401,0.9311670657271093,0.8471330492292742,break,click,0.3000000035802354,0.21028770958234547,0.3,0.4137707487552801
1196,29572.675539812684,169.75169000795887,0.704924132353464,0.5918355554043687,-0.03341473476045953,0.9043056815041778,0.2,0.5918355554043687,0.9114772397060391,0.7951640546768981,break,click,0.3001116399111131,0.3090474265457669,0.3,0.6412176050083209
1197,29581.686416028802,66.58619934505118,0.6697475787862488,0.5594402408960379,-0.17372901682993036,0.6687457539921505,0.2,0.5594402408960379,0.7446320381695165,0.7284795223536982,break,click,0.35722730434613714,0.4678990315144995,0.3,1.0
1198,29601.157975048176,215.6992152411149,0.6654991480579711,0.5674460390769498,0.042933352184341134,0.6542127702037469,0.2,0.5674460390769498,0.6277773782631277,0.7414436286147,break,click,0.3022387461284022,0.37858355454711673,0.3,0.8120631301574452
1199,29627.42673105851,137.0449365239845,0.779229524839189,0.5662293001291087,-0.00652510600237477,0.7857326965394329,0.2,0.5662293001291087,0.8550965761270282,0.7518240238566264,break,click,0.300013523089923,0.4731455253730618,0.3,0.9246689436607177
1200,29656.012307958274,83.95842450252475,0.733912396838163,0.5486404689742694,-0.09432507108187121,0.581059497170837,0.2,0.5486404689742694,0.7057023134561624,0.7054325376211364,break,click,0.3000065130486735,0.49356495873526524,0.3,1.0
1201,29661.96660006553,201.53529225369817,0.7041890101577628,0.5589659211546646,0.05537315142173471,0.6136051862963162,0.2,0.5589659211546646,0.5963600876925165,0.6747054915156169,break,click,2.8621153171564946,0.48167560406310517,0.3,1.0
1202,29667.80803041457,5135.728444480138,0.7442380112770041,0.64120571018814,0.4410340788453354,1.0,0.2,0.64120571018814,0.8575539694260951,0.6532910385197848,break,click,1.3213377653169553,0.4976952045108016,0.3,1.0
1203,29674.11672856505,855.9610669576401,0.07564227555641248,0.7081102151139164,0.35879428981186,1.0,0.2,0.7081102151139164,0.7226926826669237,0.601209888871882,break,click,2.2509268103279045,0.230256910222565,0.3,1.0
1204,29685.149341671207,1033.300079528729,0.12235929268581613,0.7625390120742443,0.29188978488608364,1.0,0.2,0.7625390120742443,0.7367077878057448,0.6552147090133862,break,click,0.3502253199058604,0.24894371707432647,0.3,1.0
1205,29694.333080903594,457.3300584569288,0.32117352283288303,0.7568908846072261,-0.030289677586641917,0.9043056815041778,0.2,0.7568908846072261,0.7963520568498649,0.7186703937547573,break,click,2.2449171134552612,0.32846940913315326,0.3,1.0
1206,29719.049344430412,194.20411158796546,0.1572346172132501,0.6756795994543703,-0.4355184365156442,0.6687457539921505,0.2,0.6756795994543703,0.590878149697617,0.7307703722017718,break,click,0.3000239422164553,0.2166334778620433,0.3,0.8240340366602796
1207,29731.223625122275,147.85267775230784,0.6431954291198071,0.644116498326764,-0.169266037704082,0.49454613924203666,0.2,0.644116498326764,0.6210862625816785,0.7924877322388076,break,click,0.31951121669143273,0.25188588932727446,0.3,0.5508373347880067
1208,29749.379403826748,33.04732943523554,0.763951478217479,0.6029379480623016,-0.22083159742398006,0.3657232698363789,0.2,0.6029379480623016,0.5718400749575855,0.8112331655389751,break,click,0.3003144136987117,0.22365136233826327,0.3,0.44236540364206367
1209,29771.618537604256,215.83574468419755,0.8304804935152965,0.6182466024325097,0.08209697955059359,0.5043195158020441,0.2,0.6182466024325097,0.5285903882099251,0.7923226538216058,break,click,0.3005640011074526,0.2318424014304296,0.3,0.4356366037691257
1210,29786.582492964448,80.19270113516853,0.7056344997061973,0.5874438457254463,-0.1651884761604504,0.8272628286428948,0.2,0.5874438457254463,0.8605729980448663,0.9130798550671908,break,click,0.30081758760196436,0.09523838357068302,0.3,0.19748602000417992
1211,29800.62303511198,170.93357042638308,0.7037897179908118,0.5833634966123272,-0.021882023697061492,0.6117715672981936,0.2,0.5833634966123272,0.7170427367212472,0.8487268168000232,break,click,0.31977585760317706,0.18670662163213933,0.3,0.3877475834063495
1212,29828.298445756893,86.71958045331175,0.7694560015940803,0.5665371522901426,-0.09023602024864735,0.45241299088520665,0.2,0.5665371522901426,0.6310094081296667,0.8029536697028633,break,click,0.30001905777673804,0.2851334060137366,0.3,0.5615267596035016
1213,29840.836030887196,191.42442304930555,0.7328594885460799,0.5738417787225474,0.03917312079452928,0.4679020150842554,0.2,0.5738417787225474,0.5418393744225832,0.7276551062430292,break,click,0.35943951996656365,0.40947485839543835,0.3,0.8303356185349536
1214,29852.04188647754,160.6303048873338,0.8164658755002592,0.5804016274463033,0.03517904013674944,0.7517152193987753,0.2,0.5804016274463033,0.7432003340842187,0.7744068680525016,break,click,0.3352457643950813,0.38444721479522853,0.3,0.7300744021358282
1215,29874.35552890476,80.6681386004435,0.7512937584648156,0.5610237055772981,-0.10391957496334114,0.8388433731031021,0.2,0.5610237055772981,0.8819543795889581,0.7382822608888062,break,click,0.30041479133276217,0.5005175033859263,0.3,1.0
1216,29880.34545959904,300.5043116307798,0.8135145280181474,0.6023015234465037,0.22136394797025039,1.0,0.2,0.6023015234465037,0.7556423042583728,0.675651041246599,break,click,3.1013461244081832,0.525405811207259,0.3,1.0
1217,29886.939225914077,4549.751775640115,0.358698392342149,0.6764605065716237,0.3976984765534963,1.0,0.2,0.6764605065716237,0.8076095177026447,0.6308477507475345,break,click,1.6713246518079046,0.3434793569368596,0.3,1.0
1218,29953.27765572909,54.26718736091175,0.3646633422085134,0.5969691467973923,-0.42629485126622735,0.9043056815041778,0.2,0.5969691467973923,0.8093990026625539,0.5998439928901433,break,click,0.30000000000009225,0.34586533688340537,0.3,1.0
1219,29959.85239854552,638.8082571841388,0.7948513179651538,0.6721224601833804,0.4030308532026077,1.0,0.2,0.6721224601833804,0.7821631599231881,0.6493380888925011,break,click,3.4275675946112587,0.5179405271860615,0.3,1.0
1220,29969.853273820132,2999.737440598062,0.5560813277971799,0.7332619072164289,0.3278775398166196,1.0,0.2,0.7332619072164289,0.8668243983391539,0.6805884875757225,break,click,0.4474657429087876,0.42243253111887197,0.3,1.0
1221,30000.522640962085,234.76193579982717,0.5078954642772491,0.6986041964390989,-0.1858617553280204,0.9043056815041778,0.2,0.6986041964390989,0.8523686392831746,0.7291429235695127,break,click,0.30001455086943923,0.3638065002441156,0.3,0.9023914511436889
1222,30008.753769903287,72.89401056475748,0.720031580516303,0.6524582068061141,-0.24747089297500052,0.6687457539921505,0.2,0.6524582068061141,0.7597172386885328,0.7746138081195293,break,click,0.30633881028552695,0.31412198865436936,0.3,0.6436759377192445
1223,30037.310504045494,210.10805963039735,0.7871014060307384,0.653153288312432,0.0037275707472518294,0.5561983166110236,0.2,0.653153288312432,0.6642580556549579,0.8103318887682424,break,click,0.30004382988380224,0.24402767259183175,0.3,0.4739868813918534
1224,30055.933262742645,128.87456896314802,0.7024732821862263,0.6268938897208423,-0.14082343601538383,0.5198276147791511,0.2,0.6268938897208423,0.6556436868642375,0.8594704637972629,break,click,0.30087765399040095,0.15015547509077629,0.3,0.3121804810868176
1225,30080.728666561477,193.5842640463306,0.7122169045450996,0.6215225906115457,-0.028805107390379225,0.3844192481608538,0.2,0.6215225906115457,0.5687243434814024,0.8725082843243934,break,click,0.30002222853559635,0.12359982550467812,0.3,0.25490451634779954
1226,30106.042118449277,142.21687409352953,0.7965431012321724,0.6130419278757824,-0.04547994737854755,0.2842830087419263,0.2,0.6130419278757824,0.5275825627946502,0.8325172577115841,break,click,0.30001335114409494,0.15788181220527442,0.3,0.3044283912644923
1227,30149.22174807504,152.8498520529658,0.8398529921307984,0.6126590824314027,-0.0020531167441759646,0.21023096383962986,0.2,0.6126590824314027,0.49144255672332837,0.7524602713733375,break,click,0.300000012571054,0.22105419243116256,0.3,0.4124597879943812
1228,30175.55100186881,296.2484262218307,0.8272481667113482,0.6445968950264965,0.1712755337015598,0.6001091500440865,0.2,0.6445968950264965,0.4513266394875166,0.6227349279862683,break,click,0.30000940129350145,0.3080646964940035,0.3,0.5802695837533633
1229,30185.71555606009,0.0,0.43427920288716154,0.5648887742002885,-0.42745729358291573,0.9043056815041778,0.2,0.5648887742002885,0.8302837608661484,0.8489202362515811,break,click,0.30000005834218807,0.09407617982858836,0.3,0.2517346515310116
1230,30201.314526394344,76.92815450549844,0.8188637857113319,0.5538316986523683,-0.05929668821274947,0.6687457539921505,0.2,0.5538316986523683,0.7893669002470415,0.931735452628355,break,click,0.30711330820191235,0.06368797001177053,0.3,0.12072507165214996
1231,30214.392618108068,91.75650593891677,0.780115052966083,0.5446800050568915,-0.04907853974568077,0.49454613924203666,0.2,0.5446800050568915,0.6621621497355613,0.9039144982616806,break,click,0.31582921121845586,0.09383208618663247,0.3,0.18324932194418653
1232,30232.277963505752,201.28210666069813,0.8113546564534452,0.5656765609049774,0.11259995649570376,0.6859242770598292,0.2,0.5656765609049774,0.5860610284283754,0.847691517411478,break,click,0.3014136023807007,0.16527097660017445,0.3,0.3150768096693791
1233,30242.98251197004,112.10187930889826,0.7699424144568754,0.5581099652769476,-0.040578004540416934,0.9043056815041778,0.2,0.5581099652769476,0.9309827243370625,0.8441863581014695,break,click,0.32056155522863117,0.18262468557850636,0.3,0.3595137139675161
1234,30262.260400555464,186.74244246447861,0.7520692389026414,0.5676857237353494,0.05135270725497143,0.8678947090268319,0.2,0.5676857237353494,0.7693285362044343,0.7780209271263943,break,click,0.3022819494326409,0.28996596183070844,0.3,0.5789734960760736
1235,30274.980799028428,141.5050011071492,0.8819406458677199,0.5770401685877439,0.05016585058244705,1.0,0.2,0.5770401685877439,0.964582193760316,0.7475462812520041,break,click,0.31765384779506867,0.41856619181787785,0.3,0.7572072524776567
1236,30286.1908024016,749.3307290256333,0.8698263924612728,0.6559096459670114,0.4229598314122561,1.0,0.2,0.6559096459670114,0.9609479177383818,0.6971828417234662,break,click,0.6552236900732153,0.5479305569845092,0.3,1.0
1237,30291.2297788597,4405.656621857678,0.6984749560340928,0.7200723025086855,0.3440903540329886,1.0,0.2,0.7200723025086855,0.9095424868102278,0.6420422866331218,break,click,6.606682182425069,0.4793899824136372,0.3,1.0
1238,30300.262838753944,3321.133741082476,0.7395845067514171,0.7722705245748435,0.2799276974913145,1.0,0.2,0.7722705245748435,0.921875352025425,0.6857144974856104,break,click,1.3460288369365325,0.4958338027005669,0.3,1.0
1239,30315.310656375652,199.36445771857777,0.4574624396581697,0.7173860037740247,-0.2943337325975364,0.9043056815041778,0.2,0.7173860037740247,0.8372387318974509,0.732163018281487,break,click,0.3058986482332457,0.37280943964865787,0.3,0.9734309780907884
1240,30338.138422187196,236.55403006058702,0.7613748155188587,0.7097395887760377,-0.041006058438861626,0.6687457539921505,0.2,0.7097395887760377,0.7721202091892995,0.7722058415607141,break,click,0.30036758777456374,0.3534813110504076,0.3,0.7005873803358862
1241,30364.779161634724,157.65328166930627,0.8169729842859624,0.6903118943129076,-0.10418649454642359,0.49454613924203666,0.2,0.6903118943129076,0.6732195291315252,0.8108489505884813,break,click,0.3000768231779181,0.2656095396166938,0.3,0.5042046093312655
1242,30370.248013309094,0.0,0.8636574594469253,0.6421124422882585,-0.258483164589445,0.3657232698363789,0.2,0.6421124422882585,0.6017518693264193,0.8537021964224045,break,click,0.300004988227086,0.18769968672742712,0.3,0.3441107688501823
1243,30379.45322869924,130.36088229774316,0.851906821559604,0.6321907400075369,-0.053207928636277546,0.2704570908283893,0.2,0.6321907400075369,0.5350182866232173,0.8367634515651345,break,click,0.34826846551777935,0.18577863730008734,0.3,0.34354926378314854
1244,30393.188595391726,131.04855809815763,0.9334095793221082,0.6318783550078503,-0.0016752527237857695,0.20000651862289462,0.2,0.6318783550078503,0.5127256905854511,0.7895469148745128,break,click,0.3172081295482508,0.229775827784528,0.3,0.40075047477566417
1245,30415.173924735816,218.3274093772248,0.8586690063821175,0.6449994192144309,0.0703654099047395,0.3394726086081937,0.2,0.6449994192144309,0.45573615222244224,0.6771904893543577,break,click,0.3005161176189986,0.3050287553929362,0.3,0.5612639170396088
1246,30436.716145774957,55.70456258059871,0.8188936679766634,0.6140599040470978,-0.16592188200035085,0.625146208470565,0.2,0.6140599040470978,0.7604478952721337,0.8714563401911467,break,click,0.30046396489323846,0.12163011250263586,0.3,0.23055329526532387
1247,30470.566991208398,106.34889480319285,0.9084617152204225,0.6090451697538112,-0.02689292793289544,0.46230371111192753,0.2,0.6090451697538112,0.679273540498699,0.8711834277353955,break,click,0.30000097007059673,0.14298908615414793,0.3,0.25380364373583686
1248,30482.357928943267,152.65961371984235,0.828253175460659,0.6082817479511645,-0.004094064873678693,0.3418795769884666,0.2,0.6082817479511645,0.5753104737393816,0.825025742730682,break,click,0.439781318067163,0.18222266501395318,0.3,0.3429742694775706
1249,30506.57295796251,223.0020040739426,0.7947479806246235,0.6209327832911526,0.0678447474535755,0.44919030829189865,0.2,0.6209327832911526,0.506171457982163,0.7376745145503347,break,click,0.3003471967140166,0.24253139010378336,0.3,0.4682984521566491
1250,30520.353664956227,43.539130486816774,0.8344733387768887,0.5930979403828304,-0.14927220079418735,0.7129673007773992,0.2,0.5930979403828304,0.8233904289689322,0.9450838021137898,break,click,0.3118554275263814,0.054313695039447205,0.3,0.10175118052419918
1251,30535.582195985135,118.19918786541267,0.9598739213725579,0.5995475785896011,0.03458800513521443,0.669512402308458,0.2,0.5995475785896011,0.7377876100940205,0.8640415951006559,break,click,0.31205748954946433,0.16212195022741827,0.3,0.2776300539621136
1252,30549.66793400307,42.596277116329944,0.875008852699926,0.5792600111903664,-0.1087978058442256,0.7618345170233997,0.2,0.5792600111903664,0.8679741126006958,0.8322598138141489,break,click,0.30135989437252264,0.2098145468795492,0.3,0.38147853824279687
1253,30562.981520786423,180.26697381063215,0.9383877457511701,0.6007539995913154,0.11526757894850881,0.91117341994953,0.2,0.6007539995913154,0.7553190072723058,0.7689699564739633,break,click,0.3110868267808878,0.3410846184793195,0.3,0.5928245347731231
1254,30608.352348024157,251.26277597422828,0.9747181221322057,0.6381755324840553,0.20068353144257278,1.0,0.2,0.6381755324840553,0.9924154366396617,0.7426795878430711,break,click,0.3000000086742215,0.44682151924654867,0.3,0.7574693640444935
1255,30622.253159234988,258.9776916900293,0.659657157290497,0.6410425444430807,0.015375160773729801,1.0,0.2,0.6410425444430807,0.8978971471871491,0.6832277468360477,break,click,0.3188650681587363,0.4638628629161988,0.3,1.0
1256,30633.416185471186,53.748865881403674,0.8939699436943267,0.6173847703786379,-0.12687149024416278,0.9043056815041778,0.2,0.6173847703786379,0.9681909831082979,0.6402571186119795,break,click,0.3127440288886114,0.5575879774777307,0.3,1.0
1257,30638.42444117883,2156.439413329346,0.8482916420730481,0.6887311748275565,0.3826152296213621,1.0,0.2,0.6887311748275565,0.7981952571555563,0.5874524396003671,break,click,5.23927653159905,0.5393166568292193,0.3,1.0
1258,30669.927468172402,952.2894420946451,0.5418016335241245,0.7467735886516742,0.3112688251724435,1.0,0.2,0.7467735886516742,0.8625404900572373,0.5794324790005162,break,click,0.3000121169252301,0.4167206534096498,0.3,1.0
1259,30675.71634571597,207.29407229096134,0.6621329486741077,0.7175742817675185,-0.15658952395091874,0.9043056815041778,0.2,0.7175742817675185,0.8986398846022322,0.6355289465972679,break,click,3.1415827712916444,0.4648531794696431,0.3,1.0
1260,30681.320512088067,5353.160132675912,0.9593379755376685,0.7702383106921683,0.2824257182324815,1.0,0.2,0.7702383106921683,0.8315091571949424,0.6774665623607466,break,click,3.894476338635152,0.5837351902150674,0.3,1.0
1261,30725.493125447676,244.495382513993,0.6406920723303012,0.7433356619695485,-0.14427304638452643,0.9043056815041778,0.2,0.7433356619695485,0.8922076216990903,0.7323992279716959,break,click,0.3000000110168638,0.3836810792593055,0.3,0.8408953839652135
1262,30752.06081835153,248.42202233686604,0.6942131035918553,0.7273548559902548,-0.08570158225253832,0.6687457539921505,0.2,0.7273548559902548,0.7519716956111985,0.7698760832949436,break,click,0.3001796985122956,0.29852499813828015,0.3,0.6249408025259507
1263,30771.584937798645,215.11853640191947,0.8736525491112992,0.7233214252031618,-0.021630410932205968,0.49454613924203666,0.2,0.7233214252031618,0.6902233985791262,0.813946536317073,break,click,0.3030161130557207,0.2444309456271255,0.3,0.4448558439782734
1264,30791.890193961364,29.548999293176717,0.8758625166433325,0.6769921305712574,-0.24845391776502468,0.3657232698363789,0.2,0.6769921305712574,0.6054133864853416,0.8516063864682064,break,click,0.30026215991205396,0.1744167004530357,0.3,0.3169224728909634
1265,30813.05665022585,170.0804308012657,0.8387858001266713,0.6686012077040894,-0.04499869200633966,0.2704570908283893,0.2,0.6686012077040894,0.5310819801933375,0.8322402080407981,break,click,0.3004680629129897,0.1733539541310056,0.3,0.32371488051823427
1266,30825.792994266212,0.0,0.8706818698089502,0.6251050777107913,-0.23326027279961425,0.20000651862289462,0.2,0.6251050777107913,0.49390737773150384,0.7740537162291785,break,click,0.3000008028645142,0.21800942225378012,0.3,0.39762950662681296
1267,30850.3322644706,24.45060488770326,0.8960671649110745,0.5977856317610657,-0.14650823914562494,0.147907408783868,0.2,0.5977856317610657,0.4669555997811293,0.6764945762628032,break,click,0.3000008936148854,0.29221031604896286,0.3,0.5232741006188908
1268,30861.376683949675,0.0,0.897974577753909,0.5700391493138183,-0.1487983428841112,0.10937944284908938,0.2,0.5700391493138183,0.44196480878880495,0.515511252720259,break,click,0.3000000035717839,0.4054290842666774,0.3,0.7250294295731583
1269,30909.73675004355,409.4287208285646,0.951067766097127,0.6478496247789378,0.41728063477045096,1.0,0.2,0.6478496247789378,0.43898858500561566,0.3564065834229683,friction,click,0.3000000080122283,0.5336558155265336,0.3,0.9194191821962321
1270,30917.83719674463,74.06998924147388,0.613940722400968,0.601550564590947,-0.24829177702661148,0.9043056815041778,0.2,0.601550564590947,0.8841822167202903,0.6888162842168266,break,click,0.3028235928457995,0.21331706207606976,0.3,0.4787441956881915
1271,30948.175008855942,197.77299621954302,0.9666584877407989,0.62560429624242,0.12899492455388117,1.0,0.2,0.62560429624242,0.8337053108558815,0.8224370228466968,break,click,0.3000261782303885,0.17361617538194227,0.3,0.2959383128948033
1272,30962.908891904735,162.88985001794995,0.9174704194485614,0.6324558192877909,0.036743226004298135,1.0,0.2,0.6324558192877909,0.9752411258345685,0.8913389294543405,break,click,0.30889177540920865,0.11201735752552393,0.3,0.19756559993876632
1273,30987.048365997904,223.69998530864024,0.8680714157513599,0.647598121699367,0.08120487022368938,1.0,0.2,0.647598121699367,0.9604214247254079,0.8360420953258948,break,click,0.30030411564646453,0.17944491960840508,0.3,0.3279158484388257
1274,31011.328345887614,148.27030402630572,0.8283618729956205,0.6386327557478291,-0.048079305168674646,0.9043056815041778,0.2,0.6386327557478291,0.948508561898686,0.8034250945326732,break,click,0.3000301565791042,0.23210902321319368,0.3,0.4368331926934923
1275,31036.7780486455,259.33505246753487,0.8686948862268546,0.6609874772174615,0.11988350295001682,1.0,0.2,0.6609874772174615,0.8043162304016983,0.7390058492471822,break,click,0.3002998564024452,0.35722143399270095,0.3,0.6524855130011299
1276,31055.88852025829,188.3783965640424,0.8072303579882005,0.6569039061161056,-0.021899302518308295,0.9043056815041778,0.2,0.6569039061161056,0.9421691073964601,0.7027911252311462,break,click,0.30219801774343463,0.44402350814264335,0.3,0.8491684450053356
1277,31062.51802132437,1176.5591289984075,0.9125915908415804,0.7208811625972674,0.3430960938838944,1.0,0.2,0.7208811625972674,0.8174852417861159,0.6502934511460614,break,click,6.629121898968815,0.5650366363366321,0.3,1.0
1278,31134.747988549105,415.3400749395185,0.6834664118939613,0.746992075019214,0.1400271370241114,1.0,0.2,0.746992075019214,0.9050399235681883,0.6510682747518239,break,click,0.3000000000000048,0.47338656475758456,0.3,1.0
1279,31159.721338923915,48.05122188211996,1.0,0.7121355323121623,-0.18692804766656412,0.9043056815041778,0.2,0.7121355323121623,0.9999999999999999,0.7105642944574356,break,click,0.30004110122448907,0.6,0.3,1.0
1280,31243.872465542176,292.33120207165354,0.8680284366357783,0.7284130324841147,0.08729268859529382,0.9577446623776378,0.2,0.7284130324841147,0.8041162955243754,0.7409759356389126,break,click,0.30000000000000004,0.4668186208796425,0.3,0.8530864717030869
1281,31304.114314199516,49.79926856269174,0.9154061208937935,0.6895412533265692,-0.2084608863338533,0.9043056815041778,0.2,0.6895412533265692,0.9746218362681379,0.7845884058418432,break,click,0.30000000000096055,0.3933037859290628,0.3,0.6946836320036212
1282,31312.045118631642,75.65436837272104,0.9557183362163661,0.6677029388414383,-0.11711412475248484,0.6687457539921505,0.2,0.6677029388414383,0.8304232653985517,0.8201685604609409,break,click,0.30693153109589427,0.2936537693086807,0.3,0.5043107619155427
1283,31331.46086006162,61.80552024385536,0.8992946310056504,0.6414481484887349,-0.14079872303379382,0.49454613924203666,0.2,0.6414481484887349,0.6979160231474316,0.8265800773709726,break,click,0.30106608237045246,0.23873329834664211,0.3,0.42652435923210175
1284,31375.172903304225,41.17858298249573,0.9532925684768824,0.6203157155910412,-0.11332863552217398,0.3657232698363789,0.2,0.6203157155910412,0.6286424020354066,0.8292600679558754,break,click,0.3000000034149762,0.23079987071721486,0.3,0.3970292625921561
1285,31398.782132704226,203.3103206663598,0.9523959703878954,0.6408312177711909,0.11002017043585621,0.5741274930152007,0.2,0.6408312177711909,0.5651650312717047,0.8382188186957753,break,click,0.30024170514298965,0.1993872727210779,0.3,0.34320405176390534
1286,31418.903566640845,149.09474192790745,0.883723338440634,0.6384814820162275,-0.012601121140989546,0.9043056815041778,0.2,0.6384814820162275,0.9651170015321902,0.8634826282655014,break,click,0.3012532247176853,0.1793156926974977,0.3,0.32397316666562626
1287,31466.04593595823,165.4562575649686,0.990493416615887,0.6503383028931493,0.06358554824792684,0.8984768115092203,0.2,0.6503383028931493,0.840855789518408,0.7981541732896258,break,click,0.30000000311539576,0.32403036021300646,0.3,0.5434951214824988
1288,31475.358305899514,128.86086007817806,0.8931201140871126,0.6423756132001,-0.04270217075187044,0.9043056815041778,0.2,0.6423756132001,0.9679360342261337,0.7608621860288337,break,click,0.3127534493926157,0.41464028364487104,0.3,0.744085666864012
1289,31483.37137198351,2021.698040448358,0.8817932965277958,0.7090619658752723,0.35762438679990005,1.0,0.2,0.7090619658752723,0.8082457534919806,0.6948931457965324,break,click,5.224104022333051,0.5527173186111183,0.3,1.0
1290,31501.07844632253,1558.699052794855,0.5815759318137939,0.7633132895164606,0.29093803412472774,1.0,0.2,0.7633132895164606,0.8744727795441382,0.6650126527377997,break,click,0.3153649253764726,0.4326303727255176,0.3,1.0
1291,31506.149375667585,1301.5365726679306,0.9971711948027574,0.8074483486215409,0.2366867104835394,1.0,0.2,0.8074483486215409,0.9991513584408271,0.7301362565114127,break,click,6.1278002697090175,0.598868477921103,0.3,1.0
1292,31609.945125683153,289.02917504330094,0.8618632994064495,0.8046083619366083,-0.015230230114190002,0.9043056815041778,0.2,0.8046083619366083,0.9585589898219348,0.7819581088098128,break,click,0.3,0.42205015070137786,0.3,0.774765996861291
1293,31636.364424457563,158.97469633327398,0.7771438323309807,0.7640849794417499,-0.21731807535452552,0.6687457539921505,0.2,0.7640849794417499,0.7768509142329361,0.8098059419942968,break,click,0.30004823550120036,0.293160710257494,0.3,0.5738600125453985
1294,31651.632671119634,157.188972192985,0.9407448784178748,0.7459551503892159,-0.09722632499158124,0.49454613924203666,0.2,0.7459551503892159,0.7103510973710988,0.8489327558844403,break,click,0.3105185289548174,0.22824603763401694,0.3,0.396055611671965
1295,31667.56542119413,112.97484687727743,0.8921393196358482,0.7163684684567212,-0.15866693197469495,0.3657232698363789,0.2,0.7163684684567212,0.6102964273830963,0.8853986706368601,break,click,0.301353800227741,0.1479185440906381,0.3,0.2656317187588132
1296,31688.33538204331,173.32724053457525,0.9704653749341339,0.713668987158935,-0.01447673032143515,0.2704570908283893,0.2,0.713668987158935,0.5705858526355763,0.9059027048032297,break,click,0.30049089697511194,0.11496332797242834,0.3,0.19545398676520664
1297,31698.16932961631,122.0262759275684,0.9271354923161285,0.6954753719809432,-0.09756839609141021,0.20000651862289462,0.2,0.6954753719809432,0.5108434644836573,0.8589477816185367,break,click,0.34343396247113317,0.15151636197883317,0.3,0.26542042222798
1298,31714.06628418014,188.7153912376387,0.9193809431703543,0.6954957603999928,0.00010933865128226472,0.16383243047455068,0.2,0.6954957603999928,0.4739497332589133,0.7399703883821129,break,click,0.3074188622166566,0.253912899132796,0.3,0.44722472207787234
1299,31740.98625133253,245.171175827866,0.952731681564541,0.7117809732796553,0.08733405016711016,0.3827142491487374,0.2,0.7117809732796553,0.4844469787079395,0.6293586754333406,break,click,0.3001132890949958,0.3410942638105022,0.3,0.5869877213718427
1300,31766.06602124717,167.4656511720415,1.0,0.7113243242471761,-0.002448909314603398,0.7409740586722517,0.2,0.7113243242471761,0.8916306999905729,0.9874733953436923,break,click,0.3001360894144599,0.01231093444456184,0.3,0.02051822407426973
1301,31778.75259426237,94.58819167022503,0.8056628236178354,0.6758469050912964,-0.19025767285047712,0.5479599052514741,0.2,0.6758469050912964,0.7052661118668951,0.9551787596467124,break,click,0.3400569940777104,0.041076749179993724,0.3,0.07865114261692574
1302,31795.035425516322,147.3945140478814,0.9093655810539791,0.6689622376830392,-0.0369209720044551,0.40522344102199637,0.2,0.6689622376830392,0.64167237150591,0.9606001812454623,break,click,0.30252590493911274,0.03583228101401403,0.3,0.0635610119469805
1303,32058.162164885744,11.401349810321298,0.898251529908786,0.6306267661261479,-0.2055847854657446,0.29966797858750016,0.2,0.6306267661261479,0.56830290286686,0.9556889109026478,break,click,0.3,0.036996836401411694,0.3,0.06614839249241722
1304,32086.60354658082,105.48010754763506,0.9173149987768405,0.6231457365751935,-0.04011913230318376,0.22160834813562497,0.2,0.6231457365751935,0.5222299673967927,0.8784831861184389,break,click,0.3000239387705483,0.09841577477195942,0.3,0.17359545135854304
1305,32106.474960347885,211.35889218716605,0.8383259748420258,0.6343742115625096,0.060215866079777025,0.3317640505011306,0.2,0.6343742115625096,0.4602324236336206,0.7290606261967062,break,click,0.3025388157764202,0.20720297585343492,0.3,0.3870562548819485
1306,32116.554251284753,59.52799693530545,0.9492470791315291,0.6184607039387634,-0.08534067582761329,0.5722838648501968,0.2,0.6184607039387634,0.7644801522794681,0.9550938919090637,break,click,0.3060381876382322,0.037188598339577564,0.3,0.0641515840795468
1307,32144.356491881448,194.22895004519347,0.9555107021897576,0.6374957552280084,0.10208083471260732,0.7231979565132818,0.2,0.6374957552280084,0.6674507324959854,0.9341769648150523,break,click,0.3000265068611986,0.05578901945042174,0.3,0.09582378777168965
1308,32169.5027593399,190.88319997912456,0.8428646962788613,0.641698907983079,0.022540592885327948,1.0,0.2,0.641698907983079,0.9528594088836583,0.9782591802641909,break,click,0.30003691972424795,0.01833517250198528,0.3,0.034134437655545025
1309,32179.04734001308,62.86289786266033,0.9184931800098157,0.6223295412467582,-0.10387369564984583,0.9043056815041778,0.2,0.6223295412467582,0.9755479540029447,0.8988270480891364,break,click,0.9390405745944409,0.09780805791372431,0.3,0.17238020473430737
1310,32205.54690835022,203.77690426115694,0.8685715755016206,0.634762896551641,0.06667737683049824,0.9062063829656488,0.2,0.634762896551641,0.804279237184128,0.8189617155284652,break,click,0.3001002023840258,0.18458245386363117,0.3,0.33718085551348753
1311,32218.98729640323,133.92470462167387,0.8550607852412675,0.6273364112907541,-0.03982662315391483,0.9043056815041778,0.2,0.6273364112907541,0.9565182355723801,0.7980825329030512,break,click,0.33691322167051413,0.22476947524981386,0.3,0.41468522611292635
1312,32288.805591570213,292.18702563860836,0.8099382713061906,0.6539767819802895,0.1428665064106016,1.0,0.2,0.6539767819802895,0.786689245925499,0.7281933179524036,break,click,0.30000000000007804,0.3259654621110423,0.3,0.6221008066777249
1313,32304.694634564665,226.5712290700468,1.0,0.6780757009605043,0.12923725435726896,1.0,0.2,0.6780757009605043,0.9999999999999999,0.6995243817567826,break,click,0.32484739491262254,0.4659531083987007,0.3,0.7765885139978344
1314,32314.732995003113,1554.038639642095,0.8052089018069654,0.7381050449673695,0.3219242990394957,1.0,0.2,0.7381050449673695,0.9415626705420895,0.6436806368029842,break,click,1.8734440154028902,0.5220835607227862,0.3,1.0
1315,32322.08463265989,1550.674901596567,0.8545582134477036,0.7869406948273618,0.2618949550326305,1.0,0.2,0.7869406948273618,0.956367464034311,0.6391793728385433,break,click,3.7397045455726463,0.5418232853790814,0.3,1.0
1316,32367.896707173677,301.23062852887915,0.7874244043220964,0.7838284657075,-0.01669020700521473,0.9043056815041778,0.2,0.7838284657075,0.9362273212966289,0.6894178084853938,break,click,0.30000000727430687,0.46178877060377665,0.3,0.8967298760484023
1317,32387.238489544954,248.16740814579194,0.5126130615587365,0.743306090266146,-0.21731267474589178,0.6687457539921505,0.2,0.743306090266146,0.6974916830012629,0.715680366359921,break,click,0.3007481783105188,0.29055726391928266,0.3,0.7173452401256354
1318,32403.27504539311,187.07258768065302,0.8869631091477388,0.7310020662877824,-0.06598380109146029,0.49454613924203666,0.2,0.7310020662877824,0.694216566590058,0.7629643184662696,break,click,0.3018237701835579,0.29462071775031273,0.3,0.5310536304230746
1319,32415.977583449258,141.70396436081836,0.8830228817573967,0.7100501302895408,-0.11236066995806115,0.3657232698363789,0.2,0.7100501302895408,0.6075614960195609,0.8029531139004511,break,click,0.3277251313493091,0.2196195875658921,0.3,0.39699196315324714
1320,32430.41220393468,124.70019574243257,0.8671261215556554,0.6875595983668541,-0.12061182483367239,0.2704570908283893,0.2,0.6875595983668541,0.5395840766220327,0.795406419346083,break,click,0.3006854426951848,0.20478105155088924,0.3,0.3744735915766654
1321,32456.71310533278,250.94196963443923,0.8364653416609065,0.695829659063519,0.044350534506648165,0.3320476975813183,0.2,0.695829659063519,0.4836424192870906,0.7306985703552284,break,click,0.30013808171854967,0.24140999515231668,0.3,0.4515829696943391
1322,32478.47862355504,137.83269340824043,0.5391804162349956,0.648475771936562,-0.2539485841857207,0.5008048211137123,0.2,0.648475771936562,0.5940343469392341,0.7692252054034899,break,click,0.3005289396574012,0.14841290555009629,0.3,0.3570431640922467
1323,32489.29566513943,55.468031191235426,0.7503667066081492,0.6104437633498074,-0.20395737964344318,0.3703516460733929,0.2,0.6104437633498074,0.5708355362038793,0.753746980659773,break,click,0.3162108493606503,0.17738394461750015,0.3,0.3546638431750292
1324,32533.43321124265,108.75094842778299,0.8020097316967837,0.5967381514345527,-0.07350021196668688,0.2738798349509662,0.2,0.5967381514345527,0.5223201245776184,0.7007369742275252,break,click,0.3000000060304363,0.22265335915907125,0.3,0.4275186155269911
1325,32549.022137072225,230.9331662333125,0.8501078389000658,0.6185518706741895,0.11698222580712092,0.516425939068587,0.2,0.6185518706741895,0.4894145764004906,0.5878617558071287,break,click,0.3056244800015893,0.31796061924072566,0.3,0.5887689303022055
1326,32564.62012350038,153.86601412012902,0.8826072284752404,0.6213646384838323,0.015084261213591965,1.0,0.2,0.6213646384838323,0.964782168542572,0.9528607920430109,break,click,0.30421925317515325,0.04010769972709903,0.3,0.07252186105545388
1327,32597.2278243072,202.40617512717895,0.8352424916783234,0.6305509757606698,0.049264326264303104,1.0,0.2,0.6305509757606698,0.950572747503497,0.9350572514308859,break,click,0.30000402197886206,0.05780954838962609,0.3,0.1082379207333396
1328,32614.686024051753,68.73560948771183,0.839876912143124,0.6072994241239058,-0.12469300782946802,0.9043056815041778,0.2,0.6072994241239058,0.9519630736429371,0.8851962721259727,break,click,0.30031073554928295,0.11187118381269494,0.3,0.208734068776806
1329,32670.118241187756,140.71239439805973,0.7392110434954795,0.5957749193460623,-0.06180340937859141,0.6687457539921505,0.2,0.5957749193460623,0.7654710775822857,0.8165470603210838,break,click,0.30000000002461497,0.18186954872999808,0.3,0.3669059230964268
1330,32682.004586500716,151.4342678600879,0.7346794728845553,0.5884760311134504,-0.03914234807867478,0.49454613924203666,0.2,0.5884760311134504,0.648531475711103,0.7839443866189527,break,click,0.3521095057036717,0.23410465845920708,0.3,0.47401909483494
1331,32720.731156558195,263.3850605633623,0.951629786387383,0.6288599547344157,0.21657018778444403,0.9458498552816799,0.2,0.6288599547344157,0.6281435674085567,0.7680952810230005,break,click,0.3000003039563351,0.28542381077123774,0.3,0.4915575125417503
1332,32729.76721383464,132.80128304723902,0.7062220510489721,0.6083953300696134,-0.10974732540088084,0.9043056815041778,0.2,0.6083953300696134,0.9118666153146916,0.7466537573712476,break,click,1.903721594359479,0.28981478496118784,0.3,0.6006663215722904
1333,32791.289064757715,263.32107628322984,0.7717263426748173,0.6282766495305868,0.10661918662183245,1.0,0.2,0.6282766495305868,0.7752256673360871,0.6829896504488474,break,click,0.3000000000026513,0.43375703641938995,0.3,0.8526933465635979
1334,32801.08514220596,122.49801069261616,0.5854466651672401,0.5942587096040299,-0.18243080358119657,0.9043056815041778,0.2,0.5942587096040299,0.875633999550172,0.6636860443133452,break,click,0.3432159904720918,0.43417866606689604,0.3,1.0
1335,32809.33585896164,363.60477384376327,0.8282901407609278,0.6454247492735189,0.274392328081138,1.0,0.2,0.6454247492735189,0.7921948067619202,0.605342112989257,break,click,3.7823985066160755,0.5313160563043711,0.3,1.0
1336,32815.4765088081,586.2571698464066,0.5864272040875137,0.7115425284088214,0.3545752507264811,1.0,0.2,0.7115425284088214,0.875928161226254,0.5964602615258559,break,click,2.643220740163014,0.4345708816350055,0.3,1.0
1337,32828.695766230514,2269.416430995943,0.8692094402075177,0.7653313006299981,0.2884574715911786,1.0,0.2,0.7653313006299981,0.9607628320622553,0.6057501199750357,break,click,0.36037237834316416,0.5476837760830071,0.3,1.0
1338,32834.83895358915,0.0,0.25547947063584053,0.6464393638479948,-0.6375915653120778,0.9043056815041778,0.2,0.6464393638479948,0.7766438411907521,0.6389798675252182,break,click,0.30279809270650127,0.30219178825433624,0.3,1.0
1339,32841.84303818347,85.66429944125932,0.7121191960795077,0.6122594580072965,-0.18329939150666685,0.6687457539921505,0.2,0.6122594580072965,0.7573435233574942,0.6854082126432991,break,click,0.3126243425721466,0.4848476784318031,0.3,1.0
1340,32862.43140653647,233.14135038296823,0.6314658354381713,0.6113084866466859,-0.005099852309500608,0.49454613924203666,0.2,0.6113084866466859,0.6175673844771878,0.7214306104679148,break,click,0.30067900979768236,0.3646442571032449,0.3,0.8056899414953012
1341,32894.69815595899,260.32991083184857,0.733841458037886,0.6264171797666578,0.0810246309120678,0.6069859631007393,0.2,0.6264171797666578,0.5628070689037077,0.7373281630188322,break,click,0.3000169956743845,0.32757373686418273,0.3,0.6637273669364017
1342,32926.74582010447,74.88845330834013,0.1057075235254612,0.5369201927177214,-0.479952851368502,0.9043056815041778,0.2,0.5369201927177214,0.7317122570576383,0.824492544051597,break,click,0.3000024815987776,0.11312901135862939,0.3,0.46692919835374125
1343,32942.48856563881,76.22558577110087,0.7672069517964528,0.5260984341291893,-0.05803473460561892,0.6687457539921505,0.2,0.5260984341291893,0.7738698500725777,0.7787082914949818,break,click,0.3010143125362249,0.34420754495255995,0.3,0.6790673466251802
1344,33016.6062847554,299.5235183246434,0.7239315473819358,0.5653078833724544,0.21027173746758276,1.0,0.2,0.5653078833724544,0.6453070980603172,0.7363422929156893,break,click,0.3000000000000149,0.4677173260862427,0.3,0.9553584248373992
1345,33021.783507519656,927.1380078789496,0.3599629689507764,0.6463650843478487,0.4346921166275456,1.0,0.2,0.6463650843478487,0.8079888906852328,0.7026104604996667,break,click,2.8154753307122498,0.3439851875803106,0.3,1.0
1346,33030.27084686563,3534.6766256300275,0.4244578256139009,0.7123075188514253,0.3536349156521513,1.0,0.2,0.7123075188514253,0.8273373476841702,0.6711634865033552,break,click,0.6142612613188716,0.36978313024556037,0.3,1.0
1347,33042.87454620114,333.2354960392383,0.3659080282616224,0.6912719574709362,-0.11280913467156617,0.9043056815041778,0.2,0.6912719574709362,0.8097724084784866,0.719407004477542,break,click,0.3304126701962752,0.346363211304649,0.3,1.0
1348,33101.686003477014,275.45653092747114,0.29273618446878313,0.653869133125579,-0.20058320157720566,0.6687457539921505,0.2,0.653869133125579,0.6315286198742768,0.7521068884967903,break,click,0.3000000000154795,0.2653112404000821,0.3,0.8366946204741132
1349,33114.876754238656,90.97283556367846,0.3275188883638484,0.5836828699747527,-0.37639364448905677,0.49454613924203666,0.2,0.5836828699747527,0.526383300354891,0.7295554500538751,break,click,0.3040545377017013,0.25851923968835255,0.3,0.7810070661936518
1350,33133.239060748114,228.72943537003098,0.7220090850949845,0.5954740380901314,0.0632334667852783,0.5625080527837656,0.2,0.5954740380901314,0.5592573570208372,0.7467802365459515,break,click,0.3047622611842876,0.31234421985449484,0.3,0.6389973357485654
1351,33171.83437222222,31.091859455653246,0.7085429486779034,0.557744044417235,-0.2023377394316132,0.7945911443998755,0.2,0.557744044417235,0.8397681166294653,0.9232139721281798,break,click,0.30000000748683453,0.0831763858435769,0.3,0.17205922622478675
1352,33184.311769424436,144.26085591636402,0.7253794731339841,0.5549976643973333,-0.014728237954787948,0.5876104339998284,0.2,0.5549976643973333,0.7074889335280924,0.8957731430666607,break,click,0.30921256586874235,0.1289174428204056,0.3,0.2630153467698688
1353,33204.33753358206,119.84561393560969,0.705946452475578,0.5452606624931371,-0.05221742074003222,0.43454552014451164,0.2,0.5452606624931371,0.6001016113023646,0.8732628847541296,break,click,0.3008873306868505,0.14716331964101542,0.3,0.30507847039749814
1354,33227.85478552077,204.10548020277778,0.7150205113462839,0.5578253053598474,0.06738144343347707,0.5238113621895994,0.2,0.5578253053598474,0.5277208055674292,0.7804068846622797,break,click,0.3001269728578333,0.25299952440555595,0.3,0.5205663650180355
1355,33245.00763626927,174.89804138024766,0.75132125415265,0.5646236186065505,0.03645787344178719,0.951863262961453,0.2,0.5646236186065505,0.8418275238599859,0.841857926028973,break,click,0.30039963852959,0.21287564846576673,0.3,0.4253017515672234
1356,33263.309489505795,98.35069578678718,0.7435433755432067,0.5515868108146981,-0.06991356110146318,0.9043056815041778,0.2,0.5515868108146981,0.923063012662962,0.7999814631093919,break,click,0.3006124030453201,0.3091419402851631,0.3,0.6214940836907341
1357,33272.53726604426,130.04216075220097,0.7664004777222828,0.5504989667128571,-0.005833871013305458,0.6687457539921505,0.2,0.5504989667128571,0.7736279078503268,0.7350379404845238,break,click,0.31292500366757015,0.4937526313711294,0.3,0.9747166083259478
1358,33286.18278163596,131.9114684897133,0.7703249196458748,0.5504155825180517,-0.0004471712777781578,0.49454613924203666,0.2,0.5504155825180517,0.6592251097394989,0.6918754725070569,break,click,0.30120708364683335,0.50812996785835,0.3,1.0
1359,33298.4000168559,540.2204247674127,0.7764147762221182,0.6342497563833768,0.44958441748194833,1.0,0.2,0.6342497563833768,0.5755790643589773,0.6792676373359054,break,click,0.33688741959422047,0.5105659104888474,0.3,1.0
1360,33303.61637893025,1265.2495946266915,0.3818190323747187,0.702451340607261,0.3657502436166232,1.0,0.2,0.702451340607261,0.8145457097124156,0.6702290163478548,break,click,2.778794430480684,0.3527276129498875,0.3,1.0
1361,33310.767438557974,4195.182471099726,0.24612253962895636,0.7579353500056225,0.297548659392739,1.0,0.2,0.7579353500056225,0.7738367618886869,0.6593940076017752,break,click,2.0587518200556754,0.29844901585158257,0.3,1.0
1362,33316.11816268953,560.6717756780567,0.262128969109011,0.7717283498027778,0.07396885414645393,1.0,0.2,0.7717283498027778,0.7786386907327033,0.7144458524724034,break,click,2.046167973094978,0.3048515876436044,0.3,1.0
1363,33421.63116376033,284.3251513609146,0.2833322717826473,0.7205131851421737,-0.2746557747103109,0.9043056815041778,0.2,0.7205131851421737,0.7849996815347942,0.767926803917248,break,click,0.3,0.24238722224487974,0.3,0.7735772895366404
1364,33448.885581519484,176.11823677239119,0.23792881780392242,0.6493932022214123,-0.38140098027472347,0.6687457539921505,0.2,0.6493932022214123,0.6150864098748187,0.7944782270281849,break,click,0.3000534746860651,0.17332620414972666,0.3,0.5872050256335895
1365,33460.57488673378,153.98691085571943,0.6544224206282342,0.6252083019424982,-0.1296983533376459,0.49454613924203666,0.2,0.6252083019424982,0.6244543600342066,0.8460735397183469,break,click,0.36793790467800025,0.17769614098980874,0.3,0.384816116298891
1366,33473.800546434046,181.46542814437677,0.6383727204587795,0.6104416839436748,-0.0791901565326375,0.3657232698363789,0.2,0.6104416839436748,0.5341664476299757,0.821505220851426,break,click,0.3634921930505034,0.1806165029296767,0.3,0.39665502274353037
1367,33484.091198102695,58.30534540665745,0.7251373225783705,0.5778109833963082,-0.17499134089616775,0.2704570908283893,0.2,0.5778109833963082,0.4969874369288473,0.7678347800307325,break,click,0.31390141664108784,0.22754739366541038,0.3,0.4643303845860398
1368,33498.554038514376,0.0,0.7042576550038365,0.5357279476863097,-0.22568215589438995,0.20000651862289462,0.2,0.5357279476863097,0.44398011328996967,0.6526543075239579,break,click,0.3000100575723835,0.3042135670540054,0.3,0.6315375405544675
1369,33511.31277034518,47.02661737519514,0.6386097118691477,0.5063327917003839,-0.1576398200327419,0.147907408783868,0.2,0.5063327917003839,0.3897183638685513,0.44094457135140486,friction,click,0.31234212532871697,0.42436390133550084,0.3,0.9317589181609535
1370,33524.236657982125,371.405271760464,0.8115108818042173,0.57414819490343,0.3636792389023047,1.0,0.2,0.57414819490343,0.4160257000038974,0.26439038743262755,none,click,0.39068242508867956,0.5246043527216869,0.3,1.0
1371,33533.690558732655,190.39759856783576,0.25868689655483834,0.5355846769894276,-0.20680774841621619,0.9043056815041778,0.2,0.5355846769894276,0.7776060689664515,0.46224003776619665,break,click,1.9989892898270671,0.2719942533974589,0.3,0.8962664790725003
1372,33548.51312040065,283.35183175996195,0.6539610734010721,0.5627320872875463,0.1455856494110609,1.0,0.2,0.5627320872875463,0.7398960865539636,0.5525317901148525,break,click,0.3380343313919266,0.3755351481025482,0.3,0.8135784576245119
1373,33570.311739415614,247.72211470332272,0.1185626259105988,0.5265944775899214,-0.1937981309530935,0.9043056815041778,0.2,0.5265944775899214,0.7355687877731796,0.6410963288033611,break,click,0.30058260818931826,0.17760349667149103,0.3,0.7178072568239847
1374,33595.601922887465,237.24620292605525,0.21837502452659885,0.5040596800555792,-0.12084921166905294,0.6687457539921505,0.2,0.5040596800555792,0.6092202718916215,0.6142525278599745,break,click,0.300064662141437,0.24632117368523754,0.3,0.8572165139216819
1375,33622.56079771664,267.073460803688,0.6354464975265119,0.5315650659754099,0.14750539471228685,0.9156428765236112,0.2,0.5315650659754099,0.61876158310369,0.6689678074089982,break,click,0.30014355782403007,0.30069543907109014,0.3,0.662064306257788
1376,33627.57669632202,0.0,0.25993207453075784,0.45667874543612147,-0.40159902871003095,0.9043056815041778,0.2,0.45667874543612147,0.7779796223592274,0.7969437483561496,break,click,0.30001169064098926,0.13716350418398843,0.3,0.45123606694941787
1377,33640.07320701319,144.04020806162106,0.6297214665277593,0.4638079269501596,0.03823224790478447,0.8350935606513644,0.2,0.4638079269501596,0.7326242044919696,0.8313880858346582,break,click,0.31426760038210894,0.18587554389241107,0.3,0.41133046817218233
1378,33649.383071108066,128.89554431424978,0.7523619220757891,0.4775120941887868,0.07349246448054714,1.0,0.2,0.4775120941887868,0.9257085766227366,0.8037836147813758,break,click,0.5022716381424823,0.27309963526829895,0.3,0.5451691528907963
1379,33682.06904304744,183.5649865676003,0.5960281225379842,0.48682781841371303,0.049958200289705657,1.0,0.2,0.48682781841371303,0.8788084367613952,0.7490935888044261,break,click,0.3000007773002528,0.3549328242111841,0.3,0.8095887708366796
1380,33713.47902033539,38.20442113023326,0.6544642882547563,0.46597294436254383,-0.1118401478735433,0.9043056815041778,0.2,0.46597294436254383,0.8963392864764269,0.7008466618811233,break,click,0.3000002194395327,0.46178571530190254,0.3,1.0
1381,33719.093741844874,2671.5483527831343,0.6984707227914124,0.5655531684322442,0.5340270556374562,1.0,0.2,0.5655531684322442,0.7532489813710656,0.636537619236437,break,click,5.783280331944933,0.479388289116565,0.3,1.0
1382,33759.68108954115,739.146598701135,0.0,0.6323804354896382,0.3583800799441744,1.0,0.2,0.6323804354896382,0.7,0.5812127090990543,break,click,0.3000000974594758,0.2,0.3,1.0
1383,33766.68559738295,856.5912317477593,0.05213912456815668,0.7009305926771796,0.3676195645103618,1.0,0.2,0.7009305926771796,0.715641737370447,0.6260817981544834,break,click,1.9364839086481025,0.2208556498272627,0.3,1.0
1384,33815.55380740967,613.8960273682313,0.0,0.7133195800984917,0.06643944153310954,1.0,0.2,0.7133195800984917,0.7,0.6782179415225983,break,click,0.3000000008549452,0.2,0.3,1.0
1385,33832.62527892936,210.87813056111915,0.14054116005465747,0.642563147909987,-0.37945133686976407,0.9043056815041778,0.2,0.642563147909987,0.7421623480163972,0.7389276428594029,break,click,0.3028471074300178,0.22297011180801965,0.3,0.8702411558883802
1386,33840.70570355007,0.0,0.7052539934224298,0.5884986457513529,-0.28993615119877214,0.6687457539921505,0.2,0.5884986457513529,0.7552839625603708,0.7944506263595182,break,click,0.3000500912584421,0.2831304989140308,0.3,0.5872838846815509
1387,33865.48398500574,72.64426321172573,0.65734291748476,0.5569810769052203,-0.16902185799431574,0.49454613924203666,0.2,0.5569810769052203,0.6253305090911644,0.8163634302987786,break,click,0.3001643651211534,0.21253046433320089,0.3,0.4590913832070854
1388,33874.87593223762,63.884515658634044,0.6596943210895966,0.529518042681881,-0.14727827178712938,0.3657232698363789,0.2,0.529518042681881,0.5405629278192208,0.8006773196149839,break,click,0.36459159807894126,0.2054696497893057,0.3,0.44293924280894914
1389,33905.58337654362,214.93159555161927,0.661611157945241,0.5425620239197515,0.06995203073026357,0.4739571437512191,0.2,0.5425620239197515,0.47792958753890835,0.7312790544686639,break,click,0.30000698669160186,0.24971936919336765,0.3,0.5374418269946137
1390,34011.32671721899,45.39292942083075,0.6263242800427123,0.510366287664387,-0.1726587221223569,0.7448922319943806,0.2,0.510366287664387,0.7821276624543357,0.8809726448543455,break,click,0.3,0.11916745411906673,0.3,0.26450520562903
1391,34017.6651980826,0.0,0.7307823670531061,0.48333272597088633,-0.14497510413783393,0.5508574451278361,0.2,0.48333272597088633,0.6847244707541046,0.8206582711190487,break,click,0.3,0.22073061784863857,0.3,0.44835428211638173
1392,34047.82441243877,139.26092206511868,0.6496858333816306,0.4862391172145299,0.015586343301327299,0.48943987117748355,0.2,0.4862391172145299,0.5651901577689883,0.7303747326089218,break,click,0.3000118023739089,0.32548119365495465,0.3,0.707761164407845
1393,34082.654650739874,68.90564397672327,0.6210345263732808,0.4695332739987685,-0.08958979905698539,0.5130773502667955,0.2,0.4695332739987685,0.6267333105224563,0.7119937475411119,break,click,0.30000040836672914,0.39022200442495153,0.3,0.8702274444824187
1394,34090.165976239696,559.1556377234397,0.7778670003846238,0.5684496020744466,0.5304667260012315,1.0,0.2,0.5684496020744466,0.5851072789466112,0.6847123365886262,break,click,5.313572372223415,0.5111468001538495,0.3,1.0
1395,34098.867856057346,3447.5309506285885,0.2935068752702784,0.6489209655927201,0.4315503979255534,1.0,0.2,0.6489209655927201,0.7880520625810835,0.6711388833533607,break,click,0.5957400739402764,0.31740275010811136,0.3,1.0
1396,34105.83070596918,689.372894831572,0.12564312235641362,0.700315316984066,0.2756167141249518,1.0,0.2,0.700315316984066,0.737692936706924,0.6467967878295757,break,click,3.0809248787160026,0.25025724894256546,0.3,1.0
1397,34113.33866598748,3995.7591578617935,0.047700774483579594,0.7561976315034331,0.299684683015934,1.0,0.2,0.7561976315034331,0.7143102323450738,0.6980022294628259,break,click,1.1257632557587738,0.21908030979343185,0.3,1.0
1398,34137.471346254024,223.76296127734025,0.4277630679905418,0.7072282001754063,-0.2626123959114869,0.9043056815041778,0.2,0.7072282001754063,0.8283289203971625,0.7688014812587795,break,click,0.30012652419646463,0.28599658471848155,0.3,0.7706616985140573
1399,34164.88206153137,240.781750246976,0.7286798328909361,0.6994130225008224,-0.04191109592121822,0.6687457539921505,0.2,0.6994130225008224,0.7623117144009227,0.8102171902124797,break,click,0.30004666006341324,0.26649405157830797,0.3,0.5422365624559806
1400,34188.30809766703,256.1252772450713,0.244409492382549,0.6514804999870285,-0.25705167975320875,0.49454613924203666,0.2,0.6514804999870285,0.5014504815605012,0.7343924139216799,break,click,0.30098710315588717,0.19772079064790027,0.3,0.6640189058278838
1401,34207.53749206347,156.01115345347935,0.14300431517511397,0.579696044753546,-0.3849644005826223,0.3657232698363789,0.2,0.579696044753546,0.385555926044876,0.57118501178206,break,click,0.3028797523658655,0.24509320766090123,0.3,0.9529220950646079
1402,34212.54013789511,599.6826681253984,0.6349023441610343,0.6580702799144651,0.42030395524645403,1.0,0.2,0.6580702799144651,0.4699169434036464,0.49473827865319153,break,click,3.830251694391899,0.45396093766441376,0.3,1.0
1403,34304.74483128518,325.3630471182659,0.15004498713836203,0.6251873527253211,-0.17634397744745173,0.9043056815041778,0.2,0.6251873527253211,0.7450134961415086,0.6783490375947753,break,click,0.3,0.18585562094580407,0.3,0.7147798407152577
1404,34317.570983982194,93.558842495252,0.0,0.5304158743677426,-0.5082387996062561,0.6687457539921505,0.2,0.5304158743677426,0.5437077645336419,0.6244862735121699,break,click,0.36134326126946725,0.17110913388033958,0.3,0.8555456694016979
1405,34340.169442000995,185.85338860315483,0.8064418564463158,0.5500179736497957,0.1051217896093588,0.8096838637662911,0.2,0.5500179736497957,0.6700601907796312,0.7285987151250499,break,click,0.3010576744473017,0.29008590867029904,0.3,0.5551068102245452
1406,34345.21172214573,0.0,0.605122695025342,0.5038746443593862,-0.24745662613712466,0.9043056815041778,0.2,0.5038746443593862,0.8815368085076025,0.9995543646723916,break,click,0.3000850031051446,0.00044881512249656327,0.3,0.001015306093424928
1407,34362.576290611636,103.65935689874536,0.7197432160032461,0.5011840931439885,-0.014428840234331497,0.6687457539921505,0.2,0.5011840931439885,0.7596307293346157,0.9985318736207013,break,click,0.3012291720978654,0.0018401084860191583,0.3,0.003771507932728402
1408,34398.990520463674,98.86245060317789,0.7477430793026238,0.500487721357521,-0.0037344902387042023,0.49454613924203666,0.2,0.500487721357521,0.6524505576365236,0.9674869438880744,break,click,0.30000030069401246,0.044051718022277225,0.3,0.08826279775259938
1409,34408.74303638527,123.04517210194652,0.7412239216725796,0.5049500887632076,0.023930704606201947,0.46425114733607464,0.2,0.5049500887632076,0.5650218079941157,0.8768354853737056,break,click,0.322817587289944,0.19207392391342934,0.3,0.386863966605246
1410,34452.33458067976,233.99033379255505,0.6779583967359555,0.5285417659056043,0.12651702684546395,0.9001972374807441,0.2,0.5285417659056043,0.6537303212410371,0.8676148964085749,break,click,0.30000001025676837,0.22307207116400846,0.3,0.4734294347366731
1411,34468.53777100138,148.11897856913617,0.7745501276551003,0.5367244627389619,0.043882021133366034,1.0,0.2,0.5367244627389619,0.9323650382965301,0.8454783566083933,break,click,0.303583794850421,0.34306586215534274,0.3,0.6729155933366673
1412,34473.944288581675,4993.972478402751,0.7489814952057062,0.6231116248114846,0.4632755372610381,1.0,0.2,0.6231116248114846,0.9246944485617118,0.7947112857025525,break,click,5.8185863773130935,0.4995925980822825,0.3,1.0
1413,34480.67787073078,4455.280909280255,0.31106960755801,0.6933901405802001,0.37688837518851537,1.0,0.2,0.6933901405802001,0.7933208822674029,0.7315739169564307,break,click,3.4970375348299547,0.32442784302320404,0.3,1.0
1414,34495.705230668435,998.1793250602292,0.0753513762723345,0.7505637953242604,0.3066098594197999,1.0,0.2,0.7505637953242604,0.7226054128817003,0.7756517352314455,break,click,0.3285808692837334,0.2301405505089338,0.3,1.0
1415,34520.461718558305,193.88856857855845,0.20867142283196025,0.6752544957454115,-0.40386737318508226,0.9043056815041778,0.2,0.6752544957454115,0.762601426849588,0.835860105695409,break,click,0.30043711764238523,0.17440092418047362,0.3,0.6152390182587744
1416,34526.40832835647,0.0,0.7140263611239841,0.6159119191106514,-0.31824131518341947,0.6687457539921505,0.2,0.6159119191106514,0.757915672870837,0.8860251342348375,break,click,0.3000223515901086,0.17471295173690882,0.3,0.35977997952028407
1417,34533.82237995792,0.0,0.7905842970587446,0.5747728682764847,-0.22061977058127907,0.49454613924203666,0.2,0.5747728682764847,0.6653029229633598,0.9200280391343869,break,click,0.3000005487412081,0.1125553299399836,0.3,0.21803172833517814
1418,34539.069605041776,0.0,0.7666180599969762,0.5390705350038584,-0.19146383827799657,0.3657232698363789,0.2,0.5390705350038584,0.5726400494914347,0.9319510334007198,break,click,0.3000000398058705,0.08271978663789825,0.3,0.1632690020188401
1419,34553.59404542695,123.92904320340132,0.7415323290527933,0.5365731249076776,-0.013393066473210036,0.2704570908283893,0.2,0.5365731249076776,0.5019059388711741,0.8620974834411341,break,click,0.32446030246683094,0.1467128688821031,0.3,0.2954270006686722
1420,34561.499304495235,75.89884086243407,0.6557062444735607,0.51534413465432,-0.11384645159285467,0.20000651862289462,0.2,0.51534413465432,0.42941469013088696,0.6572064872982779,break,click,0.30396409694509446,0.3439239001020065,0.3,0.7439691135758039
1421,34569.12105585047,472.33238559138795,0.673326440288383,0.5921204328848827,0.4117345674791063,1.0,0.2,0.5921204328848827,0.40013338239432183,0.4519559479948424,break,click,2.9409037685745236,0.4693305761153532,0.3,1.0
1422,34574.60460077831,1641.2740514466886,0.0,0.6681778877610078,0.4078795671151173,1.0,0.2,0.6681778877610078,0.7,0.556220738533816,break,click,0.752929024226481,0.2,0.3,1.0
1423,34601.12816462678,180.97115558909965,0.4237675347059756,0.6252747516176065,-0.23008017592164548,0.9043056815041778,0.2,0.6252747516176065,0.8271302604117926,0.7373299725608599,break,click,0.3001253317133829,0.263061396112692,0.3,0.7119253119141641
1424,34614.70664403277,88.37513863819818,0.7097276466456266,0.5954503063434786,-0.15994200499704547,0.6687457539921505,0.2,0.5954503063434786,0.7566260585273299,0.9150176363791587,break,click,0.32441512436433423,0.09815369390519563,0.3,0.20284254513269884
1425,34628.17213324697,133.6750541600508,0.6994166478432768,0.5807847537595995,-0.07864816472177671,0.49454613924203666,0.2,0.5807847537595995,0.6379526281987195,0.9635114041003332,break,click,0.3206395327311085,0.037329649344287195,0.3,0.07780792731910813
1426,34653.83617814897,116.89505732455387,0.7868294860188051,0.573092629156907,-0.04125118909450454,0.3657232698363789,0.2,0.573092629156907,0.5787034772979833,0.9755815039975925,break,click,0.3000871966249645,0.024219672515126155,0.3,0.04705299493497195
1427,34697.00046726503,27.800759020343634,0.6496735300717591,0.5332802880298859,-0.21350491534559785,0.2704570908283893,0.2,0.5332802880298859,0.47434829917686383,0.836980290616858,break,click,0.30000000447916086,0.1317634453566279,0.3,0.2865236128129427
1428,34709.54621785884,95.6499167608425,0.7084763685254929,0.5221890847483293,-0.05947970781608636,0.20000651862289462,0.2,0.5221890847483293,0.4452457273464666,0.6815823524544629,break,click,0.30166951415825827,0.24867639629853158,0.3,0.514441992361735
1429,34734.26106976422,145.66140285938133,0.7653059745112418,0.5301216567406096,0.04254065608151825,0.2699107240501406,0.2,0.5301216567406096,0.42772724266117956,0.5074033424055577,break,click,0.3000342996094404,0.372690720220291,0.3,0.7363648155622056
1430,34777.20600861657,363.255843805813,0.7203173749777094,0.583099164229629,0.2841068355055113,1.0,0.2,0.583099164229629,0.6056636151679519,0.5478793482664484,break,click,0.300000091910581,0.3219961737348466,0.3,0.6596566195345868
1431,34795.084268848965,201.36187488072213,0.2887069420734361,0.5482211211295724,-0.1870433495920083,0.9043056815041778,0.2,0.5482211211295724,0.7866120826220308,0.707888316222325,break,click,0.30407529132131467,0.14503928990279846,0.3,0.4597375849181188
1432,34815.07749597265,150.05081378014197,0.7637578181959027,0.5521782658171264,0.02122130519355636,0.7925662038732941,0.2,0.5521782658171264,0.7728351099924127,0.8191561810493494,break,click,0.30083196932070927,0.15568993825516578,0.3,0.3079900595143763
1433,34826.12722752596,108.59992337459715,0.8132752171405638,0.5503525804513633,-0.009790753028597998,0.812674855408154,0.2,0.5503525804513633,0.8831862030468146,0.9039579997511674,break,click,0.3071295133167952,0.09392080252058974,0.3,0.17879116520047966
1434,34843.5981044418,171.7143343434879,0.7346761095279368,0.556250338539031,0.03162839224196501,0.7436510939467948,0.2,0.556250338539031,0.7191509008635104,0.8507609393010701,break,click,0.30067313040223864,0.15129035811988334,0.3,0.3063361252242245
1435,34901.56886603268,82.80036122132573,0.7261033160539917,0.5395242763541159,-0.08969822898537805,0.8154965833191419,0.2,0.5395242763541159,0.8589068279101695,0.849776183607879,break,click,0.3000000000110143,0.16810678970208312,0.3,0.34276636295852025
1436,34919.240418621885,135.81149635183874,0.7980733697376663,0.5449835282357453,0.029276778954515636,0.7400795816788011,0.2,0.5449835282357453,0.739554591496807,0.787840947867765,break,click,0.3008237783797088,0.2837189035876704,0.3,0.5464230878663825
1437,34946.6327865678,240.9430251897133,0.6913365865770236,0.5639780617184548,0.10186354653990815,1.0,0.2,0.5639780617184548,0.8392790618439345,0.7478133831301499,break,click,0.3000173451804567,0.3552667330750578,0.3,0.7455213267977829
1438,34954.674443869204,596.8918868455535,0.7125264527466946,0.6452832350332279,0.43602193828154523,1.0,0.2,0.6452832350332279,0.9137579358240083,0.7052612587182105,break,click,3.1637042119272496,0.48501058109867784,0.3,1.0
1439,34969.29070216515,1190.4551525905667,0.2818702926006741,0.7114274023816527,0.35471676496677207,1.0,0.2,0.7114274023816527,0.7845610877802022,0.6554700212539654,break,click,0.3634925116574702,0.31274811704026967,0.3,1.0
1440,34975.307301547866,199.44821379442115,0.19152562589105224,0.6431131754005032,-0.36635432219310016,0.9043056815041778,0.2,0.6431131754005032,0.7574576877673156,0.6914475706225339,break,click,1.8683447711693923,0.2766102503564209,0.3,1.0
1441,35032.26332603641,273.8955209757988,0.7894334239175912,0.6606363441269548,0.09397293777804083,0.9744452853345054,0.2,0.6606363441269548,0.7805377917089192,0.7452668330882756,break,click,0.30000000011193884,0.4475463856040211,0.3,0.8677190642465928
1442,35066.61231567065,209.61315242942695,0.5585683670251335,0.6383837679336721,-0.1193357200776044,0.9043056815041778,0.2,0.6383837679336721,0.86757051010754,0.8086238281034356,break,click,0.3000022143445533,0.23696395083215835,0.3,0.5596330813712388
1443,35120.03618492584,157.23308919981758,0.801022872374414,0.6306767665098005,-0.04133097024669308,0.6687457539921505,0.2,0.6306767665098005,0.7840146262459661,0.8437961500726447,break,click,0.30000000010257905,0.20738955946020624,0.3,0.3985125163128622
1444,35141.93830738487,164.36763180067683,0.7618867825523408,0.6224210079086975,-0.044273835482784074,0.49454613924203666,0.2,0.6224210079086975,0.6566936686114386,0.8797542022224981,break,click,0.3004033055252973,0.1373283502294219,0.3,0.27206947589952624
1445,35173.613790439646,151.53675767784995,0.8559207085536552,0.6214812519531537,-0.005039706534557431,0.3657232698363789,0.2,0.6214812519531537,0.5994308440584384,0.8988640639391428,break,click,0.3000034880858179,0.11149710234816222,0.3,0.20557452520047226
1446,35182.06270029092,71.01507893470368,0.7645516056651132,0.5934292830066854,-0.15043660045221757,0.2704570908283893,0.2,0.5934292830066854,0.50881172185487,0.8504949895946495,break,click,0.30939147675213613,0.13953373974100794,0.3,0.2758561594400446
1447,35210.388869868184,105.90913084160645,0.8017758937271231,0.5822121721744105,-0.06015492259111577,0.20000651862289462,0.2,0.5822121721744105,0.4732355849069556,0.7665743844526004,break,click,0.3000048457553074,0.2053274545147091,0.3,0.3943218174190388
1448,35234.73699182214,246.42557694374077,0.799540673590551,0.6056310115982548,0.12559013580054101,0.4775344233476976,0.2,0.6056310115982548,0.43799765238497235,0.6003702310351944,break,click,0.30017184090922,0.32358977904176517,0.3,0.6225079861250253
1449,35261.1682116631,181.6034231065412,0.559367410772283,0.5871810684211456,-0.0989430273289369,0.9043056815041778,0.2,0.5871810684211456,0.8678102232316849,0.8851162396384127,break,click,0.3000695590539877,0.08223705255600301,0.3,0.19407113084602978
1450,35298.53463144686,96.34318783638152,0.7439831772271616,0.5695110436037782,-0.09476049501208794,0.6687457539921505,0.2,0.5695110436037782,0.7669027177017903,0.9158794548247129,break,click,0.30000027605759505,0.07723310857839731,0.3,0.1552133300358408
1451,35316.21419474485,169.6874492563068,0.8823380850578051,0.5851311652077328,0.08376731049550779,0.7562976659816636,0.2,0.5851311652077328,0.6928290593630779,0.8710130047989991,break,click,0.3043177190015466,0.1449719525156669,0.3,0.2621861360884169
1452,35325.85275349078,0.0,0.8682818277949221,0.5569759567794453,-0.15099025131027172,0.9043056815041778,0.2,0.5569759567794453,0.9604845483384766,0.8477785421744478,break,click,0.30003485522868395,0.1885043337973173,0.3,0.34441795902000805
1453,35343.4172003049,170.7995720985128,0.7415134725137326,0.5620629141560851,0.027280244600561998,0.8077135523908082,0.2,0.5620629141560851,0.7661618062877616,0.7783462557588838,break,click,0.3068966274510695,0.2808256239145619,0.3,0.5654904882867786
1454,35352.17550646077,137.0127943284973,0.7743726360707128,0.5613896436300065,-0.0036106032101070884,0.8537683553804897,0.2,0.5613896436300065,0.8987806560573847,0.7416081290125347,break,click,0.3559264101325336,0.38516852566504756,0.3,0.7556041984168811
1455,35376.57526412848,467.21775499794927,0.7974960050295457,0.6399646323066399,0.42138055263220286,1.0,0.2,0.6399646323066399,0.7581598579619474,0.6775460370725207,break,click,0.30008267204552835,0.5189984020118183,0.3,1.0
1456,35387.009447010976,402.52313451838927,0.359988028203657,0.6480170383392845,0.04318329994317516,1.0,0.2,0.6480170383392845,0.807996408461097,0.632529680275769,break,click,0.4686302298685934,0.3439952112814628,0.3,1.0
1457,35395.391517874705,1145.3016988366176,0.5152542462031857,0.7136514323664781,0.3519829616607155,1.0,0.2,0.7136514323664781,0.8545762738609557,0.5871876549642353,break,click,4.992315816980451,0.4061016984812743,0.3,1.0
1458,35401.111431338766,5244.834592075712,0.4987328388056699,0.7670469564807884,0.2863485676335219,1.0,0.2,0.7670469564807884,0.849619851641701,0.6375756812421889,break,click,1.2431569435229675,0.39949313552226795,0.3,1.0
1459,35406.12927821936,2032.7443707846996,0.6319696214324797,0.8104857973156809,0.23295304351921164,1.0,0.2,0.8104857973156809,0.8895908864297438,0.6957871263798255,break,click,2.8485775817442214,0.4527878485729919,0.3,1.0
1460,35516.76177530904,271.1680635363637,0.6068685221256703,0.779141720720926,-0.16809145683239113,0.9043056815041778,0.2,0.779141720720926,0.882060556637701,0.751886268000562,break,click,0.3,0.3460685850602437,0.3,0.7816388716060898
1461,35527.11277334073,57.96542499217976,0.9543042520511348,0.7363406514606295,-0.22953281345513388,0.6687457539921505,0.2,0.7363406514606295,0.8299990401489823,0.79764347869067,break,click,0.5740723963560928,0.32037654152803846,0.3,0.5507385079088212
1462,35536.6676394158,125.59045732002329,0.8327371193769322,0.7059489604925205,-0.1629840201221343,0.49454613924203666,0.2,0.7059489604925205,0.6779487696588161,0.8190907719111872,break,click,1.1017345814946913,0.2310383346390797,0.3,0.4333906726239688
1463,35674.40063464383,21.78127321658163,0.8642324209141358,0.6599642182165862,-0.24660615851472562,0.3657232698363789,0.2,0.6599642182165862,0.6019243577665826,0.8589695280202185,break,click,0.3,0.16464439629960978,0.3,0.3017161771256065
1464,35691.465385629825,140.6407864943543,0.8872546791537395,0.6524054746729547,-0.04053589552177361,0.2704570908283893,0.2,0.6524054746729547,0.545622643901458,0.8545673222059692,break,click,0.30202287235837877,0.15596551378208376,0.3,0.2810686388840056
1465,35708.762793560774,69.37455627978702,0.9175457825077196,0.632469108888054,-0.10691438806936115,0.20000651862289462,0.2,0.632469108888054,0.5079665515411346,0.7767105411879212,break,click,0.3009824724676137,0.22312838570853605,0.3,0.39351178011656374
1466,35718.871781607886,118.70624383048202,0.8455227213001424,0.6210338238302374,-0.061324943449880265,0.147907408783868,0.2,0.6210338238302374,0.4517922666978498,0.641617394143141,break,click,0.34249896384185724,0.3124006133209511,0.3,0.5804447007388451
1467,35739.228416702,206.32093568426293,0.842065146577855,0.6318304433144883,0.0578999190640187,0.26570385676443387,0.2,0.6318304433144883,0.42519197943598874,0.5040510167838267,break,click,0.3024149985799974,0.3989021646587278,0.3,0.7430752629182948
1468,35778.6011404121,259.06259559539154,0.9157833685011639,0.6597803915189436,0.14988948543033298,0.9299271656603598,0.2,0.6597803915189436,0.7078570818010655,0.6787572630313781,break,click,0.30000018846137505,0.2608420831380956,0.3,0.46059674266098916
1469,35786.38151507011,77.11710892768279,0.845248466774786,0.6335328643852579,-0.1407597719719471,0.9043056815041778,0.2,0.6335328643852579,0.9535745400324357,0.9911560518959653,break,click,0.48675133749916677,0.007350267199623099,0.3,0.013659683287439939
1470,35860.50449109512,129.51449759331913,0.7944476785849656,0.6196565032029322,-0.07441590310112622,0.6687457539921505,0.2,0.6196565032029322,0.7820420681091316,0.9117244772414581,break,click,0.3000000000000028,0.07650396959156541,0.3,0.1477540785487681
1471,35885.73959418286,95.10561504961929,0.9045037111900089,0.6106084705294205,-0.04852262879590363,0.49454613924203666,0.2,0.6106084705294205,0.6994787472027392,0.8871932978270635,break,click,0.3000431866612292,0.11497063997260724,0.3,0.20464637981482237
1472,35989.502342708016,69.38906401707642,0.8529342607208449,0.5924453219892468,-0.09740501014765246,0.3657232698363789,0.2,0.5924453219892468,0.5985349097085954,0.8645211735574106,break,click,0.3,0.12954357765951355,0.3,0.23937522579717319
1473,36006.25568948589,143.2549586551201,0.9705781221372207,0.6058548609890442,0.0719124373982637,0.4788581604212194,0.2,0.6058548609890442,0.5706196767965023,0.8572415736028884,break,click,0.3059613581876475,0.1363299780848012,0.3,0.23176255656290823
1474,36018.468340946536,147.38814137136094,0.8597376880303397,0.6073930848798692,0.008249159740326806,0.8590432467633549,0.2,0.6073930848798692,0.8609735148566245,0.875309046194797,break,click,0.3162004744683157,0.11982787244187809,0.3,0.22031431778480715
1475,36039.97394348721,111.59882618777935,0.8413764367002826,0.5985905022256921,-0.04720633379500372,0.8141364988099625,0.2,0.5985905022256921,0.8925863582890782,0.8188790859082288,break,click,0.3000502026076531,0.18834588055960827,0.3,0.35103099213321776
1476,36050.18551501832,117.51374373123696,0.913691009865895,0.5995502992405644,0.0051471823713016285,0.6786433555905818,0.2,0.5995502992405644,0.773572542757165,0.7587087993913849,break,click,0.8892717664149725,0.29281915174313927,0.3,0.5178273570738003
1477,36067.95851829434,236.31346569697072,0.9515978551346397,0.6315561598620509,0.17164046044796888,1.0,0.2,0.6315561598620509,0.8081069170086458,0.7121622249470643,break,click,0.3076237425471129,0.401265870429018,0.3,0.6910761630875368
1478,36099.49549593968,285.3792808307142,0.7745363517096229,0.6525221645041274,0.1124361170311532,1.0,0.2,0.6525221645041274,0.9323609055128869,0.6745876120617122,break,click,0.30001121742590803,0.4526520878742078,0.3,0.8878759857791315
1479,36176.42180728919,155.99344085898554,0.7502558201665493,0.6371565483212461,-0.08240245334712071,0.9043056815041778,0.2,0.6371565483212461,0.9250767460499648,0.6238591841836368,break,click,0.30000000000000104,0.5001023280666197,0.3,1.0
1480,36182.92650118437,4612.0540771715205,0.9193376020695261,0.7048161019692609,0.36284345167875387,1.0,0.2,0.7048161019692609,0.8195090451544996,0.5801865501367334,break,click,13.043982172166762,0.5677350408278105,0.3,1.0
1481,36199.37433230249,1823.948688708575,0.7001287629768297,0.7598591534352228,0.2951838980307391,1.0,0.2,0.7598591534352228,0.9100386288930489,0.5442938513922225,break,click,0.3116094078134465,0.4800515051907319,0.3,1.0
1482,36239.44892984316,59.888311980293125,0.9190946072776841,0.7178191357079955,-0.22545145982101433,0.9043056815041778,0.2,0.7178191357079955,0.9757283821833052,0.6049205780004454,break,click,0.30000007778839777,0.5676378429110737,0.3,1.0
1483,36263.90565507807,490.66258400243527,0.8688230027933025,0.7704375066271199,0.2821808642920045,1.0,0.2,0.7704375066271199,0.8043546653716326,0.6390526011148042,break,click,0.3006857224124471,0.547529201117321,0.3,1.0
1484,36285.045266353554,255.44462145640784,0.8606352921856703,0.7665562966806517,-0.02081408371377491,0.9043056815041778,0.2,0.7665562966806517,0.958190587655701,0.7019955604562589,break,click,0.3002224428869407,0.4425299665847493,0.3,0.8130943852593424
1485,36295.24692551935,117.62792507552972,0.7052041403957551,0.7167837515870659,-0.26691932013836206,0.6687457539921505,0.2,0.7167837515870659,0.7552690066523684,0.7288169366212456,break,click,0.37044044408358884,0.31387830093971264,0.3,0.6510894926826335
1486,36325.99721048499,175.60812870625728,0.8955540714001481,0.7075541105305654,-0.04949655500417016,0.49454613924203666,0.2,0.7075541105305654,0.6967938552657809,0.7732329850463499,break,click,0.3000060879883321,0.2713493277223353,0.3,0.48609604830662834
1487,36373.981387506006,100.03297540973786,0.8808904509007716,0.6810626999440187,-0.14206766581800734,0.3657232698363789,0.2,0.6810626999440187,0.6069217667625733,0.8139822362530693,break,click,0.3000000029328332,0.19892884043577094,0.3,0.36014594840960634
1488,36388.558474641075,41.16048662125727,0.9007709531475689,0.6476422462387719,-0.17922661509366267,0.2704570908283893,0.2,0.6476422462387719,0.5496775260996067,0.8148149319315064,break,click,0.3001673145340333,0.18315892751533913,0.3,0.32688950164153574
1489,36414.03472392062,235.51347508673442,0.947348482593098,0.6700977243573736,0.12042383891619513,0.5222309586051856,0.2,0.6700977243573736,0.5169073615667481,0.7718312769217119,break,click,0.3001106032119301,0.21426510974075522,0.3,0.3700993788256053
1490,36443.97256204406,220.4568002801847,0.9453028295729081,0.6846656645601288,0.07812469077931139,1.0,0.2,0.6846656645601288,0.9835908488718724,0.9028406728273668,break,click,0.300011192100838,0.09915128577704105,0.3,0.1715060742777702
1491,36466.33810441788,214.6158550403584,0.9550705107527233,0.6960663530549296,0.06113940961668085,1.0,0.2,0.6960663530549296,0.986521153225817,0.8405163226894672,break,click,0.30038002727062074,0.1797150241831027,0.3,0.30877373786190987
1492,36476.733559079,0.0,0.8810781091197619,0.648418082482405,-0.2555272984950486,0.9043056815041778,0.2,0.648418082482405,0.9643234327359286,0.7882965386864722,break,click,0.30000210121486454,0.2506965739021648,0.3,0.45380592930755326
1493,36498.96695400342,53.97286397687629,0.8887654723488698,0.6229519604960816,-0.13656926633687472,0.6687457539921505,0.2,0.6229519604960816,0.8103374062383027,0.7228979238863236,break,click,0.3000681237599199,0.36957859134632187,0.3,0.665300582972516
1494,36510.27727111391,159.14673146791932,0.9822003535531563,0.6354606971548792,0.06708163061539574,0.7145834662813835,0.2,0.6354606971548792,0.7227877399116833,0.7147655276378815,break,click,0.3312246200983215,0.4183167782631462,0.3,0.70556719484709
1495,36567.34389131975,315.4208175474952,0.9030598825997191,0.6746838573057807,0.21034526607934934,1.0,0.2,0.6746838573057807,0.9709179647799157,0.6895785385735186,break,click,0.3000000000231181,0.4917706105450594,0.3,0.8762466531967639
1496,36576.237018911896,1079.4852430183269,1.0,0.7353456796629115,0.32531614269421927,1.0,0.2,0.7353456796629115,0.9999999999999999,0.6424867302179337,break,click,4.077895431540673,0.6,0.3,1.0
1497,36582.2969922849,4950.516801548969,1.0,0.7846958693995026,0.26465432033708847,1.0,0.2,0.7846958693995026,0.9999999999999999,0.5924867182970047,break,click,1.578182808505797,0.6,0.3,1.0
1498,36597.8506232012,1928.8100740877894,0.995311443026545,0.8248437108655817,0.21530413060049736,1.0,0.2,0.8248437108655817,0.9985934329079634,0.6423460735066341,break,click,0.33608582600505227,0.5981245772106181,0.3,1.0
1499,36633.921009594385,299.41459130142414,0.7135319436126611,0.8073510184550985,-0.09380949993247101,0.9043056815041778,0.2,0.8073510184550985,0.9140595830837983,0.6898337426133496,break,click,0.30000111773949195,0.4249916395710431,0.3,0.8755262723160199
1500,36665.78659663815,150.6327184058297,0.7432239744961285,0.7612092728458867,-0.24744813319974712,0.6687457539921505,0.2,0.7612092728458867,0.7666749568824804,0.7221858390255,break,click,0.30000694367081854,0.3417433840917014,0.3,0.6872120211287913
1501,36694.1745763453,105.67853122864537,0.9202810679794382,0.7297012667923121,-0.16897057482036082,0.49454613924203666,0.2,0.7297012667923121,0.7042119542395678,0.7629079609639188,break,click,0.3000104131600913,0.2965133204135559,0.3,0.521927185925583
1502,36754.45769371289,89.5773184235435,0.9883460311989292,0.7066616209571072,-0.1235566031634181,0.3657232698363789,0.2,0.7066616209571072,0.6391584408520206,0.8059948947299396,break,click,0.3000000000027497,0.22904469167042768,0.3,0.38473024227760044
1503,36767.95343107022,177.83392907362503,0.8553136319887711,0.6960864397848046,-0.05671239362069036,0.2704570908283893,0.2,0.6960864397848046,0.5360403297519675,0.791360916754737,break,click,0.3031837099304391,0.20407030446973254,0.3,0.37642634821410714
1504,36884.86021071083,0.0,0.8688382080699625,0.6472932341772994,-0.2616673357498233,0.20000651862289462,0.2,0.6472932341772994,0.49335427920980746,0.734365681853455,break,click,0.3,0.2406969010440511,0.3,0.4396007132636761
1505,36899.46306397443,205.43930325444845,0.8924199957741532,0.6576825974660896,0.05571589277783773,0.30284881579093936,0.2,0.6576825974660896,0.465861449040053,0.645336247330256,break,click,0.30421499208609537,0.30192207792756376,0.3,0.5420815537766356
1506,36921.5282406728,81.57650512416274,0.8691892935609498,0.6350978058055472,-0.12111731928041125,0.5257888967019398,0.2,0.6350978058055472,0.7096137558763617,0.7934038907493096,break,click,0.30070736494047534,0.1659992796124457,0.3,0.3030977535266861
1507,36938.881882117006,207.44925562597896,0.9669121460475818,0.6551750403875781,0.1076698367507174,0.6991483288993114,0.2,0.6551750403875781,0.6480578860277852,0.8083109968017623,break,click,0.30280636659135,0.16068053248222952,0.3,0.2738414378038314
1508,36948.60997363081,0.0,0.9084525433359913,0.6177040486009535,-0.20094876871958245,0.9043056815041778,0.2,0.6177040486009535,0.9725357630007974,0.9476983749492423,break,click,0.30002166287878757,0.045331913554054026,0.3,0.08046404149103081
1509,36965.33250220315,35.87974135636963,0.9355321362996848,0.5981081934385203,-0.10508830375564904,0.6687457539921505,0.2,0.5981081934385203,0.8243674054235474,0.8678780659017534,break,click,0.30400419054231614,0.12644352907535633,0.3,0.2202032366222133
1510,36976.5299400707,160.75105942010256,0.8965615431742837,0.607638955695122,0.051111402423749785,0.6746578958022685,0.2,0.607638955695122,0.6970960967980215,0.8131501558706276,break,click,0.31533043785374804,0.18977987584197453,0.3,0.33972701877967104
1511,36993.81383670483,208.286364828804,0.8570293138395899,0.6227866260362129,0.081233657260678,1.0,0.2,0.6227866260362129,0.9152377389044873,0.7860539657816984,break,click,0.3041534845984395,0.23226485969929955,0.3,0.4278921194453188
1512,37035.18773830338,275.5360156896527,0.9392303577402089,0.6584488186089201,0.1912485724459574,1.0,0.2,0.6584488186089201,0.9817691073220626,0.7427070908016664,break,click,0.3000001021360228,0.329158955206884,0.3,0.5717621113198814
1513,37045.72894969397,170.75836289619315,0.8313356359619338,0.6529790744024431,-0.029333047007711777,0.9043056815041778,0.2,0.6529790744024431,0.94940069078858,0.6894702371791565,break,click,0.3373857733760668,0.4134194255162092,0.3,0.7763245690060344
1514,37056.872842924975,1884.4401650914158,0.9779896224844715,0.7176881957158385,0.34702092559755693,1.0,0.2,0.7176881957158385,0.8371046512789834,0.6282406211399337,break,click,0.7413466121346863,0.5911958489937886,0.3,1.0
1515,37063.20213195017,568.7842640254155,0.608774450170588,0.7703309830640952,0.28231180428416147,1.0,0.2,0.7703309830640952,0.8826323350511763,0.6199308860563996,break,click,2.713845132675499,0.4435097800682352,0.3,1.0
1516,37154.00111553817,330.4001742588199,0.5581206119614331,0.7557358613584527,-0.07827045925985376,0.9043056815041778,0.2,0.7557358613584527,0.8674361835884299,0.6684112828084099,break,click,0.3,0.4044058853344004,0.3,0.955481541430223
1517,37171.79069170562,202.36569809844127,0.547976243487392,0.713073189749271,-0.2287906169917051,0.6687457539921505,0.2,0.713073189749271,0.7081006375798595,0.705533574030612,break,click,0.3139762885239262,0.31089573715088964,0.3,0.7416574065560627
1518,37188.327648165105,217.69422981906018,0.8155173091721994,0.7068829797995889,-0.03319674788934601,0.49454613924203666,0.2,0.7068829797995889,0.6727828265973962,0.7489459706611084,break,click,0.3006420526063018,0.295514619086751,0.3,0.5615939391795348
1519,37202.33832064085,0.0,0.9147043174280731,0.6603528746041981,-0.24953082108555236,0.3657232698363789,0.2,0.6603528746041981,0.6170659267207638,0.792599772150568,break,click,0.30000058236027344,0.23612664034270917,0.3,0.4172720713328748
1520,37217.302259164324,40.09639568209611,0.8844429516686817,0.6290238186949324,-0.16801090416723713,0.2704570908283893,0.2,0.6290238186949324,0.5447791256559407,0.7889053783336166,break,click,0.3002981653577452,0.2136950340201967,0.3,0.3858863121853958
1521,37241.37717147341,249.22209156858696,0.8208393918000272,0.6463512968137616,0.09292349166581482,0.45348009047923493,0.2,0.6463512968137616,0.4789546343288269,0.7201685392743751,break,click,0.3002039637269137,0.24763058702026405,0.3,0.4686992766826773
1522,37275.460935578325,105.62213694821665,0.9439886966760218,0.6384581407034163,-0.04232927729047986,0.8302408295624131,0.2,0.6384581407034163,0.934055138287792,0.8813142567812882,break,click,0.3000008518936152,0.12531542873738788,0.3,0.2169605430877969
1523,37562.41727184177,4.181820884757665,0.7861441486332464,0.5936756415846629,-0.24015879028084602,0.613973837516158,0.2,0.5936756415846629,0.743210255595525,0.8059887255867952,break,click,0.3,0.20081062809018135,0.3,0.3903346065516409
1524,37591.35412400997,207.34805448509607,0.7953454303449742,0.605457239091181,0.06318214169419423,0.6600439814522205,0.2,0.605457239091181,0.6398568054335332,0.7456533684956584,break,click,0.3000397588010991,0.29479953566225203,0.3,0.5689593076028793
1525,37605.185860669604,86.75700163541204,0.8489067397677496,0.5919273931802196,-0.07255761716304121,0.8825613709881903,0.2,0.5919273931802196,0.9402448358842398,0.7256921600674131,break,click,0.3101069631404762,0.3727757813276696,0.3,0.69088501513428
1526,37614.3489367744,130.9603877864385,0.8501511293142854,0.5913397609293458,-0.0031513437900287933,0.6526655549748603,0.2,0.5913397609293458,0.7880840125462286,0.6604760655859457,break,click,0.3072092256185567,0.5283665643097744,0.3,0.9783470769270864
1527,37622.67209920456,288.35193595432514,0.7476175772436685,0.6179880456498842,0.14290894763539486,0.8910018743303976,0.2,0.6179880456498842,0.6445229763182468,0.6414006447898439,break,click,3.030288160996768,0.49904703089746744,0.3,1.0
1528,37927.23001194779,74.86260919847687,0.37816986783949025,0.5554598958684343,-0.33532485023204295,0.9043056815041778,0.2,0.5554598958684343,0.813450960351847,0.6082934315239973,break,click,0.3,0.3512679471357961,0.3,1.0
1529,37938.90501773865,51.39183746440794,0.7741284980334431,0.5360379157013417,-0.10415585002120276,0.6687457539921505,0.2,0.5360379157013417,0.7759463139436747,0.584829088195702,break,click,0.3431225925872321,0.5096513992133773,0.3,1.0
1530,37946.22464750301,573.7995138022711,0.7438674806735305,0.622553098455811,0.46396208429865826,1.0,0.2,0.622553098455811,0.6512878780477955,0.5277856458485811,break,click,4.882598847206457,0.49754699226941224,0.3,1.0
1531,37951.7595077808,5420.1910245875615,0.34286292471040747,0.6929357628422036,0.37744690154418903,1.0,0.2,0.6929357628422036,0.8028588774131222,0.49294273409004324,break,click,1.8028389913143426,0.337145169884163,0.3,1.0
1532,37966.41734606242,573.0722251541865,0.28332918618670283,0.7237162616127047,0.16506911169388105,1.0,0.2,0.7237162616127047,0.7849987558560108,0.5397934337261324,break,click,0.36427887223379274,0.31333167447468113,0.3,1.0
1533,37975.049318631565,139.01805067010883,0.10259986362658019,0.6307339726611625,-0.4986437664617786,0.9043056815041778,0.2,0.6307339726611625,0.730779959087974,0.5862687026972595,break,click,0.3053803159411678,0.2410399454506321,0.3,1.0
1534,37980.25017323006,1153.656555162879,0.8128085144942797,0.6995911463858835,0.3692660273388375,1.0,0.2,0.6995911463858835,0.7875503188819258,0.6434373692413173,break,click,3.1580088376120377,0.5251234057977119,0.3,1.0
1535,38063.31772612896,281.69843920261195,0.2873830578583454,0.6615928537291069,-0.20377656845344583,0.9043056815041778,0.2,0.6615928537291069,0.7862149173575036,0.6949927773871692,break,click,0.30000000000000004,0.27540929081710624,0.3,0.8744450622490213
1536,38076.055359876664,94.20902058956288,0.3411367755801665,0.5919903275557377,-0.3732631902020701,0.6687457539921505,0.2,0.5919903275557377,0.6460487972076918,0.7255838320017082,break,click,0.3134967753295997,0.23151555095040555,0.3,0.6881031648827854
1537,38117.387806162755,188.713727370751,0.7200945904756051,0.5927267227195829,0.003949126895503641,0.5567522069816532,0.2,0.5927267227195829,0.644156010988418,0.775546911494223,break,click,0.300000086678906,0.24407614692295257,0.3,0.500117263096399
1538,38149.90235352157,221.4393428438104,0.7688877414265901,0.6055029876636607,0.06851632654847517,0.7477886578303593,0.2,0.6055029876636607,0.6765650273034799,0.8254743696466543,break,click,0.30000431831799523,0.17758862753355056,0.3,0.34989034438517486
1539,38178.54184470309,209.500928699149,0.7747192712142669,0.6136578608208579,0.04373280881740893,1.0,0.2,0.6136578608208579,0.93241578136428,0.8958034601739719,break,click,0.3000284057579851,0.11226383364352888,0.3,0.22017364171600906
1540,38191.49366278591,92.65108514696365,0.8327915917345077,0.5984701830265076,-0.08144820851989953,0.9043056815041778,0.2,0.5984701830265076,0.9498374775203523,0.8475456178946106,break,click,0.30416315417596873,0.19202959132885955,0.3,0.3602018359805046
1541,38223.39514226979,225.69486169565545,0.6804316833283961,0.6029201559611624,0.023864235757259822,0.7991735302825528,0.2,0.6029201559611624,0.7478372695321607,0.7773455848738586,break,click,0.3000042365061433,0.2816668477271547,0.3,0.596533564172377
1542,38239.82659847424,182.5766360979629,0.7255568699211224,0.6006972564703357,-0.011920925878147526,0.8305999838424896,0.2,0.6006972564703357,0.8687638864176478,0.7598011484302242,break,click,0.3075559921500069,0.36427534896005354,0.3,0.7430812839054513
1543,38247.866198018055,447.78349722275897,0.641789391186694,0.6528953131671354,0.2799268106514601,1.0,0.2,0.6528953131671354,0.7000800514529263,0.7104181329341941,break,click,2.6173761162501656,0.4567157564746776,0.3,1.0
1544,38256.27022779445,71.39432105364342,0.41747249776694934,0.586713963999376,-0.3549161629666065,0.9043056815041778,0.2,0.586713963999376,0.8252417493300848,0.6751540275635667,break,click,2.2862974358366217,0.36698899910677973,0.3,1.0
1545,38264.15366874352,3805.4448804507165,0.7549214404835971,0.6637795651433003,0.41328603600062397,1.0,0.2,0.6637795651433003,0.770184196678721,0.6783005420566287,break,click,0.6016635872885492,0.5019685761934389,0.3,1.0
1546,38428.5986246737,3.648637299977487,0.1300581431083322,0.552980790925823,-0.5941896969641624,0.9043056815041778,0.2,0.552980790925823,0.7390174429324996,0.6873198491489921,break,click,0.3,0.2520232572433329,0.3,1.0
1547,38438.12561929883,62.97893759879808,0.6887369910495117,0.5287604109169985,-0.12988862340256951,0.6687457539921505,0.2,0.5287604109169985,0.7503288618484955,0.7384510029783761,break,click,0.30444822336786564,0.4754947964198047,0.3,1.0
1548,38448.34600833835,58.70618013464864,0.73726114497037,0.5125846443804737,-0.08674711326350276,0.49454613924203666,0.2,0.5125846443804737,0.6493059773368474,0.7783487262976043,break,click,0.3025667633059776,0.4085135621813047,0.3,0.825439245065535
1549,38492.62137865118,216.82483810230028,0.7951190539102687,0.5416751283208925,0.15600593020253595,0.7944392113269096,0.2,0.5416751283208925,0.5811903476654224,0.7490499427120402,break,click,0.30000002108527407,0.44685109035400294,0.3,0.862567593698924
1550,38499.2860668416,0.0,0.7550129546836111,0.5110625387954353,-0.16416865097908695,0.9043056815041778,0.2,0.5110625387954353,0.9265038864050833,0.8041892427723617,break,click,0.30000000075294037,0.40798769050506273,0.3,0.8127160938508329
1551,38504.32888383097,118.98111735278907,0.6099784341764525,0.50036903631735,-0.05734692501622274,0.6687457539921505,0.2,0.50036903631735,0.7267012947865776,0.7342089713918531,break,click,2.6699568683907184,0.443991373670581,0.3,1.0
1552,38510.11644024391,2591.7673936540273,0.7395760381068845,0.5935354083025468,0.49963096368265003,1.0,0.2,0.5935354083025468,0.6500004452778018,0.6763449720388152,break,click,4.128288149796503,0.49583041524275384,0.3,1.0
1553,38517.29289591078,4180.3365606357975,0.24915599859972032,0.6693290121852501,0.4064645916974532,1.0,0.2,0.6693290121852501,0.7747467995799161,0.6390134981009225,break,click,2.012639184262506,0.29966239943988815,0.3,1.0
1554,38534.27217897348,212.02308641102482,0.0,0.593939011774594,-0.4043001541714691,0.9043056815041778,0.2,0.593939011774594,0.7,0.6737248443067074,break,click,0.3010483697069152,0.2,0.3,1.0
1555,38543.817727074405,251.42610718877054,0.6848716241257224,0.6056455162784425,0.0627794342742305,0.8964615265749795,0.2,0.6056455162784425,0.7491692517713586,0.7307196571994319,break,click,0.32691459620928576,0.473948649650289,0.3,1.0
1556,38570.96430451496,110.511168730924,0.03239393821751471,0.5214896495489308,-0.4513095862560302,0.9043056815041778,0.2,0.5214896495489308,0.7097181814652543,0.7746908405840356,break,click,0.30003108853427435,0.16212958171928424,0.3,0.7613233833113471
1557,38591.043492223085,149.4084344251323,0.7409197269486189,0.5281523771137175,0.03573075695679395,0.8288398332813881,0.2,0.5281523771137175,0.7659836826182276,0.8309690548892399,break,click,0.30176303345530475,0.2425291603629812,0.3,0.4886076735989855
1558,38627.167908559546,199.31117870363045,0.6330800139334726,0.5351499768027672,0.03752660323255674,1.0,0.2,0.5351499768027672,0.8899240041800417,0.8860707742821841,break,click,0.3000008875852853,0.1601546090925326,0.3,0.3533612082181159
1559,38658.19830091092,193.35881841452363,0.6866546655664278,0.5444503505458642,0.04987587899860124,1.0,0.2,0.5444503505458642,0.9059963996699283,0.8376780019341935,break,click,0.30000233596068127,0.28283262073140997,0.3,0.5958612664207682
1560,38667.640639357065,63.54358122430002,0.7181279882293803,0.5246925316659703,-0.10595687990079905,0.9043056815041778,0.2,0.5246925316659703,0.9154383964688141,0.7886221897072228,break,click,0.30272140433047684,0.463070141925804,0.3,0.9503725109356187
1561,38674.49160113713,700.6315542387587,0.727711775668994,0.6133232924093683,0.4753074683340297,1.0,0.2,0.6133232924093683,0.7620212972343401,0.7232804676342371,break,click,2.9670209188661483,0.49108471026759765,0.3,1.0
1562,38679.783311336425,5669.2446997604775,0.054049829962974666,0.685427042168725,0.38667670759063166,1.0,0.2,0.685427042168725,0.7162149489888924,0.6743574340979419,break,click,2.350525305831892,0.22161993198518987,0.3,1.0
1563,38685.45863768136,634.3247561812154,0.2555795999408649,0.7292976848951932,0.23526870302822678,1.0,0.2,0.7292976848951932,0.7766738799822595,0.7296947915014834,break,click,3.6680604699340287,0.30223183997634595,0.3,1.0
1564,38728.78794449849,263.10137035228195,0.030740707967544675,0.6574971526731582,-0.38505061797106843,0.9043056815041778,0.2,0.6574971526731582,0.7092222123902634,0.7752992679154078,break,click,0.30000001485003747,0.19081252100384327,0.3,0.8988029283383687
1565,38745.40949367882,216.58630979238362,0.039369045536268535,0.5890476562663708,-0.36707974266454446,0.6687457539921505,0.2,0.5890476562663708,0.5555184781945225,0.7677734804264086,break,click,0.30484018446051864,0.16700772164453284,0.3,0.7740883678191299
1566,38767.39150852461,191.06528812136446,0.6862140150265326,0.5877220311891873,-0.007109038601398887,0.49454613924203666,0.2,0.5877220311891873,0.6339918383536962,0.8569182171049274,break,click,0.30024011630869313,0.19397211954683363,0.3,0.4088050661382865
1567,38793.90436997997,226.30525981145118,0.6981149120539819,0.5959671915824426,0.04421699960211756,0.5149668848258637,0.2,0.5959671915824426,0.5520891051085364,0.8504971760337761,break,click,0.3000584929323212,0.17912154677340006,0.3,0.3737570264990776
1568,38808.42577875306,82.63661045231208,0.6902287150448233,0.5684521695669842,-0.14755707099464083,0.6656158995308505,0.2,0.5684521695669842,0.7486997442153179,0.9802001439521916,break,click,0.30421859327716416,0.02136936235010366,0.3,0.044884991598650226
1569,38828.50358142285,149.4187411510977,0.6884523846803439,0.5614683784648778,-0.037452550787940186,0.49223157136480483,0.2,0.5614683784648778,0.6331276509182432,0.9667246187693228,break,click,0.3014370362279608,0.0336985282678473,0.3,0.07088741775067231
1570,38854.44124811866,208.1914330741225,0.6629878830285104,0.5671118771415465,0.030264854392030416,0.4781937404847828,0.2,0.5671118771415465,0.5404153276113771,0.9064123103879655,break,click,0.3000886918371548,0.08475170941666503,0.3,0.1821852803744718
1571,38877.57898331834,25.931665083986736,0.7029471728839973,0.5329460837818184,-0.18322370934456444,0.5692767152631724,0.2,0.5329460837818184,0.6885949593321601,0.9644484924756027,break,click,0.30000177714991993,0.035499950992203586,0.3,0.07377703649923062
1572,38888.25292456147,56.21166412041984,0.6144318215939714,0.5039563567518096,-0.15546559283430794,0.42098749788412804,0.2,0.5039563567518096,0.5636515765137948,0.9010910345972224,break,click,0.3119569638366576,0.09286256781564114,0.3,0.20831818962872906
1573,38923.16139143816,154.69026523208956,0.7101267648690456,0.5122486675998256,0.04446985722282515,0.4554450695351085,0.2,0.5122486675998256,0.519600285347541,0.8062493694069895,break,click,0.300000523084888,0.18989870386928845,0.3,0.3923115936739041
1574,38962.07932712611,77.08528078300374,0.6850644478868346,0.4985692303982054,-0.07335984267765361,0.6129332867050659,0.2,0.4985692303982054,0.7121959477555909,0.8836441705438016,break,click,0.3000001139198905,0.1242610629442766,0.3,0.26213988438741576
1575,38979.12619028302,105.59127409134925,0.6797078470910156,0.4935855832696364,-0.026726214238511015,0.453272097420271,0.2,0.4935855832696364,0.6046549724859467,0.8268796651365431,break,click,0.3050977556295652,0.20741038550997132,0.3,0.4395376067502953
1576,38998.28730406976,125.25367923346921,0.6282286749526519,0.4893146384896673,-0.022904146751473953,0.33520058178637274,0.2,0.4893146384896673,0.5108716606389744,0.7023506191139386,break,click,0.3012191529613517,0.3507758550408717,0.3,0.7772711836445582
1577,39020.99074641362,132.13855214388946,0.7091276620271358,0.4949875115293275,0.03042238270376252,0.3501725227554967,0.2,0.4949875115293275,0.47720823820579494,0.6118831521161792,break,click,0.30047636912144676,0.4442519876942975,0.3,0.9185382190113341
1578,39040.42983048032,92.59695538242079,0.6211830651541081,0.48218636058948033,-0.06864978472424743,0.45421866945398104,0.2,0.48218636058948033,0.587725581310818,0.6342733684994374,break,click,0.300069402713219,0.374209875236727,0.3,0.8344085075555687
1579,39052.32754920991,50.42983563796393,0.725862577683095,0.4717034107253734,-0.05621777720047788,0.3359005840547853,0.2,0.4717034107253734,0.5406262776842429,0.575779405899549,break,click,0.3354904306889515,0.46619063144510664,0.3,0.9507399930712795
1580,39066.91284627199,82.27463553827816,0.6344055516625994,0.46207084719761515,-0.051657340471226,0.2484028287608225,0.2,0.46207084719761515,0.45513506909100854,0.46144713577726626,break,click,0.30385675668600226,0.4537622206650398,0.3,1.0
1581,39072.441851947486,976.6674727666817,0.747285827839661,0.5623786967797749,0.5379291528023848,1.0,0.2,0.5623786967797749,0.44606739314037946,0.35045668405394037,none,click,3.067932490345057,0.4989143311358644,0.3,1.0
1582,39085.634304281615,1682.7803836416874,0.1038433358698593,0.6439821042706664,0.4376213032202251,1.0,0.2,0.6439821042706664,0.7311530007609578,0.4666619328417289,break,click,0.35048260482721016,0.24153733434794372,0.3,1.0
1583,39107.27716238951,304.9504814520393,0.01640596356464881,0.5965084217724681,-0.2545910206732928,0.9043056815041778,0.2,0.5965084217724681,0.7049217890693946,0.5712993400507294,break,click,0.30183636041853235,0.18719610793128535,0.3,0.906244898098714
1584,39187.84107052183,67.02753286410818,0.14728292999263065,0.5146325367849359,-0.43908254069601754,0.6687457539921505,0.2,0.5146325367849359,0.5878926435314311,0.5808011274335931,break,click,0.30000000000000016,0.20750551833306363,0.3,0.801448287595913
1585,39199.34902422832,208.5514124587439,0.6523797084564067,0.5281043840427218,0.07224658301669729,0.7274958472846373,0.2,0.5281043840427218,0.6238415463826584,0.640456452712512,break,click,0.3210983648386189,0.28920999251396057,0.3,0.6274190494497522
1586,39218.130729026096,159.72990909512464,0.7358570983863435,0.5354674560191848,0.03948655151935576,1.0,0.2,0.5354674560191848,0.920757129515903,1.0,break,click,0.3044279082825397,0.0,0.3,0.0
1587,39234.180159664975,149.53801502378167,0.6232751090214337,0.528585322608234,-0.036907382728740834,0.9043056815041778,0.2,0.528585322608234,0.88698253270643,1.0,break,click,0.3080919772650948,0.0,0.3,0.0
1588,39271.66632491805,64.02362001546535,0.6860967693852851,0.5089113160081702,-0.10550741289625976,0.6687457539921505,0.2,0.5089113160081702,0.7495367953492275,0.9776684114510178,break,click,0.30000005075812236,0.02019727773408579,0.3,0.04257088935617237
1589,39284.50879047968,46.72000069772858,0.5973863286182179,0.4806017288485005,-0.15181815082690048,0.49454613924203666,0.2,0.4806017288485005,0.6073435324312019,0.9156466962792704,break,click,0.3183433958311581,0.07719483816824592,0.3,0.17586067038361586
1590,39297.29915787083,93.82060446754856,0.6287340848310975,0.4714723387686503,-0.04895893084851605,0.3657232698363789,0.2,0.4714723387686503,0.5312748569416711,0.8187492213718292,break,click,0.3356638399230467,0.17157892117858298,0.3,0.3800251172628003
1591,39309.370631483966,0.0,0.7458767567302103,0.45309867445355745,-0.09853396040354517,0.2704570908283893,0.2,0.45309867445355745,0.5032092671743992,0.727827207374966,break,click,0.3000852984031219,0.27062473642166013,0.3,0.5430407441180453
1592,39315.22793326239,0.0,0.7387617677972564,0.43748778685137624,-0.08371779055492923,0.20000651862289462,0.2,0.43748778685137624,0.4543313471279956,0.5996619413336045,break,click,0.3000045608310028,0.3764838255169571,0.3,0.759798686284962
1593,39321.83989085177,1724.1489900517922,0.61176749774658,0.5423796488571675,0.5625122131486238,1.0,0.2,0.5423796488571675,0.381665699631781,0.3975822936550418,none,click,3.2251252085532616,0.44470699909863204,0.3,1.0
1594,39412.24492797953,331.8399168135184,0.2534135174128787,0.5422168613157112,-0.0008729941338301295,0.9043056815041778,0.2,0.5422168613157112,0.7760240552238635,0.5668315666680014,break,click,0.3,0.24893713787902813,0.3,0.8260308984561524
1595,39433.74304083936,251.1848381859998,0.4455303651253119,0.5411967507106796,-0.005470631020555561,0.6687457539921505,0.2,0.5411967507106796,0.6773668740712354,0.6273984781160341,break,click,0.30108550680553414,0.29705565990814436,0.3,0.7854207301654859
1596,39443.08017650692,0.0,0.11034399720442037,0.45056753406806993,-0.48602475210846946,0.49454613924203666,0.2,0.45056753406806993,0.4612308330070626,0.5162483920619281,break,click,0.300010188243169,0.22521462168399042,0.3,0.9224905246694843
1597,39463.424237755695,58.98527267127339,0.70305118994909,0.4458479039971739,-0.02531034825443318,0.3657232698363789,0.2,0.4458479039971739,0.5535699884770688,0.5108542334086056,break,click,0.3011212267738414,0.40979810270758527,0.3,0.8515807684063029
1598,39474.94626659179,0.0,0.7286349960349762,0.43064489881186635,-0.0815304059796858,0.2704570908283893,0.2,0.43064489881186635,0.4980367389658289,0.4248558981353047,friction,click,0.30000352952845755,0.452687454920512,0.3,0.921118673123863
1599,39485.43657977159,114.39124642257237,0.7102451928218135,0.4432254498751422,0.06746675562725585,0.3898382503828375,0.2,0.4432254498751422,0.4457763746353628,0.2670636724899943,none,click,0.36879629709657624,0.48409807712872543,0.3,1.0
1600,39513.80811999674,401.8111075229357,0.7247172313679686,0.5218035148617235,0.4213970502125118,1.0,0.2,0.5218035148617235,0.7537183865218606,0.44333564700343997,friction,click,0.30009406241798514,0.4262174544787163,0.3,0.870032370661278
1601,39530.04117416725,147.84648500465912,0.4356154602230735,0.4995785440376355,-0.11918767849436285,0.9043056815041778,0.2,0.4995785440376355,0.830684638066922,0.6440144399784818,break,click,0.31104814166161865,0.22587599165485672,0.3,0.6035492177550229
1602,39554.74992705133,48.565785801886705,0.6143733869584856,0.47502326418988516,-0.13168461830603434,0.6687457539921505,0.2,0.47502326418988516,0.7280197806211876,0.7132027899900631,break,click,0.3000790085756128,0.23681896039298972,0.3,0.5312827889746887
1603,39594.838302717275,164.63625403526916,0.7446439873098424,0.4942472495536346,0.1030940470091225,0.8046145072657003,0.2,0.4942472495536346,0.6515208300386891,0.7428564192644467,break,click,0.30000010108039826,0.24443143300752268,0.3,0.4909665645351199
1604,39605.29547459425,114.75377990512487,0.7092272289093134,0.49495743870963355,0.0038085897824282067,1.0,0.2,0.49495743870963355,0.912768168672794,0.8528251004334685,break,click,0.3140003910326391,0.15026322719911275,0.3,0.31065961716443824
1605,39612.89380742126,0.0,0.6796694004763394,0.4660316438604288,-0.15512273847146385,0.9043056815041778,0.2,0.4660316438604288,0.9039008201429017,0.8019383536463369,break,click,0.30031346074132215,0.22055215305033118,0.3,0.4674024624214087
1606,39631.44593655864,161.70650698822953,0.7423079147504985,0.48603160707785886,0.10725544725010733,1.0,0.2,0.48603160707785886,0.7664001389587914,0.7381882734021049,break,click,0.3031371573712573,0.34809478461598686,0.3,0.7005002151296307
1607,39641.05525638113,62.43938292030186,0.6825731318735979,0.47359481406855153,-0.06669581249068257,0.9043056815041778,0.2,0.47359481406855153,0.9047719395620794,0.7020254417476949,break,click,0.4481772939162767,0.4353693591494567,0.3,0.9203856983873876
1608,39646.48055183544,1548.3027736896877,0.7112050876599612,0.5717537852538858,0.5264051859314485,1.0,0.2,0.5717537852538858,0.7570692908316302,0.6372551647336269,break,click,3.846083495881255,0.48448203506398446,0.3,1.0
1609,39673.16477224822,1124.2599384928014,0.3728978548900629,0.6516090165033865,0.42824621474611424,1.0,0.2,0.6516090165033865,0.8118693564670189,0.5927351594578952,break,click,0.3001055752864918,0.34915914195602515,0.3,1.0
1610,39681.82176362128,69.30814345815335,0.36539866047584013,0.5803261467393143,-0.38227450694277476,0.9043056815041778,0.2,0.5803261467393143,0.809619598142752,0.6083420117394868,break,click,0.30300070693974646,0.34615946419033605,0.3,1.0
1611,39688.999200265825,668.7624339600624,0.7043157017481034,0.6585828865481399,0.41967385326068574,1.0,0.2,0.6585828865481399,0.7550024750580729,0.6534805443217542,break,click,5.200742059835766,0.4817262806992414,0.3,1.0
1612,39784.99049638277,312.5283355217031,0.4799169001323854,0.6533684258624857,-0.027964017079818215,0.9043056815041778,0.2,0.6533684258624857,0.8439750700397156,0.7117775828222347,break,click,0.3,0.37657867515543986,0.3,0.9607413524161197
1613,39804.10547921802,62.77797946996418,0.2843836165612695,0.5726819230246649,-0.4327041432443957,0.6687457539921505,0.2,0.5726819230246649,0.6290228495020227,0.7408202651313356,break,click,0.3019749862899133,0.23233865591681246,0.3,0.7405134777527065
1614,39829.999792896924,162.19777253344682,0.7127674913539704,0.570155070150272,-0.01355096168087111,0.49454613924203666,0.2,0.570155070150272,0.6419578812519275,0.7931143469773828,break,click,0.3000669857200258,0.25090417198078635,0.3,0.5172140863140001
1615,39847.804354883985,33.69922834586392,0.7374659296514575,0.5404506996951044,-0.15929806989221335,0.3657232698363789,0.2,0.5404506996951044,0.5638944103877791,0.8020301709579029,break,click,0.3001844226200293,0.21776079340391943,0.3,0.43993290680991426
1616,39898.67274217696,200.51746365091128,0.8180701300108303,0.5626837850347103,0.11923119487394984,0.5971550541104348,0.2,0.5626837850347103,0.5248672791585852,0.7809228608649181,break,click,0.30000000057684967,0.23100719907153844,0.3,0.4381542260381097
1617,39919.64638857449,200.25130205756355,0.8369274688439424,0.5824671871012136,0.10609407695921536,1.0,0.2,0.5824671871012136,0.9510782406531827,0.8843767378575086,break,click,0.30092904244158003,0.1374043545029024,0.3,0.25694055531246884
1618,39978.01932792899,20.557470863552407,0.7362406701278027,0.5472895487913668,-0.18865001345787175,0.9043056815041778,0.2,0.5472895487913668,0.9208722010383408,0.8313561219300849,break,click,0.30000000000209365,0.2084844021981452,0.3,0.42160965747994694
1619,39991.0922299076,183.58586363818966,0.7404668352802931,0.5570654815429686,0.052426198396516854,0.8705784368806954,0.2,0.5570654815429686,0.7658478151177298,0.7658536711860906,break,click,0.3535122863933469,0.33194369795531764,0.3,0.6689894653255932
1620,40011.543347189676,58.67650082137709,0.6185675913471133,0.5245383244605691,-0.17443605984269067,0.9043056815041778,0.2,0.5245383244605691,0.885570277404134,0.7278259056722024,break,click,0.3006659775911013,0.40592681202901976,0.3,0.9072469450419041
1621,40016.800326174896,3195.751789618321,0.8305555028556695,0.6131978402790237,0.47546167553943086,1.0,0.2,0.6131978402790237,0.7928744153903428,0.672639762020684,break,click,3.458540505392658,0.5322222011422678,0.3,1.0
1622,40031.406697149665,2053.8982647929734,0.4910249204820724,0.6853249831438754,0.3868021597209763,1.0,0.2,0.6853249831438754,0.8473074761446217,0.6412634313554766,break,click,0.3482836768840081,0.396409968192829,0.3,1.0
1623,40036.54040547773,1168.7457908730041,0.25606732684569283,0.7440025508005651,0.31467501685612465,1.0,0.2,0.7440025508005651,0.7768201980537078,0.6594154876477414,break,click,3.6955297405117644,0.30242693073827714,0.3,1.0
1624,40084.26453921338,628.612772023797,0.4289943662161281,0.7917384905501381,0.2559974491994349,1.0,0.2,0.7917384905501381,0.8286983098648384,0.7219321013611126,break,click,0.30000000248388287,0.3715977464864513,0.3,1.0
1625,40113.44967222282,246.70094865322866,0.2934897969100041,0.7289693173610161,-0.33661740627860026,0.9043056815041778,0.2,0.7289693173610161,0.7880469390730012,0.7707914665106195,break,click,0.3000285805752518,0.24249950061530684,0.3,0.7640284146048403
1626,40130.708905397885,139.05600414900667,0.5302652363940045,0.6748897963603707,-0.29001669397775554,0.6687457539921505,0.2,0.6748897963603707,0.7027873354518432,0.80886895837829,break,click,0.3038672402973899,0.2250464621312102,0.3,0.5460886531484055
1627,40142.31273266107,103.4141557593649,0.7282962424090823,0.6410502755984127,-0.18147398045662344,0.49454613924203666,0.2,0.6410502755984127,0.6466165065684611,0.8484847629443882,break,click,0.3343931394844238,0.18610557970399386,0.3,0.3787880587727379
1628,40162.80763480818,204.92900965582712,0.8179416879472684,0.645540823495578,0.024081830445005448,0.4646289619330834,0.2,0.645540823495578,0.5880371378765223,0.8794122035514743,break,click,0.3013103854666328,0.14126903747255998,0.3,0.26797285260129855
1629,40175.787328196,92.4521068522458,0.8125881597036245,0.6224778675743418,-0.12368161007845846,0.5290532905296692,0.2,0.6224778675743418,0.6947993164059537,0.95169056277281,break,click,0.32292251701541147,0.050728310197798325,0.3,0.09661886293651412
1630,40192.22729794876,109.48925253935812,0.7225876213350149,0.5992954063054619,-0.12432249123263667,0.39124175476681156,0.2,0.5992954063054619,0.5763622402005774,0.9080215199861522,break,click,0.3013508051262229,0.08676192977355032,0.3,0.17741454325950456
1631,40230.204316771575,110.59319899741855,0.7593884844461691,0.5841242391916827,-0.08135966533560413,0.2893283406663355,0.2,0.5841242391916827,0.5197837174421234,0.8333544538702742,break,click,0.3000000320893637,0.14768287563058355,0.3,0.2931638597909064
1632,40251.71923255809,139.43814745861414,0.7608806509150675,0.5786445780426681,-0.029386229410881204,0.2139620520888129,0.2,0.5786445780426681,0.47022640327453114,0.7182143158414103,break,click,0.30047035974403075,0.2348171986290778,0.3,0.4655817314245053
1633,40267.550960650326,37.898579138320834,0.7132751057733387,0.5460805480495112,-0.17463380123309769,0.1582277063789297,0.2,0.5460805480495112,0.41896542166524287,0.560531588513033,break,click,0.3023624972229716,0.3254998610323786,0.3,0.670704977551043
1634,40317.58614115573,23.9831252306666,0.8399541201720252,0.528156161530371,-0.09612458142516539,0.11701143647446727,0.2,0.528156161530371,0.42962244172920727,0.3988637797934937,friction,click,0.3000000000774825,0.46028283929591063,0.3,0.8587660434911362
1635,40356.997973884674,289.2532321042657,0.8494402045523402,0.576289848491571,0.2581304808761312,0.741014500157222,0.2,0.576289848491571,0.4122450401458384,0.206910578750092,none,click,0.30000023486028643,0.5397760818209361,0.3,1.0
1636,40371.30409549636,125.82026413992595,0.614571701404012,0.5554557622058194,-0.1117286676146576,0.9043056815041778,0.2,0.5554557622058194,0.8843715104212035,0.5321036021869918,break,click,0.31670763054145257,0.3209256020430212,0.3,0.7198406384236098
1637,40384.97698092033,219.41235569344175,0.8388483546668811,0.5812322815451585,0.13823385974442337,1.0,0.2,0.5812322815451585,0.7953622709337062,0.6533868492856991,break,click,0.30202113470904396,0.30937498280001624,0.3,0.5776886189567597
1638,40435.78997637593,212.54405301568278,0.8498613654907117,0.6016281251340976,0.10937846746980084,1.0,0.2,0.6016281251340976,0.9549584096472135,0.8854958057308637,break,click,0.30000000054974335,0.11241076467705992,0.3,0.2081894621752426
1639,40445.145244549334,64.13498671319523,0.7447222385676049,0.573825714707289,-0.14909827245880108,0.9043056815041778,0.2,0.573825714707289,0.9234166715702814,0.8323416199552407,break,click,0.3193056379107641,0.1669505112011967,0.3,0.33531680006239617
1640,40460.561945322246,116.75649845669349,0.9115980051197862,0.5790317644311604,0.027918910923470874,0.8093102181980805,0.2,0.5790317644311604,0.8171871660695778,0.7833844784013866,break,click,0.3181717380453192,0.2614715125794939,0.3,0.46307715020698437
1641,40469.80378761591,129.8442412097372,0.7585994627208624,0.5720527878503786,-0.03742673155855769,0.8580999772634289,0.2,0.5720527878503786,0.8969227025055196,0.741358020242867,break,click,0.5571653815770429,0.31167717188901256,0.3,0.6190952346650923
1642,40483.21056362855,44.7534887906058,0.9381983618722799,0.5632864900686512,-0.04701174592598145,0.6345760377632084,0.2,0.5632864900686512,0.802495924062924,0.682460832045956,break,click,0.30037072130695186,0.4967008555283488,0.3,0.8634081165301359
1643,40515.36258975656,279.9201507291342,0.8461269150006523,0.6023850674548269,0.20967715584309277,1.0,0.2,0.6023850674548269,0.6651999523490503,0.6528976780179125,break,click,0.3000237403237776,0.5341967234668537,0.3,0.9920994772372462
1644,40950.569797813245,6.893268182289071,0.3902180983462053,0.5280468944129834,-0.39865943305386287,0.9043056815041778,0.2,0.5280468944129834,0.8170654295038615,0.6180842140387619,break,click,0.3,0.35608723933848213,0.3,1.0
1645,40993.417812665575,700.1491225063907,0.8448835615936067,0.6160521658849439,0.47195310558701664,1.0,0.2,0.6160521658849439,0.7971728330117239,0.566094942438977,break,click,0.3000000578468551,0.5379534246374427,0.3,1.0
1646,41005.555511345614,889.7897603735304,0.8318064254355093,0.6876470615903962,0.38394783411505606,1.0,0.2,0.6876470615903962,0.9495419276306527,0.5313318402069885,break,click,0.35650414003369374,0.5327225701742038,0.3,1.0
1647,41012.889865041165,163.6135983908812,0.8083276806375853,0.672922200508081,-0.07896622328300207,0.9043056815041778,0.2,0.672922200508081,0.9424983041912756,0.5229744500796516,break,click,0.4018298841291389,0.5233310722550342,0.3,1.0
1648,41020.49700085581,1498.5929366549647,0.9347051560701896,0.7339125196647597,0.32707779949191895,1.0,0.2,0.7339125196647597,0.8241193113546987,0.5632086328337356,break,click,3.7892454170223218,0.5738820624280758,0.3,1.0
1649,41029.880818617494,3196.9930322489527,0.48064250958110966,0.7835299512802727,0.2660874803352403,1.0,0.2,0.7835299512802727,0.8441927528743328,0.6165202373751905,break,click,0.5293525629625994,0.3922570038324439,0.3,1.0
1650,41060.84087496703,271.3173356393538,0.9506399972619912,0.7892987324091559,0.030936716899915173,1.0,0.2,0.7892987324091559,0.9851919991785972,0.6874376300285587,break,click,0.3000107136647449,0.5181890795806824,0.3,0.8930352819423456
1651,41085.439803214365,243.9130656291387,0.5433641542708757,0.7496317621130849,-0.21272532323729465,0.9043056815041778,0.2,0.7496317621130849,0.8630092462812626,0.7264021155238437,break,click,0.3002321321455245,0.28546219982445603,0.3,0.6839946500365035
1652,41118.619273902266,198.91818233275737,0.7954009610349025,0.7303724393698557,-0.10328355367968689,0.6687457539921505,0.2,0.7303724393698557,0.7823280528441127,0.759324978571885,break,click,0.3000012699181599,0.27712944090548647,0.3,0.5348333242783885
1653,41146.698630871375,170.94408555299924,0.876446747424906,0.7157403033966262,-0.07846895871615367,0.49454613924203666,0.2,0.7157403033966262,0.6910616580732082,0.7978308268164264,break,click,0.30001537264832573,0.22262005414811145,0.3,0.404338298166266
1654,41167.13043732287,146.829895199053,0.9161539575703018,0.7019180088305238,-0.074125955612659,0.3657232698363789,0.2,0.7019180088305238,0.6175008187634324,0.8404747546967636,break,click,0.30173501447108186,0.16429983861050973,0.3,0.29004586283189027
1655,41186.20551294306,188.72795430441536,0.8266291983347593,0.6920922384433669,-0.05269346678262499,0.2704570908283893,0.2,0.6920922384433669,0.5274349996557639,0.8150568936404934,break,click,0.3002467449342372,0.16356726053630855,0.3,0.30823846773014085
1656,41375.72397478017,12.663673906675806,0.8724999883162169,0.6473369898025915,-0.24001265190191368,0.20000651862289462,0.2,0.6473369898025915,0.49445281328368385,0.7593662861631014,break,click,0.3,0.20324290521399788,0.3,0.37020565927897797
1657,41387.41402420768,153.97710772412017,0.9047579650915247,0.6468733083594174,-0.0024866226016788673,0.147907408783868,0.2,0.6468733083594174,0.4695628398352645,0.6693271851773267,break,click,0.33479362041944183,0.26543730192687615,0.3,0.4723897435057113
1658,41392.809664430155,0.0,0.8573971348476265,0.6061901831144191,-0.21817474093560413,0.10937944284908938,0.2,0.6061901831144191,0.4297915759169202,0.500794181726634,break,click,0.3023434097701216,0.38721174797905217,0.3,0.7131511811068436
1659,41401.56084581551,137.12434323534188,0.9221627316744292,0.6110937221100291,0.026296611766972844,0.15518862137822811,0.2,0.6110937221100291,0.4303170746788063,0.3346606996664291,friction,click,0.5429107497933178,0.5406975845524505,0.3,0.9504847309489026
1660,41424.955268826554,512.9427639372348,0.9061804985128559,0.683613220673952,0.3889062778899709,1.0,0.2,0.683613220673952,0.5438571576817121,0.3041126330782456,friction,click,0.30034866866610677,0.5591675778236136,0.3,0.9941248268180655
1661,41440.699196534624,190.54965543711776,0.9093167094148631,0.6853347530692513,0.009232203329876731,1.0,0.2,0.6853347530692513,0.9727950128244588,0.7046963171076867,break,click,0.30362469860816915,0.256108572256705,0.3,0.4543133749599819
1662,41451.51798153128,110.91818539430434,0.9288020671232109,0.6699908542669127,-0.08228598776476548,0.9043056815041778,0.2,0.6699908542669127,0.9786406201369632,0.9380901631280263,break,click,0.36430127734076023,0.058971272113586284,0.3,0.10318306760347962
1663,41462.865999262875,105.74534058569161,0.9931546677156937,0.66230233682497,-0.0412318446769514,0.6687457539921505,0.2,0.66230233682497,0.84165416484835,0.8863758844453469,break,click,0.32386171639679145,0.12036810408646532,0.3,0.20153321469136676
1664,41479.968921080384,140.3269000237536,0.9020077643446209,0.6556099469208435,-0.035889829622967495,0.49454613924203666,0.2,0.6556099469208435,0.6987299631491227,0.8840982199693221,break,click,0.3098743391671773,0.11220362117784216,0.3,0.20007667580623667
1665,41510.37014632644,138.1523266252205,0.9458964567625185,0.6537505929812183,-0.009971310258058641,0.3657232698363789,0.2,0.6537505929812183,0.6264235685210974,0.9276328057015173,break,click,0.3000035187640673,0.06651051034656287,0.3,0.11499874357442819
1666,41530.93317220267,175.07151047072642,0.9325623913504288,0.6596001668524286,0.03136999078240421,0.3775020438815707,0.2,0.6596001668524286,0.5592149575604648,0.8912863924498491,break,click,0.3005200312988656,0.09334295766787759,0.3,0.16289510012175856
1667,41667.13618485915,26.431133421987905,0.9622762213009481,0.6324830598520689,-0.14542313942446972,0.4832175475278529,0.2,0.6324830598520689,0.7092940650664395,0.9316447286689047,break,click,0.3,0.05955156064065308,0.3,0.10181311809145
1668,41692.55453479468,70.81498226931858,0.9158383140004756,0.6164381840022852,-0.08604517501518283,0.3573456296616875,0.2,0.6164381840022852,0.6118476246152228,0.8940528372950821,break,click,0.30000404772694444,0.09148797387829376,0.3,0.16154382349597696
1669,41720.490845659304,214.77424234988507,0.8397936143848649,0.6298503314856368,0.07192642612750355,0.47204215978001457,0.2,0.6298503314856368,0.5272737409922128,0.8141083195009837,break,click,0.3000060831833615,0.14231799470929157,0.3,0.2655595480924754
1670,41741.84941702738,196.6423656161615,0.8969246527866512,0.6418618115758385,0.0644149519278906,0.9927116702372587,0.2,0.6418618115758385,0.8680819700865147,0.9018389188395273,break,click,0.3001724550839935,0.08206073219616661,0.3,0.14685962487752646
1671,41764.69676327629,183.82878931507554,0.8594743102159883,0.6451551263952454,0.017661330176000023,1.0,0.2,0.6451551263952454,0.9578422930647964,0.8359503901403694,break,click,0.30046197623259135,0.14425677202718268,0.3,0.2652804303530084
1672,41785.71082045636,199.86621165106982,0.8039389583641179,0.646394616844667,0.006647117350650822,1.0,0.2,0.646394616844667,0.9411816875092353,0.781395965527787,break,click,0.30047628265666915,0.20059532761110957,0.3,0.38459493507037
1673,41802.68038974129,106.07222668869107,0.9976837617636884,0.6436045627322273,-0.014962452601958942,0.9043056815041778,0.2,0.6436045627322273,0.9993051285291065,0.7372082977954558,break,click,0.30275556514950897,0.3036869864974756,0.3,0.5069277544610795
1674,41821.94702833147,217.99339725718266,0.9250643694115357,0.6606515664522108,0.09141936854501886,0.9680613622519504,0.2,0.6606515664522108,0.8212270753571026,0.6800747781015704,break,click,0.30051141161682576,0.38933675228861214,0.3,0.6830160809672485
1675,41837.16910689118,197.08215196973222,0.9104985322116848,0.668287600864016,0.04095038961579689,1.0,0.2,0.668287600864016,0.9731495596635054,0.6452670148376638,break,click,0.318021139006754,0.4783456137485654,0.3,0.8478307542059467
1676,41855.50711238915,1635.9467229590105,0.919637229912105,0.7301421355434052,0.33171239913598405,1.0,0.2,0.7301421355434052,0.9758911689736315,0.5955411638518328,break,click,0.31230697307860095,0.5678548919648421,0.3,1.0
1677,41860.87549522383,223.53100308850767,0.8953197149096909,0.7295699466871396,-0.00306852422792514,0.9043056815041778,0.2,0.7295699466871396,0.9685959144729072,0.5650669536946921,break,click,4.552621366134791,0.5581278859638763,0.3,1.0
1678,41866.85465549199,5017.426972106669,0.8841668264671567,0.7799971395040476,0.2704300533128604,1.0,0.2,0.7799971395040476,0.808957812473789,0.5991031551778299,break,click,2.4777893172053354,0.5536667305868628,0.3,1.0
1679,41894.044202609926,286.8749511040764,0.652520435324753,0.7622557453986122,-0.09514323296157567,0.9043056815041778,0.2,0.7622557453986122,0.8957561305974259,0.660975934648363,break,click,0.3000936714610774,0.3735482840687243,0.3,0.8102855980238373
1680,41913.174239099826,250.91431490655563,0.9864848949920468,0.7705778427457005,0.044629595730605764,0.8510869302159176,0.2,0.7705778427457005,0.8396532330312559,0.7021727211211742,break,click,0.3028021805549275,0.3780658188671107,0.3,0.635838648850067
1681,41934.66752572239,111.66277369048487,1.0,0.7461503403546219,-0.13099937563259445,0.9043056815041778,0.2,0.7461503403546219,0.9999999999999999,0.7684897482395172,break,click,0.3008607370638355,0.26795130362556474,0.3,0.4465855060426078
1682,41957.702543432715,182.3310948928435,0.8636444278644625,0.7300366414992333,-0.08641425780633627,0.6687457539921505,0.2,0.7300366414992333,0.8028010928929806,0.790652142710697,break,click,0.30016453437052554,0.20258465182459698,0.3,0.3714029986208629
1683,41978.62524940154,57.35395802952196,0.8520565638236683,0.6867166068067388,-0.23231591205049668,0.49454613924203666,0.2,0.6867166068067388,0.6837446029928369,0.8287465054642035,break,click,0.3001278508492357,0.1509249542378371,0.3,0.27906553297410774
1684,42001.17733993614,212.8405786876197,0.9873310036280332,0.7003288728468772,0.07299961836680235,0.5869234317375757,0.2,0.7003288728468772,0.6388539325807517,0.8610294897706162,break,click,0.3003114331468925,0.12457749867682072,0.3,0.20939773724365984
1685,42029.5469515219,126.89634431959057,0.9217598094309682,0.6852567452952844,-0.08082853773190479,0.8608280421118996,0.2,0.6852567452952844,0.9476808569722429,0.8440008576119461,break,click,0.3000175221993439,0.14456900561118252,0.3,0.2542078567916536
1686,42039.4512260349,60.57990408208162,0.917623752790205,0.6571519328184517,-0.15071998879757986,0.6365934770222379,0.2,0.6571519328184517,0.797662097072469,0.7789989694774944,break,click,0.3058489375605781,0.22232697404979618,0.3,0.3920768356416966
1687,42056.353497441276,106.4945625781768,0.8846655719001213,0.6419171274110174,-0.08170094364567004,0.4707691143437259,0.2,0.6419171274110174,0.6777514287064097,0.7495379249119916,break,click,0.3002631818920766,0.24484488502082002,0.3,0.4420650191454337
1688,42081.21302589201,24.13561468750598,0.8684246865061137,0.6088120602391056,-0.17753526579857803,0.3481398522282285,0.2,0.6088120602391056,0.5915155724637262,0.7240216510534258,break,click,0.30000169353753037,0.26150526098029103,0.3,0.47774872734861806
1689,42096.87569668389,229.8458575701891,0.831625288021668,0.6263976905652173,0.09430790573446479,0.5204676615492629,0.2,0.6263976905652173,0.5203063247343609,0.6824730001762288,break,click,0.30362497783088854,0.2716377778936909,0.3,0.5099741277391371
1690,42112.177171550036,117.63571915430002,0.8214301419768352,0.6135987426031951,-0.06863797063392474,0.8970777382103767,0.2,0.6135987426031951,0.9416333567260027,0.7428158921242091,break,click,0.30086426481395995,0.23739499111271337,0.3,0.4491251250663444
1691,42121.5045120657,128.6540357333862,0.8629172606416518,0.6096227154740604,-0.021322567615636556,0.6634005963903699,0.2,0.6096227154740604,0.7990364709670151,0.6785561914148954,break,click,0.32833567633741056,0.3353028812562236,0.3,0.6150462888304118
1692,42133.717116892374,196.51827223285207,0.8891512970489707,0.6246523717148963,0.08060077334148996,0.7440102201626694,0.2,0.6246523717148963,0.6922503612000578,0.6360439912020801,break,click,0.31098804273278685,0.4226854807351266,0.3,0.7606901451862266
1693,42154.760277255315,199.58979200652846,0.9441455156684526,0.6427227728714804,0.0969076261274906,1.0,0.2,0.6427227728714804,0.9832436547005358,0.6151433090648127,break,click,0.30161731987960566,0.5188774276631332,0.3,0.8982429783451565
1694,42178.76414779563,174.97178186103795,0.8235902274001814,0.6404454229191815,-0.012212931845092312,0.9043056815041778,0.2,0.6404454229191815,0.9470770682200543,0.5615266384419433,break,click,0.3001507066554184,0.5294360909600726,0.3,1.0
1695,42197.65165463506,63.53406038189903,0.7896173326454178,0.609450470274387,-0.16621918111909884,0.6687457539921505,0.2,0.609450470274387,0.7805929643272672,0.49487821588365494,break,click,0.30291789479100656,0.5158469330581672,0.3,1.0
1696,42222.122930780555,563.9264547526494,0.8040850262279295,0.6822763866204593,0.39054952972561296,1.0,0.2,0.6822763866204593,0.6693531417141153,0.48295135889145496,break,click,0.30042463379111983,0.5216340104911719,0.3,1.0
1697,42227.67744249262,2808.527699404247,0.8403069427952561,0.7415224272069288,0.3177236133795407,1.0,0.2,0.7415224272069288,0.9520920828385767,0.46862277396735974,break,click,4.383109883963328,0.5361227771181025,0.3,1.0
1698,42233.21873805574,5413.896381866199,0.6031879272866975,0.7897208365272244,0.25847757279307115,1.0,0.2,0.7897208365272244,0.8809563781860091,0.48041454502131614,break,click,1.66347702431028,0.441275170914679,0.3,1.0
1699,42239.90118949172,4489.370448464243,0.5555940324409626,0.828931670500445,0.21027916347277564,1.0,0.2,0.828931670500445,0.8666782097322887,0.5352675851487314,break,click,7.540688220617016,0.42223761297638507,0.3,1.0
1700,42268.752314543126,1039.820802361921,1.0,0.8608308456507765,0.17106832949955497,1.0,0.2,0.8608308456507765,0.9999999999999999,0.6080356717109681,break,click,0.30000778837893494,0.6,0.3,1.0
1701,42285.3486388896,253.06808377075373,0.7882208443079501,0.8327884392162103,-0.15038531878335926,0.9043056815041778,0.2,0.8327884392162103,0.936466253292385,0.6547474942339532,break,click,0.3013738831639181,0.4637507982814025,0.3,0.8999831052464761
1702,42326.11296671296,88.31250733728709,0.3977567776543703,0.7351675785848326,-0.5235194162174163,0.6687457539921505,0.2,0.7351675785848326,0.663034797829953,0.66130046623981,break,click,0.3000000622951835,0.28049354243941754,0.3,0.7810955857450665
1703,42345.46615343394,217.01852312761932,0.9224764740664673,0.7346722782853876,-0.0026561876420747588,0.49454613924203666,0.2,0.7346722782853876,0.7048705760656766,0.716531956270123,break,click,0.3015510012294159,0.3335062149294044,0.3,0.5861366093036362
1704,42351.222573220875,0.0,0.8586724668493756,0.6777361522168491,-0.3053360448606998,0.3657232698363789,0.2,0.6777361522168491,0.6002563715471545,0.751809112976521,break,click,0.3000872210815307,0.2527711923413888,0.3,0.46510693067833286
1705,42362.52393354186,159.27286175078606,0.8657743521239736,0.6692036597449242,-0.04575789896637972,0.2704570908283893,0.2,0.6692036597449242,0.5391785457925282,0.7463542139693817,break,click,0.3077105541436946,0.2374299920223549,0.3,0.43460691667902074
1706,42384.72559191954,189.17505749134392,0.7944647372312944,0.6625835010710796,-0.03550246926509715,0.20000651862289462,0.2,0.6625835010710796,0.471042237958207,0.6753289680811728,break,click,0.30023610687131497,0.2653163947552076,0.3,0.5124056050431464
1707,42397.447261772,235.8180989439383,0.7634413964422873,0.6651772705447367,0.01390982082998693,0.19833363592131234,0.2,0.6651772705447367,0.4271678692404932,0.5470103045945057,break,click,0.33749715323222723,0.3348790002492876,0.3,0.6626326341535709
1708,42403.976297154135,91.89718922979246,0.8385806061775818,0.6407467649949554,-0.1310154809187053,0.24224788382333554,0.2,0.6407467649949554,0.5123038258960227,0.5125029134500134,break,click,2.315033776959913,0.3728880895638955,0.3,0.6964244212171609
1709,42482.77913190256,380.69696471930956,0.8719738930290997,0.6913010064364842,0.2711113874187314,0.875881221470428,0.2,0.6913010064364842,0.4804538196628896,0.4107969603466466,friction,click,0.30000000000000016,0.4619264010652971,0.3,0.8417186424106022
1710,42500.4939813719,203.21933902006597,0.790604702876581,0.6834740092810357,-0.041974481223111204,0.9043056815041778,0.2,0.6834740092810357,0.9371814108629742,0.7888530069442969,break,click,0.30321290163888126,0.1676968075270448,0.3,0.32484153969312135
1711,42517.236032290726,179.18951594080804,0.8565522008703353,0.6776540798846271,-0.031211013919858033,0.6687457539921505,0.2,0.6776540798846271,0.8006734247947425,0.9057335652477732,break,click,0.30676685131729275,0.08525156476894472,0.3,0.15711073395157427
1712,42532.88119736726,76.70101236581466,0.7923519952196816,0.6430448399382164,-0.18560181681751797,0.49454613924203666,0.2,0.6430448399382164,0.6658332324116408,0.9525354727211022,break,click,0.3060321849049379,0.037748233096007756,0.3,0.07302235233828669
1713,42547.6157505476,162.88244174256835,0.7971411399437508,0.6354235687266195,-0.04087121778813052,0.3657232698363789,0.2,0.6354235687266195,0.5817969734754671,0.971580187165972,break,click,0.3134008568681171,0.021065433739610243,0.3,0.04059973331144928
1714,42565.19965132069,170.6106078914682,0.8992315724758257,0.6405432018241265,0.02745547737562859,0.36771576036463166,0.2,0.6405432018241265,0.5492157118980838,0.924822350288538,break,click,0.3020213104299372,0.06010911017839824,0.3,0.10739664427389972
1715,42576.55089560551,52.85764141312561,0.795472681486429,0.6075873960710897,-0.17673480931450497,0.4566681721723169,0.2,0.6075873960710897,0.6416376927915934,0.9803010133988637,break,click,0.331953150307667,0.014582571102476476,0.3,0.02814140990944014
1716,42592.57476985387,112.3323842974235,0.84149993155891,0.5989310777704119,-0.046421949919855376,0.3377120230137385,0.2,0.5989310777704119,0.5765193599355728,0.9420844734899858,break,click,0.30599269837808474,0.044396386384284385,0.3,0.08273646785187105
1717,42598.176088163484,0.0,0.8003391363579486,0.5618679450084938,-0.19876150959143757,0.24974241131259958,0.2,0.5618679450084938,0.5058039474204677,0.840792909726158,break,click,0.3003641762360167,0.11829897931104792,0.3,0.22743870426446078
1718,42611.19661597322,92.16216251255047,0.7828321777257851,0.5515656148590913,-0.055249153004913176,0.1846877450545915,0.2,0.5515656148590913,0.45738857936808897,0.6936661367016658,break,click,0.31463036633452257,0.2245571106619877,0.3,0.43761981216452706
1719,42667.97864683347,232.4679093019152,0.8600813314254586,0.5830902844013023,0.16905993748103199,0.5736817129974566,0.2,0.5830902844013023,0.4486435210045635,0.5448713674361775,break,click,0.3000000000149111,0.353721124050836,0.3,0.6501837718780243
1720,42684.31433492904,146.91759453042408,0.820598739186639,0.5851146213776816,0.010856078355047316,1.0,0.2,0.5851146213776816,0.9461796217559916,0.9283907253151237,break,click,0.3076118952464604,0.058195151588688473,0.3,0.11016811894075229
1721,42701.65150061879,103.82319879795199,0.752432606790703,0.5703612123895491,-0.07911931948489004,0.9043056815041778,0.2,0.5703612123895491,0.9257297820372109,0.9318651701350504,break,click,0.30094519726539326,0.05688952511154651,0.3,0.1135580565435036
1722,42717.82526621731,185.48556189499675,0.6522571986796045,0.5680535183305775,-0.012375660681000933,0.6687457539921505,0.2,0.5680535183305775,0.7393849241375232,0.8586330562671246,break,click,0.303728863387423,0.11846624923186742,0.3,0.25703082907101893
1723,42728.80359272587,54.65313857555351,0.8611787293852651,0.5551595152715632,-0.06914773041850308,0.49454613924203666,0.2,0.5551595152715632,0.6864812526613159,0.8377191703168737,break,click,0.3056110923556591,0.17671459190735253,0.3,0.32456169805702206
1724,42742.63674093604,173.49629770002718,0.7696905874149582,0.5638408580157958,0.04655615056094997,0.5208147622229446,0.2,0.5638408580157958,0.5735618077168293,0.8258824162494839,break,click,0.3253410117683616,0.16356265070066064,0.3,0.32205218405546343
1725,42755.53142390522,93.06161329193725,0.8212133302687404,0.5569587631039352,-0.03690717626650397,0.6814807057956112,0.2,0.5569587631039352,0.7985213080972388,0.8215455109845415,break,click,0.3117103581470125,0.19221549865271154,0.3,0.36371018640421615
1726,42773.87709533304,196.23157507007505,0.6709084647495019,0.5613939493764587,0.023784938108409537,0.6167559808302188,0.2,0.5613939493764587,0.6356487207603675,0.7552582400872263,break,click,0.30271782577493667,0.26013394053206484,0.3,0.5554104961307043
1727,42795.465016150876,194.55324278052566,0.793126967121077,0.5760059705936,0.07836108765973682,0.9315833905216087,0.2,0.5760059705936,0.779346492959683,0.7196280056003553,break,click,0.3009740242853189,0.37123398368866767,0.3,0.7177059815618023
1728,42815.077063176854,214.15408572277914,0.7602173641265215,0.5893936704117547,0.0717953186231346,1.0,0.2,0.5893936704117547,0.9280652092379564,0.6844998655288619,break,click,0.3015007960418384,0.4668704105970345,0.3,0.9261704049773795
1729,42825.61900729102,56.91549808102604,0.8103014131824636,0.5683041339609549,-0.11309859121924037,0.9043056815041778,0.2,0.5683041339609549,0.943090423954739,0.6360023751020004,break,click,0.30154590290326233,0.5241205652729855,0.3,1.0
1730,42834.45008652863,543.5349260092694,0.8094144345612283,0.6488026229725599,0.4316958660390451,1.0,0.2,0.6488026229725599,0.7865320949020104,0.5703465300425086,break,click,8.889108147395811,0.5237657738244914,0.3,1.0
1731,42841.531403142435,4236.50030582235,0.5481674417368023,0.7142905287404387,0.35119737702744014,1.0,0.2,0.7142905287404387,0.8644502325210407,0.532850973238756,break,click,0.9547181931532617,0.41926697669472096,0.3,1.0
1732,42848.5586592471,1963.7821355096182,0.4323387472013692,0.7675668803157375,0.28570947125956125,1.0,0.2,0.7675668803157375,0.8297016241604107,0.5506505597920146,break,click,2.75527492165267,0.3729354988805477,0.3,1.0
1733,42855.48289959529,4332.605237747095,0.4822331439774063,0.8109087707593776,0.2324331196842625,1.0,0.2,0.8109087707593776,0.8446699431932219,0.6086568809217369,break,click,1.3201022113937941,0.39289325759096255,0.3,1.0
1734,42875.5393725455,149.57764545380147,0.04531119042319848,0.6987876564825107,-0.6012811187305266,0.9043056815041778,0.2,0.6987876564825107,0.7135933571269595,0.6439916739388994,break,click,0.3001720311543226,0.2181244761692794,0.3,1.0
1735,42896.533645174786,257.2130073450118,0.6815491688072949,0.6919820821809718,-0.03649681289759854,0.6687457539921505,0.2,0.6919820821809718,0.7481725151758304,0.6997163197089963,break,click,0.3018827979501115,0.4054856099261773,0.3,0.8579533138165791
1736,42931.89547293844,203.6093849028888,0.6492468881125215,0.670939477381051,-0.11284690699610012,0.49454613924203666,0.2,0.670939477381051,0.6229017002794929,0.7309111573931015,break,click,0.30000146278011336,0.3092494873427194,0.3,0.6727220463712082
1737,42939.01376290754,84.28990707106783,0.7138069272637078,0.6320280278495151,-0.2086736299103623,0.3657232698363789,0.2,0.6320280278495151,0.5567967096714541,0.7386272991798031,break,click,0.36182137823971017,0.28200529887602516,0.3,0.5808281624981153
1738,42947.13040739557,73.9221732434875,0.8242087485480748,0.6082491512025573,-0.12752093702111822,0.2704570908283893,0.2,0.6082491512025573,0.5267088647197585,0.7223794834514736,break,click,0.3042186156226341,0.29410197837230745,0.3,0.5552409669071716
1739,42960.385925687544,226.32083739917306,0.8235792018092133,0.6243679292581698,0.08644149645101573,0.4372751024422372,0.2,0.6243679292581698,0.47977657733158274,0.655326248303999,break,click,0.34536157093099457,0.3317839635103886,0.3,0.6266794670407139
1740,42971.46503814519,108.31192521851831,0.8141163384810443,0.6090923036496474,-0.0819198534944997,0.7862780413107201,0.2,0.6090923036496474,0.8659244523627027,0.9047870157370906,break,click,0.3152808042467875,0.09945427489399275,0.3,0.1892037104738945
1741,42988.10919738733,180.2434088952141,0.7563383477888335,0.6080445511211834,-0.005618868636213081,0.5814627866864502,0.2,0.6080445511211834,0.7126976782936288,0.8325497109866449,break,click,0.3060725959165567,0.18566662275814635,0.3,0.3694598335809005
1742,43000.77008913208,94.78005374290355,0.9123575178188654,0.601818170181216,-0.03339072503312124,0.4299992554002446,0.2,0.601818170181216,0.6590085185324649,0.7900957982302386,break,click,0.3105465891867584,0.2857961100627757,0.3,0.5058848529091573
1743,43050.822583944224,179.81121687895842,0.7327800673853486,0.5998296286104932,-0.010664115389843687,0.3179900139412885,0.2,0.5998296286104932,0.5308179963943406,0.7211002995308827,break,click,0.3000000015784102,0.3178871261530631,0.3,0.6446549846220386
1744,43058.90621870059,74.22403635041663,0.799938846052592,0.5798623512446537,-0.10708016014617638,0.2351577303831846,0.2,0.5798623512446537,0.4960070345202545,0.6733663931720014,break,click,0.3253637568834803,0.35190529844712265,0.3,0.6767727949582435
1745,43066.82138828798,151.60761708907955,0.8294756587682638,0.584409431188634,0.02438499950082762,0.2532671456489965,0.2,0.584409431188634,0.46422548576863554,0.5781894232157396,break,click,0.3637577023970957,0.42114233097370163,0.3,0.7919331358121342
1746,43085.577028432526,191.94226228780366,0.7355271966115839,0.5887508334680056,0.023281994976912634,0.4333971305954162,0.2,0.5887508334680056,0.545773444875356,0.5763721899171198,break,click,0.30118785532360415,0.3593361173639248,0.3,0.7270906669424175
1747,43098.29705612424,188.67883452515449,0.822015241271756,0.5995857560665105,0.05810533032431553,0.6950704312907682,0.2,0.5995857560665105,0.6764888356695143,0.671384905597126,break,click,0.3529473574332986,0.3053757180966477,0.3,0.577481462700236
1748,43194.40743070823,12.485644814040098,0.7180289211988066,0.5576365905035113,-0.22496423944955712,0.8912810417515785,0.2,0.5576365905035113,0.9067669261070495,0.910063058481489,break,click,0.3,0.08442043415689911,0.3,0.1732726388668402
1749,43214.64775691999,0.0,0.7186757026318942,0.5206597507112547,-0.19829873918756424,0.6591138643446809,0.2,0.5206597507112547,0.7529197891794838,0.8446783326385534,break,click,0.3,0.1614218110631546,0.3,0.3311418507699433
1750,43234.939979913186,147.8398892524783,0.7249769519110874,0.5256251932168273,0.02662858680988678,0.6055741982601972,0.2,0.5256251932168273,0.6408947243146143,0.7834758140642072,break,click,0.3006990576296269,0.25318023465274714,0.3,0.5167040781007358
1751,43281.34628045378,271.5148558109816,0.7160341508575383,0.5576580904625152,0.17178545197566886,1.0,0.2,0.5576580904625152,0.7580405246430401,0.7460121459683332,break,click,0.3000000066015995,0.33476112193880864,0.3,0.6882231097349065
1752,43298.543305403415,209.33853445830368,0.2751268857625389,0.5281171781428847,-0.15842147950836616,0.9043056815041778,0.2,0.5281171781428847,0.7825380657287616,0.697640124574829,break,click,0.301045740506638,0.29383259248150007,0.3,0.947691913022857
1753,43315.47951565703,354.2705192099921,0.808965004423025,0.5876391687193765,0.31920347308111785,1.0,0.2,0.5876391687193765,0.7863972658605494,0.6480260326728295,break,click,0.3138075187929627,0.52358600176921,0.3,1.0
1754,43322.49577563296,171.03129076124856,0.3044176744865381,0.5463096481998216,-0.22164121802454673,0.9043056815041778,0.2,0.5463096481998216,0.7913253023459614,0.5985188244077851,break,click,2.061409054418955,0.3217670697946153,0.3,1.0
1755,43329.94477460982,1047.1205626724916,0.7043252983726308,0.630909457167542,0.45369035180017836,1.0,0.2,0.630909457167542,0.7550053540454311,0.6129674812837125,break,click,0.6481694021427116,0.48173011934905235,0.3,1.0
1756,43341.64308049371,461.6053002543155,0.22361602834996658,0.641707058094092,0.0579051823253357,1.0,0.2,0.641707058094092,0.76708480850499,0.6606228230260495,break,click,0.3501507558234017,0.28944641133998666,0.3,1.0
1757,43347.65697501173,897.9206375872967,0.3065268243804167,0.7085180764890184,0.358292941905908,1.0,0.2,0.7085180764890184,0.791958047314125,0.713110158864956,break,click,3.4342455204462947,0.3226107297521667,0.3,1.0
1758,43450.5270697802,291.6299442274427,0.1046299571751126,0.6541310707593441,-0.29166566761715873,0.9043056815041778,0.2,0.6541310707593441,0.7313889871525338,0.7617749833775168,break,click,0.3,0.20755350278476664,0.3,0.8581840029663593
1759,43468.416465771596,201.23653150337364,0.0446070293404533,0.5832197647002932,-0.38028189170990034,0.6687457539921505,0.2,0.5832197647002932,0.5570898733357779,0.7532918119118047,break,click,0.3045181779406715,0.1640565180679494,0.3,0.753095852740967
1760,43483.06746136509,81.90569660210772,0.7165360930513712,0.5603641661935029,-0.12256959742197299,0.49454613924203666,0.2,0.5603641661935029,0.6430884617611478,0.8514377707320578,break,click,0.31670180470187875,0.1914567056035345,0.3,0.3934464145722838
1761,43495.956805001864,139.65024525104576,0.6031029940669174,0.5446540629195026,-0.08424986259623701,0.3657232698363789,0.2,0.5446540629195026,0.523585529712417,0.8140254965468042,break,click,0.35942531650975673,0.1919109925499618,0.3,0.43493443853874614
1762,43534.64282317132,155.0947935173385,0.7749491247927203,0.5514954728130639,0.036688991373530655,0.3907995453593868,0.2,0.5514954728130639,0.5119309775931522,0.7771811368009313,break,click,0.30000014949740555,0.23792918161913842,0.3,0.46654642328928353
1763,43715.133219983705,43.21559560926606,0.7007976998571885,0.5240699458771344,-0.14707712837288706,0.5192925659364509,0.2,0.5240699458771344,0.6547860112933807,0.8665468101125527,break,click,0.3,0.1289244907455105,0.3,0.26841426070528684
1764,43766.76676778097,58.10175996000247,0.7051507171043648,0.5056341073104325,-0.09886738737494893,0.3840235726176692,0.2,0.5056341073104325,0.5663419595102034,0.7872550946378909,break,click,0.30000000008671507,0.224504990916028,0.3,0.46571973888761764
1765,43787.31558309406,233.5901085715227,0.6372511207639707,0.5252095971167682,0.1049790887859563,0.5764902049060265,0.2,0.5252095971167682,0.47960082599387266,0.646007141271225,break,click,0.30117756026185927,0.34541536794268274,0.3,0.7593207903603629
1766,43798.730129055635,105.12901731171661,0.7154109799736431,0.51847935263291,-0.036092835490300845,0.9043056815041778,0.2,0.51847935263291,0.9146232939920929,0.8833105574964638,break,click,0.30138726066954563,0.13630634585341447,0.3,0.28037089531717563
1767,43819.59653465789,57.50870671613103,0.61660444970992,0.49269213275867096,-0.13829124438278623,0.6687457539921505,0.2,0.49269213275867096,0.7286890994466179,0.8092047265197853,break,click,0.30061271996925615,0.23270865740917787,0.3,0.5210185609363116
1768,43831.180916469086,51.79387297302668,0.7338935685409265,0.4813168792599272,-0.06100300727192437,0.49454613924203666,0.2,0.4813168792599272,0.6482957044080143,0.7841167299556693,break,click,0.31460320722547974,0.3271504521024722,0.3,0.6628417159377168
1769,43885.59321193264,198.48455037582096,0.7096526120652876,0.5039944950257872,0.12161511474249281,0.7084621726768019,0.2,0.5039944950257872,0.5555504151119282,0.7174224228895186,break,click,0.3000000001039938,0.44037541019799775,0.3,0.9101278453946531
1770,43891.73637476066,1562.712932858947,0.7003991369737909,0.5964848263745959,0.4960055049742128,1.0,0.2,0.5964848263745959,0.9101197410921372,0.7364586350899744,break,click,4.858952145221145,0.4801596547895164,0.3,1.0
1771,43910.172062597776,1432.0051539844924,0.3598827491918862,0.6717284511703046,0.4035151736254041,1.0,0.2,0.6717284511703046,0.8079648247575658,0.6762431313833656,break,click,0.31228748030554565,0.34395309967675447,0.3,1.0
1772,43918.38475420301,219.17296868337226,0.13333467815071978,0.6099890615535537,-0.3310949012407293,0.9043056815041778,0.2,0.6099890615535537,0.7400004034452159,0.7076250734549023,break,click,1.79379275613722,0.25333387126028795,0.3,1.0
1773,44020.77493651449,292.9968413254382,0.7155909929231499,0.6312564712249122,0.11405248656481892,1.0,0.2,0.6312564712249122,0.7583850624105869,0.7616879349864875,break,click,0.3,0.4347744762202749,0.3,0.8941627544778983
1774,44042.15404000973,224.51830129682278,0.04490349131389138,0.5700649413142488,-0.3281568489469381,0.9043056815041778,0.2,0.5700649413142488,0.7134710473941673,0.8083290280234532,break,click,0.3012431319863628,0.1319881825446828,0.3,0.6055576108827456
1775,44051.8473024429,123.79732915250199,0.6270489844415759,0.5510834157972078,-0.10179378765283337,0.6687457539921505,0.2,0.5510834157972078,0.7318224598661146,0.8614512025051809,break,click,0.336014836852754,0.1704151074797224,0.3,0.37801175865519
1776,44061.84140973356,120.07075420537795,0.7408707174568949,0.5453849531284132,-0.030559614312037908,0.49454613924203666,0.2,0.5453849531284132,0.6503888490828049,0.8982756144808196,break,click,0.692714835788059,0.1212204605609355,0.3,0.24422459740481872
1777,44081.19802439992,154.98577885183946,0.8031989503892749,0.5546985413988663,0.04994674563102364,0.5292912498981288,0.2,0.5546985413988663,0.5836143166091243,0.9056215373413671,break,click,0.3029324122535092,0.11217735602926453,0.3,0.21519614483221527
1778,44093.91322500464,141.56284717455662,0.6148638628595355,0.5415872405765956,-0.0703130510009028,0.7044767136872186,0.2,0.5415872405765956,0.7518741456898088,0.9432056271137114,break,click,0.3366599445872264,0.060808235823423665,0.3,0.1363579847037455
1779,44116.060692861676,189.6379318444383,0.6486260648420973,0.5452743577890994,0.01977320665000093,0.6255320691714618,0.2,0.5452743577890994,0.6402472509805048,0.882042925555515,break,click,0.3007771667127845,0.14786916834613661,0.3,0.32183922355632844
1780,44131.33312046655,157.14594052054815,0.6888292575816082,0.5444487968840376,-0.004427303347610101,0.6550773196905774,0.2,0.5444487968840376,0.7412876387273623,0.8421469525598337,break,click,0.3126167477263368,0.23716246869512697,0.3,0.49873114070555824
1781,44142.63878549292,106.14147838282291,0.7029071278366581,0.5332012051578544,-0.060318384987179896,0.4844381551943267,0.2,0.5332012051578544,0.6322932010088385,0.7857154012723565,break,click,0.3384264742993363,0.3868750193784138,0.3,0.8040417469181113
1782,44167.449054524994,241.8353461722996,0.7228590349982974,0.5575397834502308,0.1305224950566688,0.7224646298248341,0.2,0.5575397834502308,0.5545527458093864,0.7562520109238864,break,click,0.3003116712381468,0.39801803593224266,0.3,0.8137038377706324
1783,44177.13207050279,0.0,0.0,0.453575132263273,-0.5575397834502308,0.9043056815041778,0.2,0.453575132263273,0.7,0.7570190526545048,break,click,0.30000246068783715,0.19473240942520526,0.3,0.9736620471260262
1784,44187.7262521728,283.1743020316541,0.7036777579412384,0.5006088572306161,0.25223162424691387,1.0,0.2,0.5006088572306161,0.7548110919160135,0.7125001500068521,break,click,0.6095298545490155,0.4814711031764954,0.3,1.0
1785,44202.377522052426,491.4249794831545,0.15757870410746538,0.5364972657263506,0.1924617191770598,1.0,0.2,0.5364972657263506,0.7472736112322396,0.661746390006314,break,click,0.3340365408834866,0.2630314816429862,0.3,1.0
1786,44212.863960910356,228.8670188722135,0.3030396410313587,0.5180565259266038,-0.09889367162040436,0.9043056815041778,0.2,0.5180565259266038,0.7909118923094076,0.616110206258128,break,click,0.3890620445305823,0.3212158564125435,0.3,1.0
1787,44219.37791307699,92.10997941826467,0.6430859957617114,0.5028823028548117,-0.08137605377291723,0.6687457539921505,0.2,0.5028823028548117,0.7366335632621553,0.6606823851934507,break,click,0.31733006958063603,0.4572343983046846,0.3,1.0
1788,44227.14821702889,386.08528296620307,0.6901473614739335,0.5634475035177293,0.3247979815899089,1.0,0.2,0.5634475035177293,0.6351718422879165,0.6731444931267218,break,click,0.682977057025046,0.47605894458957343,0.3,1.0
1789,44234.14507395974,85.7527895638959,0.0,0.47836918085043145,-0.4562565165628594,0.9043056815041778,0.2,0.47836918085043145,0.7,0.668179402500391,break,click,0.3514567158165772,0.2,0.3,1.0
1790,44244.437064527316,116.59552077134622,0.6117184619293159,0.4733781989688505,-0.026765548921590776,0.6687457539921505,0.2,0.4733781989688505,0.7272233031124367,0.7105581931373873,break,click,0.33735862187580845,0.44468738477172637,0.3,1.0
1791,44249.7145565238,454.7614665444859,0.8367149312909792,0.5691178874891399,0.5134310998572464,1.0,0.2,0.5691178874891399,0.6791421132330302,0.7238177916299852,break,click,6.529303188713921,0.5346859725163917,0.3,1.0
1792,44255.77171714965,4952.815659533703,0.08095312561722481,0.6494646355770992,0.43088211251086006,1.0,0.2,0.6494646355770992,0.7242859376851674,0.6783321622215395,break,click,3.253158401826159,0.23238125024688994,0.3,1.0
1793,44263.637624671916,1449.2924011287598,0.12620422518676822,0.7148290956079109,0.3505353644229008,1.0,0.2,0.7148290956079109,0.7378612675560304,0.7044310279852705,break,click,0.775401445829865,0.25048169007470733,0.3,1.0
1794,44283.426394587055,212.2415904581723,0.020772589972487446,0.6329423446462471,-0.43914081254895176,0.9043056815041778,0.2,0.6329423446462471,0.7062317769917462,0.7527556606434842,break,click,0.301244114876779,0.20601291994036697,0.3,0.9889773574260632
1795,44312.209297524416,166.76566677261343,0.6436836750030551,0.6138023871827991,-0.10264342367895274,0.6687457539921505,0.2,0.6138023871827991,0.7368128670345584,0.8082175268910405,break,click,0.3000068353338584,0.29245129990760194,0.3,0.6392748849606966
1796,44320.71429007183,0.0,0.7731042707919651,0.5714269480473895,-0.22725025178681657,0.49454613924203666,0.2,0.5714269480473895,0.6600589150833259,0.8472407719884648,break,click,0.3000000972577158,0.2222610426703755,0.3,0.43645490744468374
1797,44376.496967731044,75.29219062697057,0.7144312745922102,0.5490325886606047,-0.12009607246757115,0.3657232698363789,0.2,0.5490325886606047,0.5569840138700048,0.8454189217468918,break,click,0.3000000000327018,0.1877280791065622,0.3,0.3864526610812101
1798,44411.10196986794,69.35413529252024,0.7584892020806588,0.5335377736536077,-0.08309531850462493,0.2704570908283893,0.2,0.5335377736536077,0.5069930007795338,0.800597912885593,break,click,0.300000244833058,0.22306253059084646,0.3,0.4431157021888973
1799,44527.37236993328,10.320769510775275,0.7045380091094592,0.5021421659008819,-0.16836780721040895,0.20000651862289462,0.2,0.5021421659008819,0.4440642195216564,0.6380764682964956,break,click,0.3,0.3566997460414173,0.3,0.7403248036671193
1800,44549.99384557059,371.32856117237463,0.7606259314740949,0.5659768485183044,0.3423315013016338,1.0,0.2,0.5659768485183044,0.42632322975003545,0.48369674238749205,break,click,0.3014250096252944,0.48313227235002276,0.3,0.9581198123242615
1801,44564.65193543221,245.5981668816478,0.17608970345597572,0.5341026681012412,-0.1709342881882568,0.9043056815041778,0.2,0.5341026681012412,0.7528269110367927,0.6384055735676225,break,click,0.31734066371369674,0.20002833494243347,0.3,0.7396516095421446
1802,44583.867624316634,218.57139888457738,0.10863117022633534,0.495582954694674,-0.20657283438235174,0.6687457539921505,0.2,0.495582954694674,0.5762971156015425,0.5654191752301078,break,click,0.3029926857902673,0.23774128783751672,0.3,0.9765408816849884
1803,44613.90162991481,219.7509079641416,0.8265548279840319,0.5314567019714298,0.19238309425251893,1.0,0.2,0.5314567019714298,0.676094082240946,0.680282264077703,break,click,0.3000416516725943,0.35244183101468246,0.3,0.6642051718855244
1804,44638.655582949206,96.95421158251368,0.6934696698282664,0.5196104065393984,-0.0635291025791545,0.9043056815041778,0.2,0.5196104065393984,0.9080409009484799,0.8952673006597607,break,click,0.30013174416018135,0.1159097526636291,0.3,0.24279995460694836
1805,44656.583182380644,200.80769953433253,0.7247602124087135,0.5370974720479622,0.09377932408287404,0.9739612510965883,0.2,0.5370974720479622,0.7611358282562559,0.8509291448371296,break,click,0.30457431468565666,0.19150303559356846,0.3,0.39089903814099036
1806,44683.23811389948,112.54952945123156,0.727474745523252,0.5310048906043519,-0.03267318747229675,0.9043056815041778,0.2,0.5310048906043519,0.9182424236569755,0.8166397926903796,break,click,0.30002277520075654,0.2716974960961967,0.3,0.5533667741171664
1807,44707.79079502716,219.93524747539965,0.6593546500695128,0.5447275238723545,0.07359149377465402,0.9234916753260383,0.2,0.5447275238723545,0.7415141595544957,0.748966954095857,break,click,0.3000307539106158,0.4137655815873524,0.3,0.892232548432319
1808,44713.18419800033,1001.2231659423953,0.7565535913633912,0.6296223521529957,0.45527247612764554,1.0,0.2,0.6296223521529957,0.9269660774090173,0.7175121342367251,break,click,6.062560240350143,0.5026214365453565,0.3,1.0
1809,44718.581927340856,5557.892607682407,0.1725430319204722,0.6986868101681195,0.37037764784700433,1.0,0.2,0.6986868101681195,0.7517629095761417,0.6499918052714355,break,click,4.892203820650624,0.2690172127681889,0.3,1.0
1810,44724.55253166022,1808.8621222087859,0.190578831658419,0.7548727929603186,0.3013131898318805,1.0,0.2,0.7548727929603186,0.7571736494975256,0.7036427290610952,break,click,2.023497632824299,0.27623153266336764,0.3,1.0
1811,44825.074036660335,298.44360169463647,0.2750809315149872,0.7093222158867656,-0.24427782508452944,0.9043056815041778,0.2,0.7093222158867656,0.7825242794544961,0.7623740238388114,break,click,0.3,0.25128483549401787,0.3,0.8105116036168376
1812,44837.81421487824,94.19020515058735,0.3254788316487679,0.6293553207932245,-0.42884504362414744,0.6687457539921505,0.2,0.6293553207932245,0.6413514140282722,0.7919521809949839,break,click,0.3006620326831714,0.20017361251263885,0.3,0.6062348446683442
1813,44851.03191016458,136.18107854711084,0.7074527165284626,0.6097008560180478,-0.10540261434510467,0.49454613924203666,0.2,0.6097008560180478,0.6403634488042752,0.8414571955118378,break,click,0.3046558086295223,0.19475336252949876,0.3,0.40323186130516264
1814,44913.72624166427,66.99170243199192,0.7342952986803913,0.5800868288276245,-0.15881357863786222,0.3657232698363789,0.2,0.5800868288276245,0.5629432210964592,0.8450089881220196,break,click,0.30000000000032545,0.17266534027070046,0.3,0.3497245360476141
1815,44933.010571634564,217.7934108402516,0.7779468617825877,0.5952148653961193,0.08112836561398373,0.5018979809605195,0.2,0.5952148653961193,0.5128302986901124,0.8051275079430346,break,click,0.30276743002932655,0.20198430660305175,0.3,0.39513440003543465
1816,44950.87102616957,100.78130970699064,0.7351583606455213,0.5762584648436119,-0.10165904793962038,0.8206934054974416,0.2,0.5762584648436119,0.8650713936119192,0.918878317429519,break,click,0.30163075535221134,0.08625833577764416,0.3,0.17458962859742866
1817,44982.67968797597,207.49065270865978,0.8022843315839688,0.5919680374673042,0.08424701683419722,0.8817549752357996,0.2,0.5919680374673042,0.7433677593653746,0.8558038244769545,break,click,0.3000100970553938,0.18115328767639757,0.3,0.34776062969301946
1818,45000.691546215196,166.55694044195857,0.7434065455324201,0.5897176031514009,-0.012068589148645947,0.9043056815041778,0.2,0.5897176031514009,0.923021963659726,0.8246733506787948,break,click,0.304705648534437,0.2391411729858179,0.3,0.4808185501456784
1819,45032.63061214868,93.92885835320594,0.787247686225016,0.5750456131672773,-0.07868268709738546,0.6687457539921505,0.2,0.5750456131672773,0.7798820704011467,0.7603593492187128,break,click,0.30000697232758206,0.3921623449658251,0.3,0.7616295394476117
1820,45077.811544964,278.8787042423658,0.7609050693192442,0.6037630391830658,0.15400530179530203,0.9318926442311491,0.2,0.6037630391830658,0.6563991546415097,0.7421678949221241,break,click,0.30000003710429696,0.4357329275246821,0.3,0.863928891490483
1821,45083.163279029344,672.6791645559256,0.32404567814709273,0.6776494929241559,0.39623696081693416,1.0,0.2,0.6776494929241559,0.7972137034441278,0.706249338091287,break,click,2.536439626292083,0.32961827125883714,0.3,1.0
1822,45096.214184530596,2160.7696107598545,0.4162340165058238,0.7377583121023853,0.3223505070758441,1.0,0.2,0.7377583121023853,0.8248702049517471,0.6640955570736962,break,click,0.41255925712350405,0.36649360660232955,0.3,1.0
1823,45101.22904465375,598.2220692750591,0.3536821589243624,0.7726022319375583,0.18686035395361977,1.0,0.2,0.7726022319375583,0.8061046476773087,0.7159799938040464,break,click,2.892076029426481,0.34147286356974493,0.3,1.0
1824,45204.54594560083,290.36875598277845,0.44339579907272597,0.7375563584478098,-0.1879433874227222,0.9043056815041778,0.2,0.7375563584478098,0.8330187397218177,0.7742988926563759,break,click,0.3,0.31697875756590227,0.3,0.8399940880526078
1825,45230.94449132517,227.28524755313973,0.31792580360340417,0.6826432769856197,-0.294486897204683,0.6687457539921505,0.2,0.6826432769856197,0.6390855056146632,0.7979942575438029,break,click,0.30011601711324526,0.2073786969139421,0.3,0.6338554670861559
1826,45366.145740005,4.43782883559655,0.7961235574832903,0.6306116634547873,-0.2790342121994788,0.49454613924203666,0.2,0.6306116634547873,0.6669647010907235,0.8523241861704979,break,click,0.3,0.2076586568294785,0.3,0.4005379264008857
1827,45387.97736891198,137.4153075238462,0.8015713846851605,0.6197857834790998,-0.05805683670739925,0.3657232698363789,0.2,0.6197857834790998,0.5831260468978899,0.8732139382070337,break,click,0.30036246957364987,0.1576532931962602,0.3,0.3028133820612444
1828,45408.21462949858,118.59312626478507,0.8131032882341408,0.607666564610988,-0.06499273153104812,0.2704570908283893,0.2,0.607666564610988,0.5233772266255783,0.8436882564000306,break,click,0.30008674210135966,0.17517064979952018,0.3,0.33350508556544967
1829,45444.1301785053,233.8819879497722,0.7323965262711232,0.6171549572630798,0.0508841834617888,0.3483818199691699,0.2,0.6171549572630798,0.45242177467015565,0.733564506306261,break,click,0.3000007077668184,0.25321622246841397,0.3,0.5136662938238176
1830,45455.76395823803,154.72185664094562,0.7597695803624726,0.6089749036197882,-0.04386784628066154,0.5451179401468687,0.2,0.6089749036197882,0.6896125164756101,0.8656479160643886,break,click,0.35746754738528336,0.12601026594757325,0.3,0.2500660992133903
1831,45466.13252883381,115.73437137879603,0.7928331638063382,0.5963153633587289,-0.06789035749312411,0.4031217710495845,0.2,0.5963153633587289,0.6053182041543336,0.8356172074788153,break,click,0.30757691574571744,0.1560222671145357,0.3,0.30170611236328726
1832,45490.154860476476,49.95351899433248,0.8700116853963505,0.5778794810567643,-0.09886762191763804,0.2981137664454229,0.2,0.5778794810567643,0.5587997414777057,0.8062346331610097,break,click,0.3001253834080361,0.17850782449950883,0.3,0.3257414268840081
1833,45506.58885688739,219.0580982242695,0.7938911522053093,0.5952004748847671,0.0928887178262271,0.47600992136022713,0.2,0.5952004748847671,0.4844402217383884,0.6816428378881065,break,click,0.30750895357831454,0.2555157166553543,0.3,0.49369631328696595
1834,45522.1539013969,154.19165673017136,0.8029613543919002,0.595017691632546,-0.0009802267761028771,0.8504574527278882,0.2,0.595017691632546,0.9051605126123876,1.0,break,click,0.31051236047125147,0.0,0.3,0.0
1835,45534.88494587099,141.3866712714246,0.8734516780271727,0.5984564824868799,0.018441486470321067,0.7415812574890336,0.2,0.5984564824868799,0.7793220281960903,0.9267902696225668,break,click,0.3570258218253582,0.07381930259101559,0.3,0.13436821945030075
1836,45552.0224671574,70.021794864298,0.8200517008747954,0.5796409900374347,-0.10090338846910968,0.7539998493968145,0.2,0.5796409900374347,0.8462887241668219,0.8844034623222552,break,click,0.30019894194394287,0.12334665616666299,0.3,0.23360194166054526
1837,45570.39228648515,195.97362041347262,0.8425322349680041,0.5957878610690551,0.08659215296340805,0.8330779085128937,0.2,0.5957878610690551,0.7227181861530253,0.8220463964158121,break,click,0.3027619481958444,0.21482444461919795,0.3,0.40003591538403127
1838,45592.480400946464,27.163930223684023,0.9023505936016119,0.575153487559435,-0.11065765148864415,0.9043056815041778,0.2,0.575153487559435,0.9707051780804835,0.7968450840571584,break,click,0.3000077578871006,0.28861461960084156,0.3,0.5145193736104214
1839,45648.907994081244,276.4604891571103,0.8001433100761215,0.6069455260500257,0.17049377892501372,1.0,0.2,0.6069455260500257,0.7837507575564783,0.7281496298052451,break,click,0.30000000010665434,0.409975984290637,0.3,0.7883284502433686
1840,45683.9765175582,307.96848367733264,0.6795973239151478,0.6289142981450931,0.117813740504214,1.0,0.2,0.6289142981450931,0.9038791971745442,0.6901624620251281,break,click,0.30000328067248905,0.47183892956605916,0.3,1.0
1841,45690.47335451342,1754.7000299632348,0.7042554361050151,0.6981107872549266,0.37108570185490686,1.0,0.2,0.6981107872549266,0.9112766308315045,0.6409021934809183,break,click,3.2241842462226376,0.481702174442006,0.3,1.0
1842,45701.35705910743,2756.4143937262324,0.773707932182125,0.7544041812544034,0.3018892127450734,1.0,0.2,0.7544041812544034,0.9321123796546374,0.6282762361333845,break,click,0.47476930003218426,0.5094831728728499,0.3,1.0
1843,45708.87192720477,319.3668829464801,0.7138063596584835,0.7547225984837785,0.0017076022579384231,1.0,0.2,0.7547225984837785,0.914141907897545,0.6807218361373546,break,click,3.42662633109345,0.48552254386339344,0.3,1.0
1844,45806.00372728097,308.8586845550395,0.5956145224177036,0.7415126677791076,-0.07084198158112731,0.9043056815041778,0.2,0.7415126677791076,0.878684356725311,0.7290338040491723,break,click,0.3,0.4036008088493109,0.3,0.9209461918200045
1845,45816.83873400616,166.12818484142912,0.5905887702214021,0.6970286589955871,-0.23855805161662014,0.6687457539921505,0.2,0.6970286589955871,0.7208843956000625,0.761088912288018,break,click,0.32502147954602206,0.3027706652422778,0.3,0.6940532341553725
1846,45864.813874622814,62.53238576144336,0.838449682800278,0.6598020241995828,-0.1996383353936439,0.49454613924203666,0.2,0.6598020241995828,0.6796625386858198,0.8030312993440389,break,click,0.3000000007885104,0.26749404134788207,0.3,0.49963410052934587
1847,45886.22973712171,196.1163133269687,0.8442864582640457,0.6611980526558121,0.007486596591150918,0.42314087729844707,0.2,0.6611980526558121,0.5959405689715556,0.8404799156596563,break,click,0.30046244412179673,0.1930915650469851,0.3,0.3590967607014641
1848,45902.57392988776,183.55143278970897,0.9109968873061896,0.6656248000020304,0.023739681984418892,0.5199230652152489,0.2,0.6656248000020304,0.6496433823443778,0.8956128225384536,break,click,0.3029426706454148,0.1192086264495624,0.3,0.2112134823294154
1849,45918.53152827413,150.39857138218034,0.9150996916520788,0.6618810828222876,-0.020076739948265532,0.5775090282972786,0.2,0.6618810828222876,0.7577027925780296,0.9196398627382297,break,click,0.3037107286881881,0.08488281758886759,0.3,0.14995907724665303
1850,45953.72520503796,34.097034193175446,0.9846879708265304,0.6382150454308015,-0.12691580466755314,0.42707539990630206,0.2,0.6382150454308015,0.6787676983643264,0.9065782229853656,break,click,0.3000001334341299,0.10249675334077121,0.3,0.17258972146805862
1851,45968.08212663261,41.7916888411333,0.8293146041301975,0.6062692894565183,-0.17131813231428616,0.31582778496622743,0.2,0.6062692894565183,0.5583437347989495,0.8680328798627017,break,click,0.3021700438319977,0.12021922501058596,0.3,0.22609250029500783
1852,45992.0805917064,150.00959390239296,0.974367410249632,0.6190287872639854,0.06842640804628897,0.42934011796996874,0.2,0.6190287872639854,0.5472746817874373,0.8356732144411584,break,click,0.30012857834114537,0.1529324589261007,0.3,0.2593187726867331
1853,46004.255374686334,147.84657787879624,0.8502560632663833,0.617333299194506,-0.00909253328229842,0.697646655783828,0.2,0.617333299194506,0.817960113900763,0.917193849699014,break,click,0.33688387663728847,0.07662299778756708,0.3,0.14186753141143016
1854,46030.18429218766,138.84112207214503,0.9377678385692223,0.6220140827179584,0.025102022680286495,0.6332687012265384,0.2,0.6220140827179584,0.7236385382862599,0.8418059120273126,break,click,0.30012670834543326,0.17047192671136155,0.3,0.29641768674037927
1855,46039.975506012175,122.55885955582687,0.9087177859038877,0.6193183522717561,-0.014456615321230992,0.6861679930730794,0.2,0.6193183522717561,0.8278826245479488,0.8050256153571138,break,click,0.30911195643419537,0.22714212392012328,0.3,0.4031008307572054
1856,46087.825350816456,288.4021893163066,0.9638644247159378,0.6609229872086138,0.223116596731596,1.0,0.2,0.6609229872086138,0.725835379028845,0.7444707594267586,break,click,0.300000002709413,0.3450052256927204,0.3,0.5892028316755982
1857,46104.56894626818,215.00758366866037,0.7835182012754658,0.6608475772874084,-0.0004044069850553944,0.9043056815041778,0.2,0.6608475772874084,0.9350554603826396,0.7153927559529712,break,click,0.32224298681489827,0.38083039952667114,0.3,0.7417705474457431
1858,46111.24120962256,1798.490161830288,0.9390265147947996,0.7240894559356498,0.3391524227125916,1.0,0.2,0.7240894559356498,0.8254157189720818,0.6544287697276107,break,click,3.83401837225305,0.5756106059179198,0.3,1.0
1859,46117.31488002197,4939.352652869046,0.8578091396180304,0.775538597905291,0.2759105440643502,1.0,0.2,0.775538597905291,0.9573427418854091,0.6502266314982142,break,click,1.2376880849107579,0.5431236558472121,0.3,1.0
1860,46145.94847376231,251.45289359386098,1.0,0.7827694563398786,0.038777519087035195,1.0,0.2,0.7827694563398786,0.9999999999999999,0.7044923692941666,break,click,0.3000125471290426,0.5556866285981579,0.3,0.9261443809969296
1861,46184.82762271518,77.1621828357659,0.8864766699830882,0.7374425378507135,-0.24307839280362709,0.9043056815041778,0.2,0.7374425378507135,0.9659430009949265,0.7542391010143089,break,click,0.3000001347616878,0.36929472174105643,0.3,0.6658870101030279
1862,46202.498641659215,203.72339656254286,0.9638766226757091,0.7372840416123874,-0.0008499808096803507,0.6687457539921505,0.2,0.7372840416123874,0.8328707513363546,0.7877794680206179,break,click,0.3053435869259025,0.29652560413573464,0.3,0.5064047057356138
1863,46225.18572846136,211.57410124363903,0.8055954457872775,0.7242276299920893,-0.07001869216419987,0.49454613924203666,0.2,0.7242276299920893,0.6698062675819196,0.81888259753223,break,click,0.3009112569799784,0.20164542153542736,0.3,0.3861177330735759
1864,46231.030634052426,0.0,0.8936548915636011,0.6725007142693211,-0.2774001842102888,0.3657232698363789,0.2,0.6725007142693211,0.6107510989614221,0.8639906073619362,break,click,0.3000490270480848,0.14606820380394342,0.3,0.2620236270258831
1865,46239.03785137406,74.93239859733052,0.8275544432893451,0.6417222885488578,-0.1650579943779854,0.2704570908283893,0.2,0.6417222885488578,0.5277125731421396,0.8376186675918397,break,click,0.45660635364903324,0.15152365424799674,0.3,0.2853435785890621
1866,46263.82598435611,217.84617679397564,0.828679313381989,0.6500994866611056,0.044925089134606244,0.3334840841512135,0.2,0.6500994866611056,0.4813066108034154,0.7526626063339726,break,click,0.3001629885585343,0.21233816412299744,0.3,0.39952861835132525
1867,46278.054396522115,126.50744011343001,0.9677168659105495,0.6485878173030397,-0.008106753564043334,0.5047016187216898,0.2,0.6485878173030397,0.7251807776677116,0.9082362151678386,break,click,0.32377463317957084,0.09014037868643807,0.3,0.1535384323435507
1868,46306.13529304573,170.93471342567997,0.9241934772618785,0.653655581006277,0.02717731310999949,0.480672502513728,0.2,0.653655581006277,0.6248955750218012,0.8767217030866052,break,click,0.3000270816456759,0.1206199734847308,0.3,0.21173382586443235
1869,46345.770330665335,136.24309006153803,0.9687189708893629,0.653843499697169,0.0010077670153270102,0.619078485602043,0.2,0.653843499697169,0.7605511321050441,0.8897936080245166,break,click,0.30000018114170274,0.12132851426968894,0.3,0.20652098303772182
1870,46353.25047785444,0.0,0.8456049747088004,0.6107611960282655,-0.23104101234276886,0.5643928390148935,0.2,0.6107611960282655,0.7281518848198469,0.8310296706026945,break,click,0.30000000430254203,0.18804949406159804,0.3,0.34937722733652465
1871,46368.49507848162,118.07459204873538,0.8919107346227142,0.6075515582073184,-0.01721258865598918,0.41737580819682335,0.2,0.6075515582073184,0.6444989215518766,0.8118726836177407,break,click,0.30768923249869784,0.19992777417007154,0.3,0.3590887138036606
1872,46390.35030243124,82.36017183578068,0.8247830540623117,0.5903571593847181,-0.09220981638143677,0.3086548113757243,0.2,0.5903571593847181,0.5522250558951288,0.7663232599997517,break,click,0.300176279142318,0.22319424497752893,0.3,0.42119017957907634
1873,46412.37609450469,245.1671196201452,0.8985921875787304,0.6211989551130547,0.16539783392982854,0.6659028489200252,0.2,0.6211989551130547,0.5210226147308914,0.7211221577019264,break,click,0.30075833562830356,0.26369456939039754,0.3,0.47135714708751275
1874,46443.56603746364,153.89576076868357,0.7180902622433948,0.6081862836865293,-0.06978412303050285,0.9043056815041778,0.2,0.6081862836865293,0.9154270786730184,0.8271793326729419,break,click,0.3000042727114576,0.15545956443942036,0.3,0.3190641310790582
1875,46464.92560493043,196.63319524284813,0.9441173207052526,0.6286353465258244,0.10966387071965711,1.0,0.2,0.6286353465258244,0.8269429607452177,0.7597321935226785,break,click,0.3006617905415936,0.28229499582364936,0.3,0.48869816838320845
1876,46476.17126209383,0.0,0.9720215813806485,0.602040092450191,-0.14262455583550016,0.9043056815041778,0.2,0.602040092450191,0.9916064744141945,0.726198533214015,break,click,0.30000239197772016,0.3650337498726434,0.3,0.6199531217644725
1877,46492.160669974946,225.14905034423612,0.8426345163665951,0.620820172347396,0.10071347866340175,0.9912966375479075,0.2,0.620820172347396,0.7964981194436204,0.6566876855052945,break,click,0.3054667052506114,0.47077191573105714,0.3,0.876582401972371
1878,46517.800989461306,280.8077334539332,0.9724094617068126,0.6611712841826831,0.2163942253234269,1.0,0.2,0.6611712841826831,0.9917228385120437,0.6262101457821154,break,click,0.30012289597159664,0.5889637846827251,0.3,1.0
1879,46538.5372074302,57.86976206558803,1.0,0.6446063598826134,-0.08883408160069806,0.9043056815041778,0.2,0.6446063598826134,0.9999999999999999,0.577037850022316,break,click,0.3003073234964781,0.6,0.3,1.0
1880,46544.88883255983,1416.9601977947575,0.8323116163203688,0.7108767443926105,0.3553936401173866,1.0,0.2,0.7108767443926105,0.7934012494297525,0.5128980552238414,break,click,3.4492823685669523,0.5329246465281475,0.3,1.0
1881,46551.902338769636,4277.461101844762,0.9524771145783482,0.7647896656073943,0.2891232556073895,1.0,0.2,0.7647896656073943,0.9857431343735045,0.48512632240257914,break,click,1.4631442855266341,0.5809908458313393,0.3,1.0
1882,46735.58848305858,22.865088797297798,0.947794655081726,0.7158764399630801,-0.262310977069909,0.9043056815041778,0.2,0.7158764399630801,0.9843383965245177,0.5349858605365162,break,click,0.3,0.5791178620326904,0.3,1.0
1883,46742.8930191654,492.8444390379969,0.8441600476047396,0.7688570660817038,0.28412356003691985,1.0,0.2,0.7688570660817038,0.7969557788150637,0.5694673250185048,break,click,3.269313542861243,0.5376640190418959,0.3,1.0
1884,46749.19246764514,3524.1180353196737,1.0,0.811958375104777,0.2311429339182962,1.0,0.2,0.811958375104777,0.9999999999999999,0.6365520149469376,break,click,4.0200241611019125,0.6,0.3,1.0
1885,46756.407638085184,83.15811871464395,0.8873854361534135,0.7626708975366445,-0.2643180086347653,0.9043056815041778,0.2,0.7626708975366445,0.966215630846024,0.6831735899021263,break,click,2.824638102286177,0.4725734764725151,0.3,0.8515540529651687
1886,47009.4119895621,118.57503566588832,0.9682594757321741,0.7383696375540675,-0.13032236508819706,0.6687457539921505,0.2,0.7383696375540675,0.8341856072532942,0.7214266592309011,break,click,0.3,0.3876426212652605,0.3,0.6600376630839645
1887,47027.296129524104,134.1971157180719,0.9063943028789976,0.7164731505194306,-0.1174260914669788,0.49454613924203666,0.2,0.7164731505194306,0.7000459247094357,0.7565566427337016,break,click,0.30031961509600663,0.29011541793143114,0.3,0.5157078234346202
1888,47048.27167643527,228.83789492252208,0.9089480969788705,0.7209574397582283,0.024048266623157177,0.4645450523784627,0.2,0.7209574397582283,0.615339060586003,0.7963887071661948,break,click,0.30051186221313053,0.21980578850372084,0.3,0.3900175403463021
1889,47054.460758421774,0.0,0.8389090676668377,0.6647360805354832,-0.3015029059248095,0.5288256508687413,0.2,0.6647360805354832,0.7025445515966005,0.861348728064766,break,click,0.30002318520780225,0.12980630935090778,0.3,0.2423732732968682
1890,47074.9712493415,204.77325562013274,0.8919589047640061,0.6716746321693322,0.03720994137168576,0.5254819531581505,0.2,0.6716746321693322,0.6270619312665634,0.8489792533541002,break,click,0.3021263197861182,0.14226358174645135,0.3,0.2555096656581446
1891,47091.68422514813,107.70074825850485,0.9086875682315974,0.6562526162725391,-0.08270491273040248,0.6434421227230916,0.2,0.6562526162725391,0.7995252664794268,0.8561898237089131,break,click,0.3074640761048444,0.14319634776208442,0.3,0.2541307792292201
1892,47132.18684545561,133.32470736474056,0.8867796478928273,0.6476363968963783,-0.046206908120199675,0.4758337764670738,0.2,0.6476363968963783,0.6817460166287158,0.7877763124316806,break,click,0.300000187931237,0.22819380209878407,0.3,0.4113735777084667
1893,47149.2696081458,0.0,0.8572486243638278,0.6067971318449001,-0.21901208471446443,0.3518852354096767,0.2,0.6067971318449001,0.5906477873167174,0.7754447584397552,break,click,0.300000000036688,0.2307055853631395,0.3,0.42495085502716257
1894,47177.28348502957,214.17956625191403,0.7733864043382582,0.6156769494727743,0.04762052813912154,0.40681207494189936,0.2,0.6156769494727743,0.5046723740579347,0.6776324116236112,break,click,0.3000317570201031,0.2919145481190768,0.3,0.5731067708995533
1895,47205.309308069736,235.49709817765617,0.8710678789799332,0.6369771548399216,0.11422836273926251,0.9304856224856632,0.2,0.6369771548399216,0.7482691930764841,0.7822024232846558,break,click,0.30006390260838195,0.21423491425952332,0.3,0.3906351347442274
1896,47249.65688767993,13.529486959015275,0.8825248009689035,0.6036357122559839,-0.1788028956567007,0.9043056815041778,0.2,0.6036357122559839,0.964757440290671,0.7460088995370451,break,click,0.3000000000813102,0.2767418780593478,0.3,0.5004284152179423
1897,47267.40587724153,33.804741273727785,0.8907400860626491,0.5820033323163142,-0.11600974263249964,0.6687457539921505,0.2,0.5820033323163142,0.8109297903524366,0.6806261223930716,break,click,0.3001067141204171,0.3883017534754536,0.3,0.6980128015414838
1898,47346.789456067345,15.116476452051744,0.8971719363456464,0.5606484154530005,-0.11452176857842628,0.49454613924203666,0.2,0.5606484154530005,0.6972792147494303,0.6192610527424894,break,click,0.3,0.5114200277105587,0.3,0.9150985902425801
1899,47359.475613726354,236.47822143138373,0.8441887212666791,0.5899324168109507,0.15704372196956873,0.7970336907444916,0.2,0.5899324168109507,0.5959112478723456,0.6014087385226292,break,click,0.34438254626378784,0.533596520424422,0.3,0.9924136990258222
1900,47470.38989541889,27.04791442743331,0.8815001769218712,0.5684188758041325,-0.11537243531572339,0.9043056815041778,0.2,0.5684188758041325,0.9644500530765613,0.5907333931493131,break,click,0.3,0.5526000707687485,0.3,1.0
1901,47476.15672131947,312.1301095318446,0.8767466935956945,0.616923009848378,0.2601171079085204,1.0,0.2,0.616923009848378,0.8067317726123503,0.5249615529469444,break,click,3.2772831730605936,0.5506986774382778,0.3,1.0
1902,47483.17656481063,4273.599552151332,0.6931858343768934,0.6883555189554491,0.383076990151622,1.0,0.2,0.6883555189554491,0.907955750313068,0.4850839389469227,break,click,1.3559037547924409,0.4772743337507574,0.3,1.0
1903,47491.860600624466,1036.384486768264,0.8139224647854897,0.7464679814700267,0.3116444810445509,1.0,0.2,0.7464679814700267,0.9441767394356468,0.46115504256327006,break,click,0.8438164547307381,0.5255689859141959,0.3,1.0
1904,47504.36858241856,47.969369469622876,0.7776160516102715,0.6909560790063052,-0.29769824382786236,0.9043056815041778,0.2,0.6909560790063052,0.9332848154830814,0.5176192861318026,break,click,0.32624950983831935,0.5110464206441085,0.3,1.0
1905,47515.77987151081,788.6926645397814,0.859725521580253,0.7485836141191019,0.3090439209936948,1.0,0.2,0.7485836141191019,0.8016254210077177,0.5491557256578928,break,click,0.6737648681965076,0.5438902086321011,0.3,1.0
1906,47522.0203699353,576.8769984573975,0.2980257055416865,0.7712445169148583,0.12152548672348817,1.0,0.2,0.7712445169148583,0.7894077116625059,0.5969001226981424,break,click,2.0786528077060695,0.31921028221667463,0.3,1.0
1907,47610.28742963745,339.87764066496317,0.6932783959464962,0.7712895927503921,0.0002417318895937548,1.0,0.2,0.7712895927503921,0.9079835187839488,0.6599127587100926,break,click,0.3,0.4161863453605706,0.3,0.8719389095921237
1908,47633.75200381444,255.7046190031829,0.608378502646469,0.7437908875118948,-0.14746956767317898,0.9043056815041778,0.2,0.7437908875118948,0.8825135507939407,0.7179334461347802,break,click,0.30041397069582276,0.28419198387830796,0.3,0.6410084262725784
1909,47666.76766777875,272.59787989511153,0.5482856905304012,0.7197547273694104,-0.12890069237780477,0.6687457539921505,0.2,0.7197547273694104,0.7081934716927623,0.7375567869629128,break,click,0.30000724699769815,0.22456771302672485,0.3,0.5355594258686778
1910,47677.7359323797,164.1098264391268,0.644108509850492,0.683847397684276,-0.19256318939525585,0.49454613924203666,0.2,0.683847397684276,0.621360186800884,0.7789298903123438,break,click,0.30987958520142445,0.1873418443581652,0.3,0.40936205513987123
1911,47692.13551224772,125.00364708539612,0.8435903333050552,0.66411926632834,-0.10579767217500335,0.3657232698363789,0.2,0.66411926632834,0.5957317314838584,0.8227673047880448,break,click,0.30282181689399823,0.16143304232775768,0.3,0.3003762350884396
1912,47715.695513242536,203.73513570970343,0.8362438412121973,0.6657362579477079,0.008671573914887931,0.32075600171278,0.2,0.6657362579477079,0.5303193925189953,0.8046922833155141,break,click,0.3001370520402328,0.1631026132425387,0.3,0.3051512909024472
1913,47746.65288983609,251.95933435859666,0.7048715747759502,0.6660436911641304,0.0016486973885131428,0.3682356147585025,0.2,0.6660436911641304,0.5299297952051168,0.7862625356777069,break,click,0.3000146917189188,0.14928282402130072,0.3,0.30974841457493163
1914,47759.88987293395,45.327549001495186,0.5300969913559789,0.601835273823123,-0.344335759234272,0.3404521906358652,0.2,0.601835273823123,0.48491655842743464,0.7111657821112473,break,click,0.3004305303647129,0.17001557937984033,0.3,0.4126203182965289
1915,47797.88660641191,78.95415540760847,0.8344489466377409,0.5858140925343156,-0.08591810624474194,0.2517688007293684,0.2,0.5858140925343156,0.5173813846007369,0.6508687298383835,break,click,0.3000001271820685,0.26622735065123376,0.3,0.4987589658675524
1916,47807.37103131351,189.78483341633904,0.8540585337594493,0.6004419876863882,0.0784462161158328,0.4020042016788151,0.2,0.6004419876863882,0.4797507569613746,0.5248321597271609,break,click,0.5931491835726322,0.3676600457409188,0.3,0.6788112119498562
1917,47832.97086447765,187.5012219503182,0.8180828793104988,0.6084557345813494,0.04297597940675901,0.9016752307748767,0.2,0.6084557345813494,0.8219660331479371,0.7683340356213437,break,click,0.30012634654243453,0.18337313690294219,0.3,0.34780274401042666
1918,47852.52921869354,92.03228350049234,0.7629559583718442,0.5875827256997541,-0.11193740101981187,0.9043056815041778,0.2,0.5875827256997541,0.9288867875115532,0.961524216865594,break,click,0.3014644278946913,0.03154971917042925,0.3,0.062452136516110146
1919,47876.29176729984,201.99853473324808,0.7227620857008763,0.5924862411628536,0.026296485567244066,0.8052541548075134,0.2,0.5924862411628536,0.7605363902439047,0.8946891649670385,break,click,0.3001679682560709,0.09099004549929973,0.3,0.18603382980906102
1920,47885.708673201974,127.43039088109438,0.7660856063366434,0.5831337358241008,-0.050155449393163964,0.8470962137575362,0.2,0.5831337358241008,0.8918676314872332,0.8578222773661413,break,click,0.45338907258774086,0.139519193664389,0.3,0.2754932071064313
1921,47906.43465349797,202.64421465321615,0.8247605359597439,0.5985272008210667,0.08255180047229127,0.8991083262502853,0.2,0.5985272008210667,0.7630654558296573,0.7949420476875244,break,click,0.30181919532816925,0.23313609314925293,0.3,0.4399589337486449
1922,47932.519955556025,115.00729388998548,0.6948636786883647,0.5785121713822425,-0.10733624411440246,0.9043056815041778,0.2,0.5785121713822425,0.9084591036065094,0.7594814007609342,break,click,0.3001170708679966,0.2762776153745535,0.3,0.5780525852075258
1923,47948.739958291015,36.9913624432224,0.7548378182253566,0.5496364772540139,-0.15485405921553624,0.6687457539921505,0.2,0.5496364772540139,0.7701591100012488,0.6956513892733961,break,click,0.3014615214737352,0.41728986465814544,0.3,0.8313621461622307
1924,47971.13190688267,160.77207328628583,0.8131897169063442,0.5604374888134986,0.057923472807015486,0.6916880717604328,0.2,0.5604374888134986,0.6720845489176397,0.6631422523586449,break,click,0.30060976854147,0.5088226197307287,0.3,0.9686769039918882
1925,47989.02938808487,0.0,0.8085432426806853,0.5313171813106268,-0.15616586747315597,0.887400080880813,0.2,0.5313171813106268,0.9313462342815116,0.6390684093604331,break,click,0.3000000792093322,0.5234172970722741,0.3,1.0
1926,47998.55227810855,2016.1946585802646,0.739964090678725,0.6187126411661126,0.4686828186893732,1.0,0.2,0.6187126411661126,0.7574020684451546,0.5716739805966715,break,click,11.243999223887249,0.49598563627149006,0.3,1.0
1927,48005.97854686884,4039.713747020241,0.27326685354090025,0.6898114370544602,0.3812873588338874,1.0,0.2,0.6898114370544602,0.7819800560622701,0.5241317674740781,break,click,6.7330323641988965,0.3093067414163601,0.3,1.0
1928,48017.0319123147,2714.105504513807,0.4487805395853534,0.7476524139785679,0.31018856294553976,1.0,0.2,0.7476524139785679,0.834634161875606,0.5543663386906656,break,click,0.389266954962842,0.3795122158341414,0.3,1.0
1929,48030.29791786724,633.1973830955538,0.5674826721364843,0.7947077623812185,0.25234758602143215,1.0,0.2,0.7947077623812185,0.8702448016409452,0.6171769200201344,break,click,0.31615041205949485,0.42699306885459376,0.3,1.0
1930,48040.813551018815,285.2895262470175,0.5124929620440783,0.7607982419291726,-0.18184937355040753,0.9043056815041778,0.2,0.7607982419291726,0.8537478886132235,0.6670874856346938,break,click,0.41024341619695825,0.40499718481763136,0.3,1.0
1931,48056.602711275766,190.0037716495582,0.4179770544441931,0.7021896714264689,-0.3143050001451283,0.6687457539921505,0.2,0.7021896714264689,0.6691008808668998,0.6906154359544548,break,click,0.3064770372247482,0.324580470224602,0.3,0.8839558370582734
1932,48065.501319647,134.8525465935243,0.7458492583310949,0.6722240020656365,-0.1606993590190161,0.49454613924203666,0.2,0.6722240020656365,0.6518824113450649,0.7376102970995463,break,click,0.5736035907088184,0.326897987525289,0.3,0.6559741986024706
1933,48086.42801999654,143.35752650399866,0.7846544563681417,0.6534464605731741,-0.10069986575156731,0.3657232698363789,0.2,0.6534464605731741,0.5780509684027844,0.7615680143447207,break,click,0.30049621934209036,0.27226904929400847,0.3,0.5298488008669326
1934,48096.13587565859,123.61123215822661,0.8224771984472786,0.6370941610639371,-0.08769382115175162,0.2704570908283893,0.2,0.6370941610639371,0.5261893996895197,0.7439208224573626,break,click,0.3271298539367705,0.2709270663407933,0.3,0.5121582940312485
1935,48129.91244291112,284.22071219450953,0.7901760318068332,0.6582156126394211,0.11326974508261634,0.5043457240212388,0.2,0.6582156126394211,0.46975562633086865,0.6673777473127824,break,click,0.30000401479187405,0.3121026925486064,0.3,0.6047676535106621
1936,48152.97656598833,208.11543469186446,0.31542467944984937,0.6133957841531105,-0.24035897954966579,0.9043056815041778,0.2,0.6133957841531105,0.7946274038349548,0.8283529190410471,break,click,0.30050313705093556,0.11197219942743883,0.3,0.34329412099405743
1937,48178.46489414935,164.78130591644486,0.6924052138261167,0.6019807122236346,-0.06121654484449601,0.6687457539921505,0.2,0.6019807122236346,0.7514293286814769,0.8002354657285301,break,click,0.30022156381311665,0.21173355285532472,0.3,0.44392114023035645
1938,48192.740793943754,168.11549776646723,0.7649130830529625,0.6002316577039994,-0.009379798489069335,0.49454613924203666,0.2,0.6002316577039994,0.6576015587616252,0.7976581085186056,break,click,0.306309316890945,0.2274544986143732,0.3,0.4495457072540405
1939,48201.628426158495,135.01908843727048,0.6443600605613937,0.5798545917921792,-0.10927776687671448,0.3657232698363789,0.2,0.5798545917921792,0.5359626496607599,0.752627487115154,break,click,0.3230835582129753,0.2375691585975329,0.3,0.5190000219008595
1940,48229.78381822474,277.0339685430869,0.7009488041650913,0.601655266527125,0.11691227096922507,0.5913577443486229,0.2,0.601655266527125,0.48973088140486354,0.6993679967995095,break,click,0.30007975899803846,0.274227911277096,0.3,0.5708567890779934
1941,48239.04866399854,64.76092691115575,0.464454643375921,0.5478628927036028,-0.28847678620021977,0.9043056815041778,0.2,0.5478628927036028,0.8393363930127763,0.847984841001453,break,click,0.30288562915135386,0.12303952140295674,0.3,0.3189354788429354
1942,48260.665621771106,83.26796115057545,0.6699489227235584,0.5275742672604014,-0.10880347990360428,0.6687457539921505,0.2,0.5275742672604014,0.7446924413507094,0.788520433773287,break,click,0.30027067729146006,0.23197485898665327,0.3,0.4956944155447235
1943,48277.91633200838,69.56235328833472,0.6486636641506054,0.5058897220582941,-0.11628949357468027,0.49454613924203666,0.2,0.5058897220582941,0.6227267330909181,0.7558592636330269,break,click,0.30150320000276876,0.2907236140093194,0.3,0.632743123776573
1944,48299.636302790226,220.99477242446753,0.6630652241670156,0.5248885087466963,0.10188635555579817,0.6591402747100652,0.2,0.5248885087466963,0.5415741987424465,0.6739131575130153,break,click,0.30095461846950766,0.4421104042255919,0.3,0.9503130070418669
1945,48312.8638439003,90.71980876979812,0.6676858624051127,0.5104098643939862,-0.07764581658189235,0.9043056815041778,0.2,0.5104098643939862,0.9003057587215337,0.7019659558248013,break,click,0.3072721759630853,0.46707434496204514,0.3,1.0
1946,48318.53004355374,1482.4751180261228,0.6516682343892336,0.6017039194260219,0.48959013560601383,1.0,0.2,0.6017039194260219,0.739208234850412,0.6358561912767061,break,click,5.285504410809376,0.4606672937556935,0.3,1.0
1947,48325.19325546721,4502.333167486749,0.2440202515537769,0.6759743379955381,0.39829608057397814,1.0,0.2,0.6759743379955381,0.7732060754661331,0.58925596346801,break,click,2.697649092195607,0.2976081006215108,0.3,1.0
1948,48330.43424320023,1144.8223704471197,0.06058201210360889,0.7363955239375527,0.3240256620044619,1.0,0.2,0.7363955239375527,0.7181746036310827,0.6324235849402947,break,click,3.6075236998077176,0.22423280484144356,0.3,1.0
1949,48341.75374668721,2650.2929244653783,0.3263875854032757,0.7855499488210274,0.2636044760624473,1.0,0.2,0.7855499488210274,0.7979162756209827,0.6973787485946599,break,click,0.5922761077209713,0.33055503416131027,0.3,1.0
1950,48368.29299881717,113.04011075027805,0.2886506749083829,0.6923288460572897,-0.49992447292898834,0.9043056815041778,0.2,0.6923288460572897,0.7865952024725148,0.7495474734160623,break,click,0.30008780133415197,0.2633593950322808,0.3,0.8348417221061628
1951,48379.615707567056,105.9817068960313,0.7402771381478636,0.6569529655177992,-0.1897131433633188,0.6687457539921505,0.2,0.6569529655177992,0.7657909059780009,0.7979472603267422,break,click,0.35194563974703386,0.2864015733097365,0.3,0.5772935025985946
1952,48397.24968288035,204.15135759469135,0.6578396600042203,0.6433697291562747,-0.07284393852232496,0.49454613924203666,0.2,0.6433697291562747,0.6254795318470026,0.8241133449269041,break,click,0.3065276486551916,0.2036485267015158,0.3,0.4397165983690122
1953,48412.420032618866,158.20334015813256,0.7600596645799367,0.6311399351962285,-0.06558572166864063,0.3657232698363789,0.2,0.6311399351962285,0.5706725308663229,0.8415491582899604,break,click,0.30590258942607634,0.17747332737874838,0.3,0.35211294426663575
1954,48433.34571260304,200.71032354390053,0.6879141771392778,0.6243720037995105,-0.03629494219671392,0.2704570908283893,0.2,0.6243720037995105,0.4858204932971194,0.7754871652269798,break,click,0.3012628861266895,0.2133615580665994,0.3,0.4490256160180157
1955,48462.86985736473,81.28939955322215,0.6915707885269273,0.5913714356880696,-0.17697486009451918,0.20000651862289462,0.2,0.5913714356880696,0.44017405334689697,0.6510237558628281,break,click,0.3000026787170311,0.3024217049647131,0.3,0.634502179552799
1956,48475.92033018357,137.92603723907123,0.6996303845840268,0.5784772524187328,-0.06914869684721714,0.147907408783868,0.2,0.5784772524187328,0.40802456568301504,0.4840011062011895,break,click,0.3055027944929654,0.41267191021515354,0.3,0.85999803672497
1957,48494.13337704775,32.94341712699009,0.7489674578567419,0.5481172181604018,-0.16281425208162426,0.10937944284908938,0.2,0.5481172181604018,0.39726267281965477,0.28092999232469346,none,click,0.30001798757466713,0.4995869831426968,0.3,1.0
1958,48499.99382773542,102.38120444594128,0.6908797519635214,0.534187725318405,-0.07470083662121452,0.0808875134541745,0.2,0.534187725318405,0.360932180765534,0.03577786746074066,none,click,2.8317597143163638,0.47635190078540857,0.3,1.0
1959,48506.33666948367,4729.74120917771,0.6464147717673875,0.6210479137630532,0.46581227468159503,1.0,0.2,0.6210479137630532,0.3336128007481761,0.0,none,click,1.7645404630331145,0.458565908706955,0.3,1.0
1960,48522.87899815342,616.6000085981459,0.23903039773513318,0.6712489632443375,0.26921729585219567,1.0,0.2,0.6712489632443375,0.7717091193205399,0.00531368349838867,none,click,0.3088767308757342,0.2956121590940533,0.3,1.0
1961,48527.960950355126,354.19459462756686,0.01290722662679672,0.6298428241703331,-0.22205210664648056,0.9043056815041778,0.2,0.6298428241703331,0.703872167988039,0.08347518539707102,none,click,1.7709962254045657,0.2051628906507187,0.3,1.0
1962,48544.438354167956,436.9620409735547,0.09816772000692423,0.6233990769701256,-0.03455641294992762,0.6687457539921505,0.2,0.6233990769701256,0.5731580805357191,0.04171450687139779,none,click,0.3039961754924434,0.2392670880027697,0.3,1.0
1963,48559.75739735019,117.50081115295073,0.20822548035345545,0.5539555852893057,-0.37241032285220954,0.49454613924203666,0.2,0.5539555852893057,0.49059527795177305,0.0,none,click,0.30733047623802234,0.2832901921413822,0.3,1.0
1964,48655.909467370344,12.480230532203228,0.6623955531284562,0.5153268452333423,-0.2071575205598235,0.3657232698363789,0.2,0.5153268452333423,0.5413732974308787,0.0,none,click,0.3,0.46495822125138253,0.3,1.0
1965,48799.00326302517,46.12359305864395,0.6782695042272302,0.4932230944533701,-0.11853760179642225,0.2704570908283893,0.2,0.4932230944533701,0.4829270914235052,0.0,none,click,0.3,0.4713078016908921,0.3,1.0
1966,48811.13380414916,49.461931983672834,0.6459401998882518,0.4730049362337237,-0.10842557952965315,0.20000651862289462,0.2,0.4730049362337237,0.42648487675529423,0.0,none,click,0.3015200047595507,0.4583760799553007,0.3,1.0
1967,48820.98214314746,913.8596875625373,0.7671491710413049,0.5712739021587361,0.5269950637662764,1.0,0.2,0.5712739021587361,0.4282802016201984,0.0,none,click,4.269151122953652,0.506859668416522,0.3,1.0
1968,48831.25194831556,817.9317779166214,0.18226859317825864,0.6512186173878177,0.4287260978412639,1.0,0.2,0.6512186173878177,0.7546805779534775,0.0,none,click,0.4512552393744834,0.27290743727130345,0.3,1.0
1969,48843.2893664726,49.84457565340468,0.3947879915183736,0.5782119418209664,-0.39151890206187506,0.9043056815041778,0.2,0.5782119418209664,0.818436397455512,0.0,none,click,0.32697258582707167,0.3579151966073495,0.3,1.0
1970,48877.02708389148,53.35274991048136,0.6618397419157936,0.5445351811609438,-0.18060113347496787,0.6687457539921505,0.2,0.5445351811609438,0.74225968710838,0.03641095593288872,none,click,0.30000182635791495,0.4647358967663175,0.3,1.0
1971,48950.55236383234,89.76504414955971,0.6511772571121878,0.5246312874482144,-0.10674024741790028,0.49454613924203666,0.2,0.5246312874482144,0.6234808109793928,0.041878255213145234,none,click,0.3000000000000098,0.46047090284487513,0.3,1.0
1972,48958.328235046174,1620.3972074011908,0.6094787775743724,0.6132734684237201,0.4753687125517856,1.0,0.2,0.6132734684237201,0.5254982647646536,0.0,none,click,6.187611884086979,0.443791511029749,0.3,1.0
1973,48965.110269694705,4423.451302553025,0.19059290979487253,0.6853865088802474,0.3867265315762799,1.0,0.2,0.6853865088802474,0.7571778729384617,0.14550648826546023,none,click,1.099409731001448,0.27623716391794906,0.3,1.0
1974,48971.636099964155,919.4232384629948,0.0,0.7440526038099483,0.31461349111975256,1.0,0.2,0.7440526038099483,0.7,0.2387401682949285,none,click,0.7054567125475357,0.2,0.3,1.0
1975,48985.80334665564,296.45845035819855,0.242829862473509,0.6970500221213083,-0.25206460962544563,0.9043056815041778,0.2,0.6970500221213083,0.7728489587420526,0.4312344475194394,friction,click,0.3087882328843183,0.24142631104221085,0.3,0.8125222316665435
1976,49015.18319836944,0.0,0.24515294868649254,0.5899277255897788,-0.574473547778062,0.6687457539921505,0.2,0.5899277255897788,0.6172536491395897,0.41548043600389667,friction,click,0.3000000036656232,0.2488894194823555,0.3,0.8350279627863033
1977,49029.19148094654,342.65442416533784,0.6775515156425096,0.6229639472734877,0.17716606243814836,0.989794545838265,0.2,0.6229639472734877,0.6313930885384893,0.4501643780838287,break,click,0.3383638725018954,0.36997701769588787,0.3,0.7854794732568804
1978,49081.10663305055,57.786597523390434,0.21706165017636375,0.5405067717442077,-0.44219987528106774,0.9043056815041778,0.2,0.5405067717442077,0.7651184950529091,0.6438463612760725,break,click,0.3000000000423435,0.14593378299934948,0.3,0.5087909211274113
1979,49101.56464115313,117.31347392013224,0.6245723541501256,0.5252947514083193,-0.08157875226897959,0.6687457539921505,0.2,0.5252947514083193,0.7310794707786795,0.7665913564850202,break,click,0.30088339794463087,0.15265307281336865,0.3,0.3393580507515084
1980,49120.5482307662,158.03122913772623,0.6327360530211037,0.5231712848946545,-0.01138768847560967,0.49454613924203666,0.2,0.5231712848946545,0.6179484497520675,0.7531818211990864,break,click,0.3007761846772967,0.16729281876579347,0.3,0.36922286158282247
1981,49161.8619569215,290.4603655185029,0.6915656125878611,0.5577964049339551,0.18568697829740477,0.8686418315640817,0.2,0.5577964049339551,0.5501243152687002,0.6674332909295407,break,click,0.3000000583607536,0.24554748664448675,0.3,0.5151782748060403
1982,49181.979975249495,208.76807703054004,0.026095610229476582,0.5048782569268413,-0.28378850353104174,0.9043056815041778,0.2,0.5048782569268413,0.707828683068843,0.7630046452772256,break,click,0.3025495078386734,0.08374437818069282,0.3,0.39795227593784954
1983,49198.32115858161,183.58523608897073,0.6598289809940969,0.5150442074335958,0.0545177786814206,0.8758073875929547,0.2,0.5150442074335958,0.7416564588318709,0.8492723808659229,break,click,0.30262889135086224,0.12818065453343236,0.3,0.27629214443229355
1984,49211.12242949281,140.61103873873293,0.6087047559756702,0.5085311644729414,-0.03492803102234454,0.9043056815041778,0.2,0.5085311644729414,0.882611426792701,0.8510868729473483,break,click,0.3604788461575944,0.13327009537733608,0.3,0.3005085318229225
1985,49224.881834038315,87.21307641121372,0.6280534982470372,0.4925901722336359,-0.08548806983540569,0.6687457539921505,0.2,0.4925901722336359,0.7321238140077531,0.787833212610381,break,click,0.3200464335376005,0.21487368116959846,0.3,0.4762045450492951
1986,49251.145034020454,228.45654772000978,0.6426413759325222,0.5139039596632862,0.11430120038263747,0.8326323906994877,0.2,0.5139039596632862,0.620920046625493,0.8052747258317231,break,click,0.30008594777581915,0.19628027027493378,0.3,0.42944416859302703
1987,49269.81516108262,128.5475986322327,0.7638277136259115,0.5192546142739314,0.02869439543996044,1.0,0.2,0.5192546142739314,0.9291483140877734,0.7860975411163181,break,click,0.30338385956857367,0.26803372203081605,0.3,0.5302022560927815
1988,49288.943057099736,188.20679476603325,0.7127658792648335,0.5327526113534771,0.07238681881602693,1.0,0.2,0.5327526113534771,0.91382976377945,0.7345656741417304,break,click,0.30212004611481863,0.3643206462284629,0.3,0.751011906868023
1989,49302.32790861486,1120.6698843877239,0.6460892078836161,0.6198804060339601,0.46724738864652293,1.0,0.2,0.6198804060339601,0.8938267623650847,0.6825653620495581,break,click,0.5108973315610301,0.45843568315344646,0.3,1.0
1990,49308.06203172907,523.1837440965263,0.09594822487683066,0.6351846610039149,0.08207338652511309,1.0,0.2,0.6351846610039149,0.7287844674630491,0.6160611203924934,break,click,0.8219144803992151,0.23837928995073226,0.3,1.0
1991,49314.01148818887,504.24774435551893,0.03957956684396459,0.6379658298516747,0.014914802862466048,1.0,0.2,0.6379658298516747,0.7118738700531894,0.6648644013860182,break,click,2.7409794688790408,0.21583182673758586,0.3,1.0
1992,49410.354695628965,311.38676817102277,0.0,0.591584612195271,-0.24873236963789624,0.9043056815041778,0.2,0.591584612195271,0.7,0.7160694122314453,break,click,0.3,0.16357162638324485,0.3,0.8178581319162241
1993,49433.94302037759,152.61787508709443,0.005580871286904071,0.5173653327303283,-0.39802183269295094,0.6687457539921505,0.2,0.5173653327303283,0.5453820259197132,0.703768714903043,break,click,0.3003046926974481,0.15083845557388267,0.3,0.7458671012905359
1994,49474.72088561936,250.13570326758568,0.6685989089863293,0.5415325924476173,0.12960375084731846,0.8708887668611902,0.2,0.5415325924476173,0.6287073065416352,0.787409926282328,break,click,0.3000001317272692,0.22222963155113667,0.3,0.4754189607790751
1995,49521.35978344883,12.864798010317994,0.1493952073100827,0.45748032772038816,-0.45075399127967847,0.9043056815041778,0.2,0.45748032772038816,0.7448185621930248,0.8454261122097271,break,click,0.3000000000621232,0.09659590645164366,0.3,0.3718687224831936
1996,49574.00495436325,79.77939718018311,0.6331130560848016,0.4497978316816716,-0.04119955320275848,0.6687457539921505,0.2,0.4497978316816716,0.7336416813590824,0.8468206188913041,break,click,0.30000000014314954,0.18642777370407682,0.3,0.4113176807533948
1997,49628.774686422505,43.81982364644891,0.6704140757810948,0.43864391721721685,-0.05981601423306304,0.49454613924203666,0.2,0.43864391721721685,0.6292518565800649,0.8224255128118857,break,click,0.3000000000112652,0.23610398640077074,0.3,0.5043172140663186
1998,49640.14095559369,158.3633092697967,0.7307689445711816,0.46189578283767085,0.12469469165561986,0.7161611149596194,0.2,0.46189578283767085,0.5618853148636963,0.7363595843932069,break,click,0.3079336716882527,0.42962076980290226,0.3,0.8726673915886555
1999,49653.721987996316,176.71705131461863,0.6817349957912209,0.480518211458605,0.09986802920121285,1.0,0.2,0.480518211458605,0.9045204987373662,0.7499523535959401,break,click,0.3161979666166981,0.4688296158465285,0.3,0.9918247693355046
