step,simulated_time_sec,dopamine_level,toxicity,control_signal_u,friction_delay_applied
0,8.262919261317043,0.0,0.5457075619631647,0.0,0.0
1,16.923919713576574,1.0,0.44182779714606246,0.24291033292690634,0.0
2,23.70671031855623,1.0,0.7114992121431504,0.26420065276612453,0.0
3,29.98199642341614,1.0,0.5640078882901269,0.20336959582222847,0.0
4,36.00021173825208,1.0,0.25711331907732915,0.0914229424996197,0.0
5,46.324737229582894,1.0,0.5048080582716329,0.2294115549878338,0.0
6,67.91373371176994,1.0,0.40643085023240877,0.1860867082610387,0.0
7,73.6488091653491,1.0,0.4771733128995569,0.23731085827828377,0.0
8,80.97684882047166,1.0,0.5411283464643142,0.2765715041669789,0.0
9,94.33231685535772,1.0,0.5121822653374161,0.27657972068097436,0.0
10,127.7061747336154,1.0,0.39154790734380485,0.2380106619727977,0.0
11,173.9107460527866,0.95,0.9357962306979095,0.43346458620271566,1.083661465506789
12,189.3443481962442,1.0,0.7045535449138709,0.3538363375970319,0.8845908439925798
13,198.33735052727533,1.0,0.5866332086187496,0.3126423622681604,0.781605905670401
14,215.44242422723005,0.95,0.9479787142671161,0.42983467566391326,1.074586689159783
15,224.49181046868858,1.0,0.5174503850315628,0.2761523619614022,0.0
16,272.9759228825279,1.0,0.7485005008658909,0.39336763355106624,0.9834190838776656
17,284.9263214955214,1.0,0.567759342252878,0.30604029850691467,0.7651007462672866
18,307.824290736892,0.95,0.8971705585568883,0.41349798759639533,1.0337449689909883
19,315.879543037468,0.9025,0.8240177679129158,0.3302079231852907,0.8255198079632267
20,649.2324524147778,0.9707444984968105,0.8649605865993971,0.4150665183715178,1.0376662959287946
21,654.6133016340945,1.0,0.5087317821324717,0.2966044299531383,0.0
22,1276.2278594887553,1.0,0.932902571150477,0.4904289556146881,1.2260723890367202
23,1313.3596210235373,1.0,1.0,0.5253516362108765,1.3133790905271914
24,1330.518087005979,1.0,1.0,0.5186465887976,1.2966164719939999
25,1339.8111852685322,0.95,0.9625230223142129,0.46152090632025317,1.1538022658006328
26,1362.5044001873982,0.9025,0.9645723667631299,0.43108501425628215,1.0777125356407053
27,1386.7098032117794,1.0,0.9805765474537013,0.5263916569324946,1.3159791423312364
28,1406.178170058831,1.0,0.8982470253544441,0.480240003892719,1.2006000097317975
29,1440.068429708381,1.0,0.943910510386795,0.5051886105241504,1.262971526310376
30,1450.4651061994095,0.95,0.8682773885853516,0.4302959528633794,1.0757398821584485
31,1473.2359636416093,0.9025,0.9626809353651662,0.4408714777877855,1.1021786944694638
32,1482.7824768450926,1.0,0.606913651615349,0.37448870451425414,0.9362217612856354
33,1502.5283072660875,0.95,0.9511607247818581,0.48704484363941525,1.2176121090985381
34,1521.5078650571818,1.0,0.8404519898866996,0.468845493554521,1.1721137338863024
35,1530.757130660678,0.95,0.8527934924028157,0.43350930851327096,1.0837732712831774
36,1567.32864680756,0.9025,0.951503716062565,0.4406661145322385,1.1016652863305962
37,1593.3341549257193,1.0,0.9239941229980404,0.5126172597842544,1.281543149460636
38,1608.4703714371874,1.0,0.7856665990429271,0.4455478089416468,1.113869522354117
39,1619.6405674856715,1.0,0.5734310658852759,0.3653007439154224,0.9132518597885559
40,1636.3351120690152,0.95,0.9445145135035108,0.49235699913289516,1.230892497832238
41,1750.3578048120282,1.0,0.9202970891639709,0.5087035749127121,1.2717589372817804
42,1791.8020275655383,1.0,0.7382347062035074,0.43347904400834,1.08369761002085
43,1801.8484968502664,1.0,0.43473346525061485,0.3182366129452459,0.7955915323631148
44,1821.3391425722696,0.95,0.8831475854880099,0.4829945516964925,1.2074863792412314
45,1843.9900053570718,1.0,0.9031584080447458,0.5134304577395543,1.2835761443488858
46,1852.7262872417657,0.95,0.927265034585424,0.47538470556117274,1.1884617639029318
47,1861.0961738691915,0.9025,0.9152092553576756,0.4352600889183226,1.0881502222958064
48,1885.3516621112512,0.8573749999999999,0.8685597652864606,0.3845549307643533,0.9613873269108832
49,1907.115724370926,1.0,0.9429540924827011,0.5450152104137659,1.3625380260344147
50,1957.7670740404435,1.0,0.8209995194339432,0.47316446675022183,1.1829111668755545
51,1970.4479518163714,0.95,0.9199268539939223,0.482496372651501,1.2062409316287526
52,1983.3720546727989,1.0,0.7950489187182035,0.4723943315751521,1.1809858289378803
53,2005.6703488923574,0.95,0.8292905621232914,0.4468447041604918,1.1171117604012295
54,2019.4754526181632,0.9025,0.8713425877933723,0.42961253009080924,1.074031325227023
55,2048.6331079519396,0.8573749999999999,0.8151040957532907,0.37181488953718544,0.9295372238429636
56,2062.742851630422,1.0,0.6397632939267082,0.4281756806895416,1.070439201723854
57,2074.0559052267995,0.95,0.7221358037215923,0.4146932166197701,1.0367330415494251
58,2113.3527956267562,1.0,0.503090706538285,0.3662340113743189,0.9155850284357971
59,2138.8203989212766,0.95,0.8998828461466591,0.49998323198308114,1.2499580799577028
60,2160.3726726972927,0.9025,0.783237587884107,0.39431414945231935,0.9857853736307984
61,2168.7714126862993,0.8573749999999999,0.8881212575602648,0.4140878826056705,1.0352197065141762
62,2190.5077211646576,0.9379260263361419,0.8173724997274285,0.4514340900069064,1.1285852250172659
63,2214.438043616452,1.0,0.43015444927107616,0.3365883039607308,0.841470759901827
64,2227.2118425588324,1.0,0.42579331285521416,0.35162065469589215,0.8790516367397304
65,2242.7093057808743,0.95,0.8093575588809712,0.4714643896942162,1.1786609742355405
66,2273.7608151921627,1.0,0.44611943554106986,0.34459947456407475,0.8614986864101869
67,2285.294346871812,0.95,0.914473545232965,0.5165977702769683,1.2914944256924208
68,2349.8498394727203,0.9025,0.8538549094102645,0.42950472044507765,1.0737618011126941
69,2366.006275363333,0.8573749999999999,0.7359532477614843,0.3546800289725202,0.8867000724313006
70,2376.947640527183,1.0,0.5465372638337904,0.40777896770798894,1.0194474192699723
71,2391.1954187541332,0.95,0.928135380942015,0.5207477886717443,1.3018694716793608
72,2414.8480730065753,0.9025,0.7774687335778336,0.4013296362887748,1.0033240907219372
73,2430.67294531676,1.0,0.6831225157171364,0.45946511845535615,1.1486627961383904
74,2439.5197468962533,1.0,0.6127148150226969,0.42450000132362115,1.0612500033090528
75,2457.3538094736045,0.95,0.7819977649643312,0.45816480410926474,1.1454120102731618
76,2474.6930916019405,1.0,0.7055419755234992,0.46475559285474305,1.1618889821368577
77,2482.3428423966657,0.95,0.930145268680407,0.5164432930679906,1.2911082326699765
78,2529.939793027964,0.9025,0.8116465761118318,0.41956585921780953,1.0489146480445237
79,2541.1879019491394,0.8573749999999999,0.8237257925268376,0.4019553768782587,1.0048884421956468
80,2568.6425032719962,0.9959641038535424,0.7915752819910895,0.5097879219780379,1.2744698049450949
81,2596.400099653261,1.0,0.5141219043598867,0.38328624690077917,0.9582156172519479
82,2618.1350137322206,0.95,0.6414552233280825,0.41216505134583725,1.0304126283645931
83,2633.648318067937,1.0,0.553476281575365,0.4164952803913928,1.041238200978482
84,2639.4471738937154,1.0,0.1589918396562675,0.2507339454851353,0.0
85,3279.3398194358692,0.95,0.8011574011571986,0.5022983158784109,1.2557457896960273
86,3285.7075940027435,1.0,0.2428344493781537,0.2803695641220317,0.0
87,3292.083948792729,1.0,0.07344068295388508,0.2362750198779425,0.0
88,3319.6828502592684,1.0,0.038379247843276704,0.23171284311694315,0.0
89,3328.8107346312395,1.0,0.2881949073593127,0.33873910622031467,0.8468477655507867
90,3348.663324402974,0.95,0.7037554543641003,0.45628559639136324,1.140713990978408
91,3353.722251640869,1.0,0.0,0.18377467273815398,0.0
92,3998.4329902162594,0.95,0.7870276760211782,0.5085516239288946,1.2713790598222365
93,4015.4625619569965,1.0,0.28523157480928835,0.29857560085863033,0.0
94,4030.65572200344,0.95,0.7256713710185765,0.4656680813392448,1.164170203348112
95,4036.530518419098,1.0,0.0,0.1824597177388854,0.0
96,4041.7992194482113,1.0,0.1344866953255912,0.27648441203674823,0.0
97,4047.36995346821,1.0,0.0,0.21193079828046452,0.0
98,4059.14214945873,1.0,0.0,0.21999999999999997,0.0
99,4071.167471567357,1.0,0.0,0.21999999999999997,0.0
100,4076.777190004529,0.95,0.21031886927904989,0.2663339250972009,0.0
101,4456.862296987743,0.9025,0.7148005317959947,0.43169709119757466,1.0792427279939367
102,4488.233738898957,1.0,0.5181171520070387,0.40642117193519645,1.0160529298379912
103,4505.9655591449555,0.95,0.7490120815779318,0.461498045142309,1.1537451128557725
104,4529.834947817192,0.9025,0.7311819358126502,0.4062556881466372,1.015639220366593
105,4540.285924445805,1.0,0.44598052523986453,0.375140904451984,0.93785226112996
106,4571.515420858008,0.95,0.7832046214188361,0.4801871094815191,1.2004677737037976
107,4582.528054816196,0.9025,0.7716529097409999,0.42120194480608963,1.0530048620152241
108,4603.161267700763,0.8573749999999999,0.7023172981434989,0.36056909063580944,0.9014227265895236
109,4611.3613884842125,1.0,0.45208974895002263,0.38485365667039956,0.9621341416759989
110,4620.13220817387,0.95,0.6905191965982023,0.4408926776342436,1.102231694085609
111,4626.320109270128,0.9025,0.7907706666481127,0.4347925281963151,1.0869813204907877
112,4996.797736381346,0.8573749999999999,0.8486649459982616,0.42088803732038305,1.0522200933009576
113,5017.7011118845685,0.8145062499999999,0.8969565936497517,0.4071021225729999,1.0177553064324998
114,5039.929197470325,1.0,0.21382470555592586,0.2782482307145037,0.0
115,5045.510200167288,0.95,0.8323882690855825,0.514773590682589,1.2869339767064725
116,5059.164242295472,0.9025,0.8427247797742756,0.44810111136006087,1.1202527784001521
117,5078.521971999949,0.8573749999999999,0.7204319680015869,0.3639129397742099,0.9097823494355248
118,5110.829634205294,1.0,0.7151851693009821,0.4942668530263173,1.2356671325657933
119,5121.19431042772,1.0,0.820175123277759,0.5215624416185998,1.3039061040464994
120,5186.106599127182,0.95,0.8862142376262924,0.5009994724063772,1.252498681015943
121,5203.814936351753,1.0,0.7719723635531082,0.49705553843472783,1.2426388460868196
122,5214.698826480361,0.95,0.7619495635736632,0.45170047488775195,1.1292511872193798
123,5234.089134700446,1.0,0.6661093005418912,0.4600489324131745,1.1501223310329363
124,5256.157614623379,0.95,0.7818801116701655,0.4664230888689559,1.1660577221723898
125,5273.017904737429,1.0,0.5528799474459347,0.41129677122708275,1.0282419280677069
126,5305.180349745792,1.0,0.6887411272112252,0.47609847658195836,1.1902461914548959
127,5316.6186278500545,1.0,0.6485923914860962,0.4510843367914869,1.1277108419787172
128,5332.846440163214,1.0,0.8229784396365114,0.526735401158169,1.3168385028954224
129,5370.749370188946,1.0,0.6758513704896083,0.45447886922744474,1.1361971730686118
130,5378.943570340673,0.95,0.8938988888645747,0.5128864510937448,1.2822161277343618
131,5390.500881395631,0.9025,0.8257201842088352,0.4372685440358363,1.0931713600895907
132,5402.428224464206,0.8573749999999999,0.8548740913158274,0.42139890730011725,1.0534972682502932
133,5456.047656286028,1.0,0.7403221340937006,0.4967578508404045,1.2418946271010114
134,5471.991701863906,0.95,0.902927253866649,0.5128101185783704,1.282025296445926
135,5478.859398947645,1.0,0.32920602464330356,0.3100908951181886,0.7752272377954715
136,6103.889792140627,0.95,0.7983521636196989,0.4935555472416753,1.2338888681041882
137,6138.849898587222,1.0,0.8492440752364455,0.5347813817821252,1.336953454455313
138,6153.875540294345,0.95,0.8547497340739847,0.48604024379688676,1.215100609492217
139,6160.602035347431,1.0,0.9246081985159443,0.5630504593322574,1.4076261483306434
140,6178.763443987944,0.95,0.9523339267975071,0.5225037573439963,1.3062593933599909
141,6196.124209519141,1.0,1.0,0.5888599643921494,1.4721499109803735
142,6220.888187201623,1.0,0.9123561676366122,0.543189590407377,1.3579739760184426
143,6241.529791732578,1.0,0.8905507112456541,0.539289928664978,1.348224821662445
144,6267.741158932784,1.0,0.849561543205919,0.5233828054717468,1.308457013679367
145,6280.255573149222,1.0,0.677175726374457,0.45344011248491684,1.133600281212292
146,6292.640140505835,0.95,0.9099667292903053,0.5195554827194607,1.2988887067986519
147,6355.1282604813705,0.9025,0.9256425717537964,0.4782718763791761,1.1956796909479404
148,6385.332645046642,1.0,0.5716050190202389,0.4162355536832725,1.0405888842081812
149,6420.323424553095,0.95,0.975453310297888,0.5533940891838985,1.3834852229597463
150,6441.2518408620435,1.0,1.0,0.5874728013821265,1.4686820034553163
151,6456.610700507014,1.0,0.9233442900396629,0.5478046018166585,1.3695115045416462
152,6464.60594517134,1.0,0.9968724854162198,0.5832857864724325,1.4582144661810812
153,6485.724626870895,0.95,0.8929594523638009,0.49323062086782304,1.2330765521695577
154,6502.701554313939,1.0,0.8179851157390297,0.5159761814685644,1.289940453671411
155,6544.212883785557,1.0,0.7941004585454863,0.5044430856447624,1.261107714111906
156,6560.860075367849,0.95,0.8412866207595893,0.4836943532062982,1.2092358830157455
157,6581.307564954512,0.9025,0.9559652792563127,0.49512822004207596,1.23782055010519
158,6659.897563321544,1.0,0.8727548250032919,0.5408991097460039,1.3522477743650096
159,6683.009568518731,1.0,0.8440406729062566,0.5221317931204302,1.3053294828010755
160,6702.7961240696095,0.95,0.993424821346198,0.5445959845910276,1.361489961477569
161,6769.000285078006,0.9025,0.8871095916581564,0.45708053921565367,1.1427013480391341
162,6797.7754121360695,0.8573749999999999,0.889054506541279,0.43207131724784753,1.0801782931196189
163,6806.878261042624,0.8145062499999999,0.8918464343361665,0.40253248202871306,1.0063312050717825
164,6829.217784512597,0.7737809374999999,0.7755516335356974,0.3244561375248229,0.8111403438120572
165,6841.748902405165,0.7350918906249998,0.9334366203791233,0.3701337581720898,0.9253343954302246
166,6848.665139712432,1.0,0.888300811231499,0.5688691166194823,1.4221727915487057
167,6878.639401420074,0.95,0.8505302390993988,0.48192465174785754,1.2048116293696438
168,6894.360131104515,1.0,0.8791442041192957,0.5442087513841403,1.3605218784603506
169,6916.410763903381,0.95,0.9361482862598977,0.5184336279819991,1.2960840699549978
170,6988.799038066499,1.0,0.5937644826764127,0.4192121855484995,1.0480304638712488
171,7019.937690213684,0.95,0.9506208986311218,0.5416349084644863,1.3540872711612155
172,7028.070739031758,1.0,0.6426994867140544,0.4388965305020356,1.097241326255089
173,7060.94769253233,0.95,0.8360893330439335,0.4905955506756087,1.2264888766890218
174,7079.527563401993,1.0,0.5746915844206544,0.4172051054740387,1.0430127636850968
175,7097.078985147334,1.0,0.7397334527519832,0.4962065550905937,1.2405163877264842
176,7111.876434022815,0.95,0.9618794402166955,0.5376053577258931,1.3440133943147328
177,7127.962269734113,1.0,0.6754259769091484,0.4519661438888405,1.1299153597221012
178,7152.194846183955,1.0,0.6077098819880344,0.4347125918204256,1.086781479551064
179,7169.247520109543,0.95,0.8850809342921859,0.5132713994834359,1.28317849870859
180,7199.106488017302,1.0,0.8488765593615427,0.5294232988743167,1.3235582471857918
181,7214.391271746707,0.95,0.8089613500225938,0.46683117344779673,1.1670779336194919
182,7222.340438328841,1.0,0.9150789747991781,0.5617954884142993,1.4044887210357482
183,7241.29212920077,0.95,0.8405628913550935,0.47613167588118843,1.190329189702971
184,7255.101033022449,0.9025,0.8814646344676578,0.46388137299511073,1.1597034324877769
185,7278.300481902922,1.0,0.7953326444089903,0.5128518325837164,1.2821295814592908
186,7288.53741749257,1.0,0.7229497747273969,0.47591894672096724,1.1897973668024182
187,7300.412592685388,0.95,0.9003232142241429,0.5127587634904961,1.2818969087262402
188,7326.528098725248,0.9025,0.850958213450542,0.4474830567957791,1.1187076419894477
189,7360.43503177834,1.0,0.30238454386383445,0.3076440156157778,0.7691100390394445
190,7374.410147211282,0.95,0.7742834482820138,0.4850559756466156,1.212639939116539
191,7395.444006385556,0.9572031233460601,0.7765196080302382,0.4697318520864697,1.1743296302161743
192,7403.85086582066,1.0,0.45068621829243993,0.3678326603994832,0.919581650998708
193,7450.877026267553,0.95,0.8144081405925102,0.4930102459513079,1.2325256148782697
194,7463.23802037603,1.0,0.4821328997772675,0.37963132947090167,0.9490783236772542
195,7484.922615513248,0.95,0.5209741566794904,0.36788117181874985,0.9197029295468746
196,7498.333362123802,0.9025,0.5108223238199437,0.32738692660360696,0.8184673165090174
197,7509.756748815732,0.8573749999999999,0.30946200126357326,0.211219701101504,0.0
198,7536.965236726055,0.8145062499999999,0.41988930266438274,0.23908603704322623,0.0
199,7582.309474541203,0.7737809374999999,0.7671051161186055,0.3492260281099513,0.8730650702748782
200,7589.431545440383,0.7350918906249998,0.7010190504289372,0.2730251698380371,0.0
201,7601.837421308599,1.0,0.30966021551334816,0.33978512061487,0.849462801537175
202,7607.535995759584,0.95,0.2956243547072558,0.28358261604624646,0.0
203,8142.374657308001,1.0,0.8616581828493977,0.5701589755143115,1.4253974387857786
204,8150.272399791831,1.0,0.18453371661781354,0.24580467000851788,0.0
205,8155.423472882721,0.95,0.10887026024865243,0.21265348630736514,0.0
206,8162.162469828636,1.0,0.07566579767250839,0.25124741940753437,0.0
207,8170.435150086987,1.0,0.09135959564113622,0.2538310823089267,0.0
208,8177.953738795923,1.0,0.08734648782975066,0.2512039491500271,0.0
209,8194.33592014177,1.0,0.3241051272699625,0.3508833641835991,0.8772084104589978
210,8229.946007612692,0.95,0.3594899132187509,0.30953945591567755,0.7738486397891939
211,8242.172495648867,0.9025,0.0,0.12253060520687495,0.0
212,8250.236030248789,0.8573749999999999,0.08164377396151119,0.14618538506383463,0.0
213,8259.338323748108,1.0,0.07704611213373613,0.26457574065847855,0.0
214,8265.393628187981,0.95,0.2795668655828494,0.2907953168167725,0.0
215,8578.2728949625,0.9025,0.4362825527251612,0.3105646602095967,0.7764116505239917
216,8584.194379471286,1.0,0.1472994684710578,0.26738882359433463,0.0
217,8592.108681291984,0.95,0.20707632195126224,0.2561340871112667,0.0
218,8615.079405356431,1.0,0.10081681886694613,0.2559184846070416,0.0
219,8646.448282011495,0.95,0.6886490243974694,0.4611835811149203,1.1529589527873008
220,8654.564822969869,0.9025,0.6893664217862029,0.39231495568635694,0.9807873892158924
221,8678.967477239139,0.8573749999999999,0.7321393591475831,0.37803154553481255,0.9450788638370313
222,8686.539443687947,1.0,0.11155771486295636,0.24004087869358676,0.0
223,8706.410470816487,0.95,0.7162936680237963,0.47214987767821703,1.1803746941955426
224,8712.249423684467,1.0,0.009617993152904056,0.18706193704279184,0.0
225,8764.765528871352,0.95,0.20668696277051665,0.26423144477444266,0.0
226,8785.991503102052,0.9025,0.7786713805814921,0.45874076207799575,1.1468519051949895
227,8808.64298197576,1.0,0.6532858216373786,0.45935976225280944,1.1483994056320237
228,8821.48135084555,1.0,0.6958904425257728,0.4730768365625818,1.1826920914064545
229,8827.279443543734,1.0,0.11707203192198848,0.2274168268556887,0.0
230,8839.54214948933,0.95,0.7402255252502249,0.481870398689775,1.2046759967244376
231,8888.150497781411,1.0,0.0542262807560349,0.20436150640252115,0.0
232,8920.6252955846,0.95,0.7718118212922782,0.49890738809739477,1.2472684702434869
233,8926.471907482088,1.0,0.0,0.1796912907224633,0.0
234,8935.526129287156,1.0,0.05390984909536318,0.24264213662005246,0.0
235,9044.509933605508,1.0,0.4692662528834177,0.4138572352653136,1.034643088163284
236,9058.050198571636,1.0,0.32241130444559174,0.3272567726941433,0.8181419317353583
237,9072.219428055736,0.95,0.6950120643409443,0.450560388756461,1.1264009718911525
238,9078.402820516836,1.0,0.0,0.18429927613954333,0.0
239,9098.407416392716,0.95,0.0,0.17799999999999994,0.0
240,9105.726693551189,1.0,0.0,0.22599999999999998,0.0
241,9118.845476218508,0.95,0.0,0.17799999999999994,0.0
242,9127.61465995509,1.0,0.0,0.22599999999999998,0.0
243,9133.676375890605,1.0,0.15051862761681625,0.2832178235990628,0.0
244,9142.717035657211,1.0,0.0,0.210968882342991,0.0
245,9238.448056846457,1.0,0.21940756723017274,0.3121511782366726,0.7803779455916815
246,9243.907667902284,1.0,0.012022034176137814,0.21188480032016752,0.0
247,9843.330277621837,0.95,0.6815327504962209,0.4635224331578444,1.158806082894611
248,9858.612996109112,1.0,0.48100750466221487,0.387131186928357,0.9678279673208925
249,9885.718406444174,0.95,0.48920641605305915,0.35460624446255196,0.8865156111563799
250,9905.048585283088,0.9025,0.8458954077560814,0.47002368629437064,1.1750592157359265
251,9913.332168606119,1.0,0.27560977596726577,0.2967023814408866,0.0
252,10078.336960298031,1.0,0.4354215717003879,0.3863404735561269,0.9658511838903172
253,10094.030836148648,1.0,0.5052663786174998,0.40608658471732656,1.0152164617933164
254,10104.796148985883,0.95,0.6265650062577147,0.4108413199111901,1.0271032997779752
255,10112.523316978924,0.9025,0.8066674614872877,0.445306433449198,1.113266083622995
256,10135.442131994792,0.8573749999999999,0.7951764256371651,0.39746905107837205,0.9936726276959301
257,10148.036742701242,1.0,0.48196583954211786,0.39183006706945955,0.9795751676736488
258,10163.572578528767,0.95,0.5307531025627912,0.3719983527038453,0.9299958817596132
259,10173.148103277117,0.9025,0.4661788553278059,0.30804993308391104,0.7701248327097776
260,10185.437943639054,0.8573749999999999,0.811904390393813,0.424924112645733,1.0623102816143324
261,10216.533705628704,0.9015870029601203,0.5965283774971301,0.35627573761166687,0.8906893440291672
262,10229.527468674865,0.8565076528121143,0.8332603276163251,0.4254536229559902,1.0636340573899754
263,10284.303532965787,1.0,0.521019560362509,0.4060516773578205,1.0151291933945512
264,10296.628422866117,0.95,0.8030943267085312,0.4840384435958325,1.2100961089895812
265,10314.266625804572,1.0,0.7383130070834929,0.48790580337255507,1.2197645084313877
266,10339.52746836448,1.0,0.7154945219452156,0.47620891879198085,1.190522296979952
267,10344.900267743631,0.95,0.76191232903228,0.45507350687684467,1.1376837671921116
268,10355.463742360702,0.9025,0.8556963370075207,0.4577777218012219,1.1444443045030548
269,10399.893073155237,1.0,0.838189123828817,0.5323976517876517,1.3309941294691294
270,10407.213620945666,0.95,0.8122538101793436,0.4688552528455953,1.1721381321139883
271,10426.442675818185,0.9025,0.8490205602430881,0.45195340669133643,1.129883516728341
272,10447.795224232903,1.0,0.7803661438105844,0.5085125467858601,1.2712813669646503
273,10456.620040198502,1.0,0.6047475347598938,0.42717199597052025,1.0679299899263006
274,10469.558697921266,0.95,0.9096802501077837,0.5237808529596756,1.309452132399189
275,10475.439118847242,1.0,0.9253027822665054,0.5600463535454652,1.400115883863663
276,10567.990163686105,0.95,0.8951492249547479,0.4984445075450038,1.2461112688625096
277,10588.069850958493,0.9025,0.8900055910211919,0.4641933947316157,1.1604834868290392
278,10639.851190427724,1.0,0.9560504878704953,0.5798408694443364,1.449602173610841
279,10658.386876861763,1.0,0.7763391440184413,0.4886994112155156,1.221748528038789
280,10796.584601517749,0.95,0.8486196041167898,0.4878398850879452,1.219599712719863
281,10830.197782416082,0.9025,0.9066800569275142,0.47398844766254844,1.184971119156371
282,10845.729137221391,1.0,0.602580855573269,0.43038315592512205,1.075957889812805
283,10856.130154542534,0.95,0.8722573482116125,0.508193234914481,1.2704830872862025
284,10937.587702251178,1.0,0.7653941865522085,0.49513011745923075,1.237825293648077
285,10963.565788966536,0.95,0.9921524022725341,0.5487803577613317,1.3719508944033292
286,10977.320643504894,1.0,0.7523064712736396,0.4824395737985765,1.2060989344964412
287,10997.483689564346,1.0,0.9502034270117777,0.5739470510685282,1.4348676276713204
288,11012.85223641126,1.0,0.590528232889242,0.411009652192775,1.0275241304819376
289,11090.091218559579,1.0,1.0,0.6045683060266454,1.5114207650666134
290,11108.164975617537,1.0,0.8291069752700171,0.5082249296134072,1.2705623240335178
291,11118.087376601674,1.0,0.7103495508115694,0.4686003928246581,1.1715009820616453
292,11184.213563129422,0.95,1.0,0.5553790269513056,1.388447567378264
293,11220.069184352767,1.0,0.962034338296159,0.5700544220843867,1.4251360552109669
294,11229.055855006118,1.0,0.793415880174693,0.49551260937560154,1.2387815234390038
295,11249.808561138761,0.95,0.9439586223826659,0.5268576685902381,1.3171441714755951
296,11283.906766135695,1.0,0.7486492679469772,0.48379517519477044,1.209487937986926
297,11290.454966774265,0.95,0.8899491665512984,0.5068596938747266,1.2671492346868165
298,11847.514471143091,0.9025,0.819575010288454,0.43492455432807275,1.087311385820182
299,11865.812828089127,1.0,0.8852811053704102,0.554343563638265,1.3858589090956626
300,11884.080610172916,1.0,0.6740821354322198,0.44999763055930764,1.124994076398269
301,11902.534919951635,0.95,0.882757776568838,0.5083133380329787,1.2707833450824468
302,11914.96650418146,1.0,0.8548891695522587,0.5320879846178184,1.3302199615445458
303,11933.13197685728,0.95,0.9769812720168556,0.5370387840739439,1.3425969601848597
304,11940.426389137081,0.9991584063488717,0.8535236411596204,0.5251541142990813,1.3128852857477034
305,11947.936506094744,0.949200486031428,0.8559228548360088,0.48570558006608133,1.2142639501652033
306,11980.32333499468,0.9017404617298566,0.8825601563363707,0.4628778239004232,1.157194559751058
307,12002.094065046427,0.8566534386433637,0.8821613787685816,0.42893420275546473,1.0723355068886617
308,12029.85480466376,1.0,0.9535328499776743,0.5847557016273047,1.4618892540682618
309,12056.501902484437,1.0,0.9251479243195708,0.5513501572155592,1.378375393038898
310,12069.540622420716,1.0,0.6792145289559535,0.4497612267023261,1.1244030667558151
311,12081.720878020666,0.95,0.7804944817117927,0.4650548105815957,1.1626370264539894
312,12099.760063813172,0.9025,0.7968367620957477,0.43194177117750643,1.079854427943766
313,12110.362494902263,1.0,0.8944889673648293,0.5595751605674835,1.3989379014187087
314,12128.434595932724,1.0,0.9907429061962592,0.582442682560539,1.4561067064013475
315,12152.633881223897,0.95,0.8324373009208528,0.4681790920149824,1.170447730037456
316,12165.343354766677,0.9987071638022046,0.6015609449422649,0.42762337641435183,1.0690584410358797
317,12191.21442848637,1.0,0.5389511303263737,0.41042095838427645,1.026052395960691
318,12220.005226843625,0.95,0.8573157312278259,0.5057355392961045,1.264338848240261
319,12240.905799785365,0.9025,0.9048471314589281,0.47269685133908024,1.1817421283477005
320,12251.75003969857,1.0,0.6399224313216512,0.44617659326755776,1.1154414831688944
321,12282.931939142974,0.95,0.8286294251813435,0.4876290126968651,1.2190725317421627
322,12306.50942062962,1.0,0.5220612755071754,0.3955479702021331,0.9888699255053328
323,12315.073536024243,0.95,0.5713390549319253,0.3866387265409781,0.9665968163524452
324,12333.038589218222,0.9025,0.753870260880915,0.42644516627406887,1.066112915685172
325,12358.01473753189,1.0,0.7282006361252342,0.4923120515197435,1.2307801287993587
326,12370.71057256547,1.0,0.47033348612387127,0.3738480260045119,0.9346200650112797
327,12384.18248615393,0.95,0.4084691852770586,0.3213370486489323,0.8033426216223307
328,12389.828702006076,0.9025,0.41937600845568634,0.2957297724347647,0.0
329,13045.273933858354,1.0,0.7349392760040396,0.5152119354143554,1.2880298385358886
330,13052.378289156439,1.0,0.27593733898471573,0.29179732581333817,0.0
331,13061.513175448139,0.95,0.10537367661335864,0.20570070383852768,0.0
332,13075.85903818832,1.0,0.33595310341761453,0.3607778828385965,0.9019447070964913
333,13083.709983991454,0.95,0.45095842952907916,0.3472453541971563,0.8681133854928907
334,13102.391784900028,0.9025,0.730212962003819,0.42373193826985917,1.0593298456746478
335,13111.796192973296,0.8573749999999999,0.6775352728749409,0.35264703688724586,0.8816175922181146
336,13126.562792378543,0.8145062499999999,0.7165706721776421,0.3416078159421131,0.8540195398552828
337,13132.482034720171,0.7737809374999999,0.6570131838211819,0.2851865343742378,0.0
338,13140.651987063127,0.7350918906249998,0.7354365470956608,0.2940860343759064,0.0
339,13146.705735384841,1.0,0.14041730952698,0.26663805030059196,0.0
340,13152.578410568172,1.0,0.12617114989946016,0.2645668443861544,0.0
341,13261.892427204484,1.0,0.30287236052838185,0.33963612242795277,0.8490903060698819
342,13279.207536498183,1.0,0.09047103598626612,0.23982549348252877,0.0
343,13288.36176254277,1.0,0.0584506242101365,0.23912100000908132,0.0
344,13295.817601318802,0.95,0.209715756350645,0.26257358021466265,0.0
345,13312.34896397352,0.9025,0.06112132325568964,0.15718801038635088,0.0
346,13321.388579823235,1.0,0.10957039509344751,0.27405228654390656,0.0
347,13334.442663385547,0.95,0.14270351137822707,0.23136125107324848,0.0
348,13361.890383684466,1.0,0.1422622261541924,0.2771879243020672,0.0
349,13389.753876127881,0.95,0.6849297317935126,0.4571347537840236,1.142836884460059
350,13397.415593498512,1.0,0.280676244152842,0.30278823863658294,0.7569705965914574
351,13407.05267843733,0.95,0.7624155980334547,0.4813739765248803,1.2034349413122007
352,13413.837273131765,0.9025,0.6980707605687814,0.3915447835568808,0.9788619588922021
353,13423.73184578339,0.8573749999999999,0.632215783116131,0.33554138327464794,0.8388534581866198
354,13431.04728288818,0.9851352268994777,0.03544280204914731,0.20158162046923533,0.0
355,13496.525950055322,0.9358784655545038,0.3376826274480894,0.30762181924309456,0.7690545481077364
356,13502.538442345713,0.8890845422767786,0.14838764676274266,0.17658745363942008,0.0
357,13532.845461339639,0.8446303151629396,0.700595406062571,0.3881461314041709,0.9703653285104273
358,13539.386376724955,1.0,0.0,0.19660863781669297,0.0
359,13554.181530215663,0.95,0.08228411985027484,0.21255933033711533,0.0
360,13569.604963399981,1.0,0.43347766907638946,0.403123573821067,1.0078089345526675
361,13574.671729009497,1.0,0.01205241010695389,0.1990533521003372,0.0
362,13590.219872368434,0.95,0.019712156811655793,0.18555596125447812,0.0
363,13602.314237779863,1.0,0.0,0.22481727059130063,0.0
364,13621.284144893805,0.95,0.6092889264416314,0.43390134910548506,1.0847533727637126
365,13627.771507669086,0.9025,0.6752503604616052,0.39114781580737634,0.9778695395184409
366,13646.005368008426,0.8573749999999999,0.6538065679779952,0.3459787369230616,0.864946842307654
367,13671.410353428537,1.0,0.40086018791393063,0.3662478848451711,0.9156197121129278
368,13687.119488488619,1.0,0.0,0.19594838872516412,0.0
369,13702.485846951839,0.95,0.688592217479492,0.4672087313413866,1.1680218283534665
370,13714.102649969438,1.0,0.2755771609311666,0.3004268745423205,0.7510671863558012
371,13721.469984238405,0.95,0.238334380532697,0.2615658101678626,0.0
372,13728.741632790543,0.9025,0.16870212190506934,0.20065482836816725,0.0
373,13940.895613635725,1.0,0.27950500246661025,0.3389699737216721,0.8474249343041802
374,13946.327351873171,1.0,0.0,0.20322969985200337,0.0
375,13952.217492510465,0.95,0.15194549215526604,0.24181710670521173,0.0
376,13964.934079888366,1.0,0.027723937628258144,0.22852732427455247,0.0
377,13971.907039659261,1.0,0.3606049573816088,0.36979064584258015,0.9244766146064504
378,14002.205005964866,0.95,0.6831764249491974,0.4432978010357664,1.1082445025894159
379,14008.347332302505,0.9025,0.6223405204339036,0.3644924330852876,0.9112310827132191
380,14034.34200368866,0.8573749999999999,0.7987824686591376,0.41004320561080343,1.0251080140270086
381,14039.963304309218,1.0,0.0,0.18918805188045174,0.0
382,14047.874810167079,1.0,0.07570495021479653,0.25179607909021456,0.0
383,14066.125172604869,0.95,0.6913205334691889,0.4638123270441714,1.1595308176104284
384,14073.167373423628,1.0,0.00993066040125995,0.18869164536037775,0.0
385,14078.864729428464,1.0,0.0,0.2194041603759244,0.0
386,14512.486797769192,1.0,0.27913203479658033,0.33723545461456383,0.8430886365364096
387,14520.878255432393,1.0,0.3162360679525472,0.3360712264522749,0.8401780661306872
388,14536.184685940625,0.95,0.750498145207096,0.47423505690982737,1.1855876422745684
389,14557.114606272258,0.9025,0.6450543417722419,0.36999293483191575,0.9249823370797894
390,14576.432114421279,1.0,0.5284522316611984,0.4149466767913688,1.0373666919784221
391,14609.855373633183,0.95,0.2734466078186749,0.2611404413841714,0.0
392,14625.707554789165,0.9025,0.6799497265873027,0.4132720886975466,1.0331802217438666
393,14631.705300561143,1.0,0.22982979352149557,0.28743152968378993,0.0
394,14639.48815137853,0.95,0.775424250523093,0.48988839760840935,1.2247209940210233
395,14666.72242413786,0.9025,0.6530310504581892,0.3718475861610539,0.9296189654026348
396,14672.254325406395,1.0,0.21956429805046518,0.28473514215370405,0.0
397,14678.212772789871,1.0,0.20586369410897687,0.2932888936427423,0.0
398,14692.74813579052,1.0,0.1919783000016636,0.28827906435416006,0.0
399,14736.631546879978,1.0,0.3306298380781183,0.3473458339927099,0.8683645849817747
400,14750.268489301234,0.95,0.7607435006945494,0.4776744800070235,1.1941862000175587
401,14762.940318324081,0.9025,0.783127591721348,0.4273689784812931,1.0684224462032328
402,14787.964296446617,1.0,0.27794328038548977,0.3014485222586248,0.7536213056465619
403,14827.07155682857,0.95,0.7705386548237219,0.48494963820283365,1.212374095507084
404,14843.741070680368,1.0,0.5044725921009294,0.391646169392967,0.9791154234824174
405,14856.109450811313,1.0,0.5460271162129952,0.4190630332834022,1.0476575832085055
406,14884.21267585086,0.95,0.6931419014479453,0.4363579716353572,1.0908949290883931
407,14891.573182037608,0.9025,0.7722332242852146,0.42684944011291326,1.067123600282283
408,14900.521233454796,0.8573749999999999,0.7163619472028053,0.36643302436806524,0.916082560920163
409,14919.025001636126,1.0,0.7007133130904498,0.4884328746658205,1.2210821866645514
410,14938.126119958557,0.95,0.7528829535221029,0.4521680416938562,1.1304201042346405
411,14952.131598603117,0.9025,0.7099148708541049,0.39709126854739785,0.9927281713684946
412,14959.888595267006,1.0,0.2587861515579033,0.2977952914030731,0.0
413,14971.430907320706,0.95,0.75506735645609,0.4796011206180835,1.1990028015452088
414,14988.856829207713,1.0,0.689359683126536,0.4702270255257796,1.175567563814449
415,15000.236276109568,1.0,0.36456535219931385,0.33175586693611964,0.8293896673402991
416,15012.814849508391,0.95,0.7559860465769873,0.47364021843037585,1.1841005460759395
417,15042.890315439005,0.9025,0.7922617530352111,0.4314907734801693,1.0787269337004233
418,15062.856643047164,1.0,0.4504285510264626,0.3733442862490016,0.9333607156225041
419,15086.391243379012,1.0,0.4669351090170025,0.38908703272555334,0.9727175818138833
420,15100.36719231597,1.0,0.7229726723252389,0.49563241583558026,1.2390810395889507
421,15110.61677425517,1.0,0.5076534326867627,0.389836081388926,0.9745902034723151
422,15144.38409082595,0.95,0.7560060461511231,0.4650633334222659,1.1626583335556648
423,15188.967595113145,1.0,0.8659427960858376,0.5443356115869843,1.3608390289674608
424,15197.032385205748,0.95,0.8375135953856379,0.47779914229681747,1.1944978557420436
425,15225.581702725633,0.9025,0.7695093310055625,0.417043103299198,1.0426077582479951
426,15254.936989875741,1.0,0.7091204004724687,0.483360008338103,1.2084000208452574
427,15261.233574074227,0.95,0.7099674421923717,0.433639101692448,1.08409775423112
428,15276.387155315439,0.9025,0.8209928832269072,0.44631896442375874,1.115797411059397
429,15296.189192683103,1.0,0.6470602821376409,0.45420574550419474,1.1355143637604868
430,15306.179991234896,1.0,0.5180371258941584,0.3987519759472881,0.9968799398682203
431,15321.495271002335,0.95,0.8046978188561744,0.4848908563659437,1.2122271409148593
432,15341.766522382877,1.0,0.7549919876404714,0.4948147656776274,1.2370369141940685
433,15361.891033816457,1.0,0.5086427654836359,0.3883304422446988,0.9708261056117471
434,15387.831637229123,0.95,0.8400125455083374,0.5002867031844835,1.2507167579612088
435,15407.380684669079,1.0,0.770009372458084,0.499003183701895,1.2475079592547376
436,15417.361571761625,0.95,0.9435123198089154,0.5280746119722592,1.3201865299306481
437,15422.93529079069,1.0,0.8271504170500288,0.5167924359724771,1.291981089931193
438,15440.825751723667,0.95,0.8505666793204717,0.48560898029159627,1.2140224507289907
439,15453.248684499606,1.0,0.7262958835481864,0.48001027033101007,1.2000256758275252
440,15468.29282904653,1.0,0.8577893231840471,0.5366937627244086,1.3417344068110215
441,15506.060314633592,0.95,0.8492495113901951,0.483217435392839,1.2080435884820975
442,15537.226384394378,1.0,0.8849697201819453,0.5467323117930054,1.3668307794825134
443,15566.091582805933,1.0,0.8324826043979465,0.5165445106362208,1.291361276590552
444,15588.017008861198,0.95,0.9081082408237185,0.5094565048820849,1.2736412622052122
445,15606.578001152962,1.0,0.8191880465322113,0.5155724850941057,1.2889312127352643
446,15640.94069889563,1.0,0.6116580767487286,0.42774510944253324,1.0693627736063331
447,15692.459934562718,0.95,0.812157749611333,0.4824067702318361,1.2060169255795903
448,15719.073689045017,0.9025,0.9006730643896039,0.47365322206695354,1.1841330551673839
449,15746.29590709502,0.9161645110387096,0.9003103316868768,0.48536814471762807,1.2134203617940702
450,15770.138729666847,0.870356285486774,0.8801578318087222,0.4368072079426957,1.0920180198567393
451,15788.705669312983,0.9472235728477584,0.8689402508211486,0.5033704823700631,1.2584262059251579
452,15802.850578664586,0.8998623942053704,0.9304345816958162,0.4808636916537539,1.2021592291343848
453,15817.033063985158,0.8548692744951019,0.9346653234998592,0.44684006423943295,1.1171001605985824
454,15836.680853431744,1.0,0.8442923344685344,0.5359385481273807,1.3398463703184518
455,15855.30004750443,1.0,0.6442249274298115,0.4399169294524087,1.0997923236310216
456,15870.03033769743,0.95,0.776752689423572,0.46558263391211135,1.1639565847802784
457,15882.751600057863,1.0,1.0,0.5993948386345855,1.4984870965864638
458,15905.224759429884,1.0,0.9258425875668863,0.5488538867780922,1.3721347169452305
459,15915.76755548971,0.95,0.9767252426198703,0.5326740466463323,1.3316851166158308
460,15932.024740177101,1.0,0.7514301735431721,0.48299715833094,1.2074928958273499
461,15959.08619018447,1.0,0.8871961674831438,0.54753657993033,1.368841449825825
462,15979.379634413814,1.0,1.0,0.5867682299510112,1.466920574877528
463,15997.086088781487,1.0,0.9828543956780136,0.5727988461847655,1.4319971154619138
464,16011.020466480428,1.0,0.6924232804496234,0.451846514048161,1.1296162851204026
465,16027.289571565683,0.95,0.9988357121379703,0.55596560227097,1.389914005677425
466,16046.882647609382,1.0,0.7836751122216047,0.49521340440479567,1.238033511011989
467,16059.491416616724,0.95,0.9311811574896471,0.5220755794123554,1.3051889485308885
468,16079.923571508685,1.0,0.8809029479963901,0.5401083687091052,1.3502709217727629
469,16094.03346298348,1.0,0.7767804595932349,0.49339361614937516,1.233484040373438
470,16118.734027970413,1.0,0.952304350299569,0.5733609995502249,1.4334024988755623
471,16136.123136836059,1.0,1.0,0.5828617389820256,1.4571543474550641
472,16185.884632878828,0.95,0.9037127955558146,0.49755937413344203,1.2438984353336051
473,16216.315211307992,0.9025,0.8896708707417486,0.4635389979781855,1.1588474949454637
474,16233.930675351925,1.0,0.8504870349536467,0.5355243024360268,1.338810756090067
475,16257.906450337432,0.95,0.8780754954547582,0.4957624859937794,1.2394062149844485
476,16271.41681680362,0.9025,0.9293864704965367,0.4817577878812598,1.2043944697031495
477,16282.946520985604,1.0,1.0,0.5959368117702076,1.489842029425519
478,16298.097971209676,1.0,0.9802416592510081,0.5717014968854234,1.4292537422135585
479,16314.977944203163,0.95,0.8828703829548665,0.48999106128598346,1.2249776532149586
480,16336.77034824447,1.0,0.9392209351576378,0.5675005697889159,1.4187514244722899
481,16359.465744988103,0.95,0.8261364792601431,0.46862406517980165,1.171560162949504
482,16380.200958788195,1.0,0.9239248142577546,0.5644802332326483,1.4112005830816208
483,16418.78634175257,0.95,0.9811749660163998,0.5346579968714226,1.3366449921785564
484,16435.66175335302,0.9025,0.8735718544209621,0.45212968089582006,1.13032420223955
485,16456.878157176518,1.0,0.9643649553833473,0.5843189699957482,1.4607974249893705
486,16466.346185184575,1.0,0.984636621328202,0.575685483634844,1.43921370908711
487,16492.060831190265,0.95,0.9475894812491052,0.516909384844932,1.29227346211233
488,16498.51630808944,1.0,0.7980089719154358,0.5043083993295366,1.2607709983238415
489,16648.98234620662,0.95,0.9024189057151799,0.5091354020854494,1.2728385052136235
490,16675.07901455346,1.0,0.8749852973524406,0.5393486905451144,1.348371726362786
491,16683.026276936653,1.0,0.8361460876633219,0.5186822389774487,1.2967055974436217
492,16691.703246842295,0.95,0.81598067924992,0.470543120025167,1.1763578000629176
493,16704.037470681313,0.9025,0.9275184190532092,0.4846988952473527,1.2117472381183818
494,16711.33252395745,0.8573749999999999,0.9304903655103522,0.44704984837115536,1.1176246209278884
495,16917.27044120155,0.8622572362308136,0.9603920425154767,0.4689463143597624,1.172365785899406
496,16926.788792225718,1.0,1.0,0.5989056091013736,1.497264022753434
497,16959.484063010135,0.95,0.8620415758749229,0.48005746186746756,1.2001436546686688
498,16985.865350796583,1.0,0.8975836691437233,0.5512626464878684,1.378156616219671
499,16995.579631214317,1.0,0.7427938124675779,0.4781183810877592,1.195295952719398
500,17016.284879145802,0.95,0.8706983396667309,0.4991256739119722,1.2478141847799304
501,17048.830973369055,0.9025,0.9042653302622434,0.4716495383301384,1.179123845825346
502,17058.436508100902,1.0,0.8800334260863999,0.5470581191405534,1.3676452978513833
503,17076.12414172499,0.95,0.9062325725616001,0.5058156749106879,1.2645391872767198
504,17082.81047114935,1.0,0.6190222729711978,0.43161540029420703,1.0790385007355177
505,17096.34670729555,0.95,0.9455623357402981,0.5379948446326532,1.344987111581633
506,17107.117259255017,0.9025,0.8418412656118084,0.4409395914125416,1.1023489785313538
507,17133.44181021626,1.0,0.607372017831693,0.43628577155260245,1.090714428881506
508,17142.641381916197,1.0,0.7444594673149847,0.49623065520239196,1.24057663800598
509,17156.082687945967,0.95,0.8842720370259918,0.5047266875120173,1.2618167187800433
510,17169.58558060942,1.0,0.6644540804497049,0.4520143915673166,1.1300359789182914
511,17197.681674621577,0.95,0.8699950266205836,0.5035306663536627,1.2588266658841567
512,17223.207614894633,0.9025,0.8526737267359833,0.450023263631878,1.125058159079695
513,17234.592782453783,1.0,0.4087726519993068,0.35222409023554985,0.8805602255888746
514,17259.24698005337,0.95,0.8491852911019859,0.5101314631428756,1.275328657857189
515,17274.050546592975,1.0,0.7948878790965777,0.5089017917544435,1.2722544793861088
516,17301.812082482866,0.95,0.935734454671561,0.5233151982162609,1.3082879955406523
517,17307.639000105664,1.0,0.22440273703746733,0.26410508227544255,0.0
518,17834.25572122862,1.0,0.49617903346545406,0.4149310298332427,1.0373275745831068
519,17840.154797667477,1.0,0.3650337350881245,0.3435434267290851,0.8588585668227128
520,18436.24571959831,0.95,0.7444437252474272,0.46876434049863186,1.1719108512465797
521,18449.87289817415,1.0,0.3717173883276912,0.33745467958278463,0.8436366989569616
522,18464.952389236172,0.95,0.7331860081860497,0.4636350801384794,1.1590877003461986
523,18480.123713303357,1.0,0.22829113575145557,0.27789111652444826,0.0
524,18491.803965089675,0.95,0.7690771809088875,0.4873149478366454,1.2182873695916134
525,18500.52757457186,0.9025,0.7387244289323929,0.4082196292970717,1.0205490732426792
526,18536.72990316244,0.8573749999999999,0.7266998574120247,0.37278547437710663,0.9319636859427666
527,18553.85596647614,1.0,0.19232220320249085,0.2742883339003246,0.0
528,18569.562302626808,0.95,0.7032596983637728,0.46182974112063513,1.1545743528015877
529,18576.615283870007,1.0,0.22674688588356257,0.27903811016926994,0.0
530,18583.9242771688,0.95,0.032145468764909466,0.17789628372824817,0.0
531,18596.086247947107,0.9025,0.6762851694374188,0.4262110430378213,1.0655276075945532
532,18607.18241993558,0.8573749999999999,0.7582963472762967,0.3898023556897994,0.9745058892244984
533,18620.784889175226,1.0,0.6626878511509555,0.46994611664682356,1.174865291617059
534,18628.611624081277,1.0,0.23462230036245352,0.2787800950831732,0.0
535,18634.083670840024,1.0,0.06002534565165991,0.23113330715194985,0.0
536,18639.37908558252,1.0,0.0,0.2163984792609004,0.0
537,18645.12473819055,1.0,0.019338715076937227,0.2281222603323136,0.0
538,18657.62665944725,1.0,0.120904564533774,0.2696195941995688,0.0
539,18665.12493214391,1.0,0.08942738339292082,0.25030522715300024,0.0
540,18672.550589665832,1.0,0.18199034881887322,0.2910703035003514,0.0
541,18694.389377537016,1.0,0.06350319629652448,0.2357519215154079,0.0
542,18710.770767607948,1.0,0.025926850396859033,0.2270790853888893,0.0
543,18721.755196751776,0.95,0.6619240238352991,0.45445247898701396,1.136131197467535
544,18729.6589875249,0.9025,0.6405684661646291,0.3734233143590262,0.9335582858975655
545,18754.881912551755,0.8573749999999999,0.6683785004291758,0.3541798622103759,0.8854496555259397
546,18943.25308078733,0.8145062499999999,0.6309857958514946,0.306211574231877,0.7655289355796925
547,18968.565299985465,0.7737809374999999,0.7256439652912476,0.3191465551712342,0.7978663879280855
548,18973.600692956225,1.0,0.07853013043129208,0.2365903043636678,0.0
549,19001.737578351032,0.95,0.6942103421873843,0.46485653589282383,1.1621413397320595
550,19015.7516083629,1.0,0.1502921390772082,0.24747007788118439,0.0
551,19022.780548469516,0.95,0.2871942190045964,0.289604043637298,0.0
552,19036.740520273535,0.9025,0.6952427898159073,0.4188703185824052,1.0471757964560129
553,19083.156899316185,1.0,0.19153016489098856,0.2704281018652607,0.0
554,19091.56170998384,0.95,0.7426333836976418,0.4784142112595502,1.1960355281488755
555,19107.79113552759,0.9025,0.7201538659834517,0.4020066206911912,1.0050165517279779
556,19113.68877035208,1.0,0.15219142419144022,0.25241116620139775,0.0
557,19120.65460297757,1.0,0.16618655551309708,0.28066686786401435,0.0
558,19146.46715338611,1.0,0.24537995227354137,0.3130883866241016,0.782720966560254
559,19158.317489747453,0.95,0.07681026202163566,0.1955375129126744,0.0
560,19176.01142518432,1.0,0.30146643427761954,0.3480072866753021,0.8700182166882553
561,19201.45826972118,0.95,0.6759034188658521,0.44379144986700053,1.1094786246675012
562,19210.37974378059,1.0,0.0,0.18544579486804885,0.0
563,19232.300287302685,0.95,0.7000127106958736,0.47200533849226683,1.180013346230667
564,19249.098713203173,0.9025,0.7806571253389294,0.4299752300005979,1.0749380750014947
565,19275.396564110575,1.0,0.7575259069029321,0.5030214533788957,1.2575536334472392
566,19283.007438569744,1.0,0.2891559836824452,0.29599395873245105,0.0
567,19288.697838846572,1.0,0.060194521148997746,0.2279323398616323,0.0
568,19294.474147431414,1.0,0.17709215340807383,0.2907670331624511,0.0
569,19440.69100107157,1.0,0.3150832819105993,0.3417094491979673,0.8542736229949183
570,19520.644183702938,1.0,0.2726372533770093,0.315602649503708,0.7890066237592699
571,19548.874826453215,0.95,0.6409881130655185,0.4308567722848971,1.0771419307122427
572,19574.303754361525,0.9025,0.6698106419446137,0.3869611828328066,0.9674029570820165
573,19591.48731605134,1.0,0.1731824690203739,0.2642479984718802,0.0
574,19622.323722233028,0.95,0.746391917173872,0.48109365707180374,1.2027341426795093
575,19639.06883921676,0.9025,0.6433538825028512,0.3695251156207651,0.9238127890519128
576,19655.172959447627,1.0,0.2735386432688192,0.3079849972227329,0.7699624930568323
577,19660.5888323163,0.95,0.1373280454315359,0.21926546048511583,0.0
578,20222.61838341509,1.0,0.5397273668008178,0.4444458113304513,1.1111145283261283
579,20254.232881935026,1.0,0.4651679625786419,0.38298690227498056,0.9574672556874514
580,20315.652486399842,0.95,0.855408211952612,0.5093613712653784,1.273403428163446
581,20330.737554187654,0.9025,0.8119478127176618,0.4337935886242613,1.0844839715606533
582,20339.673864395285,1.0,0.48087544959147116,0.384950820065358,0.962377050163395
583,20355.40724475585,0.95,0.8614907934841028,0.5109736062878348,1.2774340157195871
584,20370.351148789603,1.0,0.8423823802903458,0.5281111521128989,1.3202778802822475
585,20386.731327937166,1.0,0.33888537544269465,0.31178891486851096,0.7794722871712774
586,20397.75651300153,1.0,0.5738105121996528,0.44066729259729254,1.1016682314932313
587,20423.715483449974,0.95,0.8675649970714697,0.5079486680380381,1.2698716700950952
588,20431.093465553724,0.9025,0.8269379920322547,0.4393600568292588,1.098400142073147
589,20676.76589514109,0.9154209996287976,0.8378441006988289,0.4629318824597628,1.157329706149407
590,20690.527664406192,1.0,0.5168750946501504,0.39696637375567767,0.9924159343891942
591,20706.118349156262,0.95,0.9084865708961309,0.5285518540973659,1.3213796352434148
592,20715.315105519407,1.0,0.9309250622988431,0.5624793319117461,1.4061983297793654
593,20724.4419938953,1.0,0.7728115883841882,0.48872536338342853,1.2218134084585714
594,20730.860096986235,0.95,0.9217400813620739,0.5187621388690197,1.2969053471725491
595,20748.032082706486,0.9025,0.8059115510465347,0.4272784465578201,1.0681961163945504
596,20760.445864244775,1.0,0.7791157957266339,0.5105739411423941,1.2764348528559852
597,20773.66005231654,0.95,0.9017969827917142,0.5100077850289219,1.2750194625723046
598,20791.452151874902,0.9025,0.8549278851939431,0.44906189281395326,1.1226547320348832
599,20808.82892775091,1.0,0.7361569602402402,0.4895902501892643,1.2239756254731606
600,20828.616847552392,0.95,0.8849477817403003,0.5055086507165116,1.263771626791279
601,20854.532020435676,1.0,0.8651668445681362,0.5362732078141991,1.3406830195354977
602,20860.77595194378,1.0,0.6821303732606805,0.4545847460953977,1.1364618652384941
603,20881.95194377396,0.95,0.9086965772400358,0.5187247400451741,1.2968118501129353
604,20895.63192097667,1.0,0.8393280013704807,0.5239959659411997,1.3099899148529992
605,20907.52411507052,0.95,0.9565742569542885,0.5294015078385722,1.3235037695964305
606,20920.00221702634,1.0,0.6458198741976224,0.4398498917457442,1.0996247293643604
607,20937.458746857243,0.95,0.80127852751262,0.475787789103443,1.1894694727586075
608,20988.312986908662,0.9025,0.9790916746598615,0.5072417917063845,1.2681044792659613
609,21008.223098052273,1.0,0.8226562197728026,0.5184701118249855,1.2961752795624637
610,21049.493117718666,0.95,0.9215264653378024,0.5156817422555087,1.2892043556387716
611,21058.33553990701,0.9025,0.9331774746865871,0.48074295144809853,1.2018573786202462
612,21086.599048915756,0.8573749999999999,0.9571671931257125,0.457914572631604,1.14478643157901
613,21100.635453639676,1.0,0.630653256500865,0.44455933614282045,1.111398340357051
614,21140.60545732611,0.95,0.8903075909758209,0.514089992819793,1.2852249820494823
615,21169.398040059343,1.0,0.9273130916702008,0.562053043042935,1.4051326076073376
616,21198.104757697125,0.95,0.9355409721165941,0.5152884227887574,1.2882210569718935
617,21221.16241654338,1.0,0.8400881482302349,0.522704563929703,1.3067614098242575
618,21248.70473157461,0.95,0.8783241137550603,0.4964908388833111,1.2412270972082777
619,21271.38484514235,1.0,0.6898275877194844,0.46302814001687986,1.1575703500421997
620,21312.55228574407,1.0,0.9088079942806415,0.5603097023347003,1.4007742558367509
621,21328.36623933853,0.95,0.9761345616971258,0.5334480362559544,1.333620090639886
622,21360.03687279787,1.0,0.9123064990546736,0.5506006559011354,1.3765016397528385
623,21373.77654797161,0.95,0.9106034326927912,0.5057150517876918,1.2642876294692296
624,21398.68090653051,0.9025,0.8835678426207328,0.46056228793914034,1.151405719847851
625,21419.399721803147,1.0,0.7718975490183928,0.502882900030481,1.2572072500762024
626,21438.505699928086,1.0,0.6771587807387289,0.45809283496916253,1.1452320874229063
627,21454.132894724287,0.95,0.9842278467723311,0.5507461688000551,1.3768654220001377
628,21472.012913935258,1.0,0.9178997295620601,0.5524642156097251,1.381160539024313
629,21511.010394573066,1.0,0.8836707697702939,0.5360677395297998,1.3401693488244995
630,21563.113817394446,1.0,0.7073305312655197,0.4640585769453006,1.1601464423632515
631,21575.253475544923,1.0,1.0,0.5975601681240686,1.4939004203101716
632,21588.62897454623,0.95,0.8430996800070317,0.4721018656029532,1.180254664007383
633,21600.870668088595,1.0,0.8406502609073285,0.5284871287806561,1.3212178219516402
634,21625.767957122385,0.95,0.8782313452723127,0.4964181493599315,1.2410453733998288
635,21655.13140485622,0.9025,0.8921453336843771,0.4661071594310997,1.1652678985777492
636,21661.583776042124,1.0,0.9040831210474206,0.5578861908188539,1.3947154770471348
637,21671.565631649883,0.95,0.9073016512820523,0.5048217062756166,1.2620542656890414
638,21706.099838370024,0.9025,0.898027577910609,0.4668334836455327,1.1670837091138317
639,21729.249247537944,1.0,0.8428814775219273,0.5318285658845728,1.3295714147114321
640,21743.689025936357,0.95,0.9469274071700287,0.5251366223600964,1.312841555900241
641,21765.436146325435,0.9025,0.8873034457473855,0.45995180278370007,1.1498795069592502
642,21775.34286229259,0.8573749999999999,0.8612368310106516,0.4203762622796304,1.050940655699076
643,21791.086268256946,0.8145062499999999,0.7978277636076698,0.3647137008545821,0.9117842521364552
644,21924.320840027674,1.0,0.6819301149483165,0.4808002324618328,1.202000581154582
645,21929.834387690495,0.95,0.9441422667324544,0.5336239451307317,1.3340598628268294
646,21946.7027756069,0.9025,0.8844158064233416,0.45890610269385623,1.1472652567346406
647,21981.927876593123,1.0,0.8954285295288672,0.5547150340167237,1.3867875850418092
648,21988.103410649,1.0,0.5915182057667145,0.41471193465028805,1.0367798366257202
649,22001.929859153694,0.95,0.7487234086461347,0.45697273928537363,1.1424318482134341
650,22015.314811443037,1.0,0.6091806895831046,0.43693248510613586,1.0923312127653397
651,22025.477802115118,0.95,0.8196953778681514,0.4857212173296373,1.2143030433240933
652,22065.54324212278,0.9025,0.9506170227736973,0.4941774268928637,1.2354435672321593
653,22073.44444012832,1.0,0.4937719565847779,0.3820472003991849,0.9551180009979622
654,22082.054029824565,0.95,0.9135690285508551,0.5320726745962724,1.330181686490681
655,22113.583464269246,0.9025,0.8953820527798182,0.46534632045447233,1.1633658011361807
656,22128.982295435613,1.0,0.7298658265662996,0.4845207239910566,1.2113018099776416
657,22137.819748935304,0.95,0.841952072630587,0.48782792091086846,1.2195698022771713
658,22174.54087027661,0.9025,0.8548696772212294,0.4526281400750811,1.1315703501877028
659,22184.542140562353,1.0,0.675614911249692,0.4641660820915969,1.1604152052289922
660,22201.37723116172,0.95,0.8879899737943412,0.5104188943186417,1.2760472357966044
661,22215.715536908563,1.0,0.8724536175687421,0.5391511209512112,1.347877802378028
662,22246.277156717897,0.95,0.920693181854372,0.5123439193247116,1.2808597983117789
663,22310.86651843659,0.9025,0.8498607837816575,0.4457999382770338,1.1144998456925845
664,22321.03978905199,0.9050405179978466,0.8877288830257478,0.47378851896210583,1.1844712974052647
665,22328.373645025946,1.0,0.812167081690601,0.5192415791687659,1.2981039479219147
666,22352.96388353612,0.95,0.7996593289771184,0.4651268932689536,1.162817233172384
667,22377.970242464045,1.0,0.601531578581003,0.43066370326539416,1.0766592581634855
668,22388.494130971572,1.0,0.4071984020026923,0.35493143412627054,0.8873285853156764
669,22401.619192001886,0.95,0.8003811844796542,0.48972819336129314,1.2243204834032329
670,22464.9021849962,1.0,0.8080174046628401,0.5173444388896136,1.293361097224034
671,22522.759567805188,1.0,0.5749870328026292,0.4130135094973339,1.0325337737433347
672,22536.458758958786,0.95,0.8904417760984409,0.5174863239931874,1.2937158099829684
673,22565.112810875915,0.9705381614033062,0.8541463626840811,0.5065670213401847,1.2664175533504618
674,22584.771123867722,1.0,0.4087993608842434,0.3439823704419406,0.8599559261048515
675,22605.280122940872,0.95,0.6504780031783621,0.42667279968185734,1.0666819992046435
676,22611.83278629436,0.9025,0.6640245330123123,0.38396162367446957,0.9599040591861739
677,22699.91248322371,0.8573749999999999,0.7694999802970284,0.39524351974401295,0.9881087993600324
678,22713.646633395303,1.0,0.36893753071040236,0.3458987640805472,0.8647469102013681
679,22731.96595295838,0.95,0.7612370357679663,0.4755833031799216,1.188958257949804
680,22754.14950934256,1.0,0.2955641819862692,0.3044627342881551,0.7611568357203878
681,22763.082973752273,0.95,0.7015050709663622,0.4548982788866959,1.1372456972167397
682,22782.175245480255,0.9025,0.8079251838880006,0.44133827297497846,1.1033456824374461
683,22793.14993071726,0.924658826902488,0.8768563051014062,0.48821755170740055,1.2205438792685013
684,22806.28601615244,0.8784258855573636,0.8335426074973444,0.42439520148268695,1.0609880037067174
685,22811.53568251539,1.0,0.2685615863315211,0.2973722035425146,0.0
686,22916.495313365776,0.95,0.7926544941484286,0.49480119236244857,1.2370029809061214
687,22932.072811201422,1.0,0.6014284814344848,0.43104069255357785,1.0776017313839445
688,22947.61459947402,0.95,0.6634574349722815,0.42056641380228904,1.0514160345057226
689,22969.2862733573,1.0,0.5393435532124217,0.41271684625088023,1.0317921156272005
690,23008.152982035772,0.95,0.7049174416560501,0.4417047123027956,1.104261780756989
691,23028.86280832573,0.9025,0.7215544693106959,0.4048578306111291,1.0121445765278227
692,23049.982268275242,0.8573749999999999,0.67253137873297,0.35106491090920555,0.8776622772730138
693,23064.744226263607,1.0,0.36037141523120275,0.348119111673127,0.8702977791828175
694,23087.56756461973,1.0,0.24457455594705024,0.30109902858388893,0.7527475714597223
695,23099.39268603002,0.95,0.6732835408094635,0.4461046137831517,1.1152615344578791
696,23141.276494444657,0.9025,0.8588712876527549,0.4644289283655892,1.161072320913973
697,23149.092942251427,0.8573749999999999,0.8112596231473745,0.40109176446273187,1.0027294111568297
698,23204.907399858308,0.877893961285496,0.7179841436592705,0.38742369042786773,0.9685592260696694
699,23219.051824503298,1.0,0.25437155884216667,0.2984097307398942,0.0
700,23228.467802194835,0.95,0.647435230794714,0.43466050340324985,1.0866512585081247
701,23245.498985575687,0.9025,0.6481567258018888,0.3774797109891104,0.9436992774727759
702,23253.099073161357,1.0,0.1691741881888474,0.2638637554912026,0.0
703,23262.233386424326,0.95,0.6249678650843151,0.4303360520440814,1.0758401301102034
704,23275.301394915237,0.9025,0.7745778642401188,0.43192463107579093,1.0798115776894774
705,23284.40212781874,1.0,0.7417710408624322,0.4967691653078144,1.241922913269536
706,23299.767944316238,0.95,0.7401169202826791,0.44434284406697916,1.1108571101674478
707,23307.37285508931,0.9025,0.7490916226248293,0.41431146628546756,1.035778665713669
708,23327.94922212917,0.9595366280827686,0.6655563572262844,0.4322989402670753,1.0807473506676883
709,23334.928356780638,1.0,0.23323031420723456,0.2828789551635292,0.0
710,23466.584805839335,1.0,0.27206470253621856,0.3202733562127777,0.8006833905319443
711,23476.49566623097,1.0,0.0,0.20367611784782685,0.0
712,23481.831031681497,1.0,0.12415488829926957,0.27214505308569326,0.0
713,23489.067668917593,1.0,0.17608207671362708,0.2865051789217671,0.0
714,23495.231139949374,1.0,0.0,0.20943507539718237,0.0
715,23506.470992051036,1.0,0.15930747493606956,0.2869091394731492,0.0
716,23513.11186362116,1.0,0.0,0.21044155150383578,0.0
717,23523.431289820604,0.95,0.0,0.17799999999999994,0.0
718,23533.016705537946,1.0,0.2899172457315228,0.34776524320723956,0.8694131080180989
719,23543.029322556315,0.95,0.6565188110199359,0.43634286588448173,1.0908571647112044
720,23571.55419283424,0.9025,0.6390084747666241,0.373092430740786,0.932731076851965
721,23578.80960834173,0.8573749999999999,0.12219140827372293,0.12487488298896607,0.0
722,23588.205055211387,1.0,0.11681159278245981,0.2788443844722097,0.0
723,23607.995237125295,1.0,0.30449397043148274,0.34087877201427513,0.8521969300356879
724,23622.950652809075,0.95,0.0,0.15973036177411098,0.0
725,23633.2296846119,0.9025,0.19880372328775336,0.22759756378085638,0.0
726,23639.0427135755,1.0,0.0,0.21977177660273478,0.0
727,23657.86248948736,0.95,0.0864198808996951,0.21429634997787195,0.0
728,23665.423478236004,0.9025,0.7198840962088842,0.4412661275537496,1.103165318884374
729,23675.042978149442,0.8573749999999999,0.643838367509568,0.33911406858148535,0.8477851714537133
730,23683.05711437038,0.9716744935952312,0.26077154268415803,0.28421532049676645,0.0
731,23688.29674873612,1.0,0.0,0.20775276820752275,0.0
732,23697.750359863225,1.0,0.10397113454000366,0.26366787650680157,0.0
733,23713.167521017112,1.0,0.0685087051204014,0.24253538807816835,0.0
734,23729.628319907908,0.95,0.6426377732101135,0.4437973424410235,1.1094933561025586
735,23757.8598730566,0.9025,0.6313772452070344,0.37072017659434764,0.926800441485869
736,23763.2359649347,1.0,0.23137521654981813,0.2909949562385015,0.0
737,24300.709106573122,1.0,0.5164290326470073,0.423017680718754,1.057544201796885
738,24307.124127516992,1.0,0.0,0.18901425804117952,0.0
739,24398.66946231666,0.95,0.3090184659445794,0.30778775569672323,0.7694693892418081
740,24407.64959745657,1.0,0.3433096240797222,0.35164893415680853,0.8791223353920213
741,24451.43553098943,0.95,0.712933166921093,0.4568333526620756,1.142083381655189
742,24461.578983963682,0.9025,0.6885312305650622,0.39050712682206057,0.9762678170551514
743,24467.134185641524,1.0,0.09253600761066337,0.22925324936257485,0.0
744,24891.23986164057,1.0,0.2857627319835776,0.3344681869764628,0.836170467441157
745,24914.09953055981,1.0,0.6554245636602467,0.4781325528182889,1.1953313820457223
746,24924.828216393795,0.95,0.7783736008579611,0.46559143854072876,1.1639785963518219
747,24935.6446516787,0.9025,0.7278827495636069,0.40310833876523716,1.0077708469130928
748,24951.132101747513,0.8573749999999999,0.7361237050286066,0.3773939911381982,0.9434849778454956
749,24957.726381982782,0.9494201198580923,0.2703943200556437,0.26402609280245143,0.0
750,24979.605529736607,0.9019491138651876,0.7680880195241804,0.45008015026060366,1.1252003756515092
751,24986.89354645016,0.911849158424288,0.7363713168447565,0.4209100713159264,1.052275178289816
752,25023.13133046465,0.8662567005030736,0.8730407199405428,0.44072855277600986,1.1018213819400247
753,25042.432766415797,0.8229438654779199,0.7099537770401708,0.333120186101523,0.8328004652538075
754,25056.213621025265,1.0,0.5189909262357875,0.4166256985392701,1.0415642463481753
755,25066.347576369688,0.95,0.7397473297792191,0.45755442293312465,1.1438860573328116
756,25078.184088996666,1.0,0.7674511177636516,0.5039446296739805,1.259861574184951
757,25092.867153914758,0.95,0.8574050243163189,0.4920630431470348,1.230157607867587
758,25116.6233411907,0.9025,0.7550736241402205,0.40978662067991345,1.0244665516997835
759,25148.081324321465,1.0,0.8087531396809436,0.5260719012175831,1.3151797530439577
760,25163.40001083542,0.95,0.7392058038545266,0.4399412492380444,1.099853123095111
761,25190.020840900394,1.0,0.4652160866173077,0.37703840814799755,0.9425960203699939
762,25207.0259208341,0.95,0.8976796357740873,0.527112481828078,1.317781204570195
763,25229.988000633144,1.0,0.6225302507907385,0.433601927185665,1.0840048179641624
764,25242.689090370764,1.0,0.39962794571035243,0.35049192215090375,0.8762298053772594
765,25260.642097219563,0.95,0.812396858457984,0.4952290038097321,1.2380725095243303
766,25309.52697579889,1.0,0.42759409146645616,0.3568457069084326,0.8921142672710815
767,25346.85327891716,0.95,0.7980632317971215,0.48753091186680353,1.2188272796670088
768,25359.53118290633,1.0,0.380593711996431,0.3379655651306737,0.8449139128266843
769,25381.95060464555,0.95,0.5312580791854452,0.37829277053810106,0.9457319263452526
770,25398.23196682642,0.9025,0.8479651689407759,0.46836988620399916,1.170924715509998
771,25417.33672504433,1.0,0.7605417171929694,0.5002496110846005,1.2506240277115013
772,25427.124971152858,0.95,0.8690649598757213,0.49737478011622466,1.2434369502905616
773,25436.864016254705,1.0,0.8893607888421173,0.547387633721146,1.3684690843028648
774,25448.942920377845,1.0,0.7151025733287669,0.4669814334675551,1.1674535836688877
775,25470.21077375504,1.0,0.8095709350057857,0.517113638302704,1.29278409575676
776,25490.041818888814,1.0,0.8154717382178428,0.5139238739511469,1.2848096848778674
777,25514.544434621763,1.0,0.5414622360054899,0.3984858348292351,0.9962145870730877
778,25546.811156791213,0.95,0.9138002674768736,0.5293083781799576,1.3232709454498939
779,25557.01078552698,1.0,0.6504856621718972,0.44437596206358443,1.110939905158961
780,25566.370128394155,0.95,0.8758336345885529,0.5068209867968785,1.267052466992196
781,25583.074902137658,0.9025,0.8695038245404939,0.45674158823169414,1.1418539705792354
782,25589.296579675363,1.0,0.8417149048573678,0.5330500305676649,1.3326250764191623
783,25614.00506033241,0.95,0.7773188839779357,0.4539710369792909,1.1349275924482274
784,25636.98250038069,0.9025,0.9709435974003015,0.5052571778694505,1.2631429446736262
785,25658.9401623356,1.0,0.7296673572199103,0.4799036741883441,1.1997591854708602
786,25668.5697427719,1.0,0.6062568898679893,0.43084785231136086,1.0771196307784021
787,25697.904225855804,0.95,0.999085237674836,0.5612403864313518,1.4031009660783793
788,25709.038573091784,1.0,0.9143993482302851,0.5501026119962296,1.375256529990574
789,25732.277654535446,1.0,0.9275536517259702,0.5547085728310902,1.3867714320777256
790,25739.39237188279,1.0,0.9132916620807858,0.5479292789703718,1.3698231974259296
791,25748.45480613297,0.95,0.9934593130015685,0.5404554117358114,1.3511385293395284
792,25779.13445504637,1.0,0.8633565618291805,0.5290021971881617,1.322505492970404
793,25793.446178803348,1.0,1.0,0.588198606290249,1.4704965157256225
794,25801.425638583398,1.0,0.7943919386545306,0.4936446142349028,1.234111535587257
795,25868.08449614373,0.95,0.9515448815701781,0.5299853339402029,1.3249633348505072
796,25889.805490539933,1.0,0.7612696437251171,0.4886405574703385,1.2216013936758463
797,25940.039357180347,1.0,0.9673305768025193,0.5806026636335508,1.451506659083877
798,25949.75415228223,1.0,0.778162039985223,0.4887882221856425,1.2219705554641063
799,25981.68776048519,0.95,0.874867930552116,0.4987548084327753,1.2468870210819383
800,26004.77699324538,1.0,0.6908004954201048,0.46364413224331713,1.1591103306082928
801,26042.36533400947,1.0,0.7319912848958675,0.4859883099310581,1.2149707748276453
802,26054.33448769395,0.95,0.8885590834890351,0.5072753379716427,1.2681883449291067
803,26080.671967434977,0.9025,0.9092419525273896,0.4726680750521616,1.1816701876304039
804,26092.677981193745,1.0,0.8650013597576016,0.5404460539465492,1.351115134866373
805,26109.839133037574,0.95,0.8488092194768899,0.48259979059483743,1.2064994764870935
806,26117.530057575095,0.9025,0.8716721836332337,0.45927376395734476,1.148184409893362
807,26166.868277033995,0.8573749999999999,0.8517020475995212,0.41730952897380474,1.043273822434512
808,26209.73799771251,0.8145062499999999,0.845106191054438,0.3851427273868924,0.962856818467231
809,26217.61962174756,1.0,0.6929902356969332,0.48260877752944564,1.206521943823614
810,26256.472934070644,0.95,0.8982465033489173,0.5136841172647292,1.284210293161823
811,26274.595321964003,1.0,0.9533668903092254,0.5725193037289394,1.4312982593223487
812,26303.309685671302,1.0,0.9194684594032929,0.5489747395308295,1.372436848827074
813,26321.682504468943,0.95,0.8383455435837919,0.47493702074099503,1.1873425518524876
814,26339.700931419426,1.0,0.6956361146979075,0.4678664355580936,1.169666088895234
815,26361.85882957483,1.0,1.0,0.5982618331181254,1.4956545827953136
816,26371.15351834651,0.95,0.9951812516774452,0.5359761257045268,1.3399403142613169
817,26391.69109709769,1.0,0.8371405513281932,0.5178881564571943,1.2947203911429859
818,26402.87848425602,0.95,0.870772993471056,0.49349622417815187,1.2337405604453797
819,26415.522646039804,1.0,1.0,0.5937536203917365,1.4843840509793413
820,26422.99908224693,0.95,0.9048470558327419,0.49803576344975153,1.245089408624379
821,26453.4083185169,0.9025,0.9037404748434145,0.4693801760842696,1.173450440210674
822,26464.1261625523,0.8573749999999999,0.9036757982471539,0.43721440677319956,1.093036016932999
823,26479.514112068588,0.8145062499999999,0.9781429606390031,0.43789974557355194,1.09474936393388
824,26489.812523369314,1.0,0.7994961876670914,0.5193590711818381,1.2983976779545952
825,26514.606792821796,0.95,0.869834281303006,0.49536062688723703,1.2384015672180926
826,26528.658547198826,1.0,0.9293789574771711,0.5641491052622315,1.4103727631555787
827,26546.92262179689,0.95,0.9336247781811987,0.5143596693874731,1.2858991734686829
828,26570.50671865012,1.0,0.9253776333302368,0.5586411193078273,1.3966027982695683
829,26589.070222605504,0.95,0.9685932015221359,0.5292864866394827,1.323216216598707
830,26609.247180357223,1.0,0.975739958064648,0.577695190295824,1.4442379757395598
831,26705.25979869341,1.0,0.9906078864276997,0.5775109148157548,1.443777287039387
832,26753.140423745343,0.95,0.8503654382247394,0.47571701086872853,1.1892925271718213
833,26782.477050479494,0.9025,0.8987370895605693,0.47054765132195475,1.176369128304887
834,26796.763102558558,1.0,0.8995611228294181,0.5555914462147213,1.3889786155368034
835,26812.304292824774,1.0,0.8961772835525138,0.5424207917222907,1.3560519793057269
836,26837.696870137363,1.0,0.9400635688932426,0.561056061922011,1.4026401548050274
837,26857.606060240392,1.0,0.7745211345646028,0.4888950623835385,1.2222376559588464
838,26885.55188183502,0.95,0.8857118496979025,0.5035277087992429,1.2588192719981073
839,26900.74575476117,0.9025,0.854815085135112,0.44997962477487286,1.124949061937182
840,26916.46108965781,1.0,0.7256065411938073,0.48516584219329234,1.212914605483231
841,26931.868430350132,0.95,0.8264732200085488,0.481582359931962,1.2039558998299051
842,26943.75410556786,1.0,0.883589599229172,0.5475192384757392,1.368798096189348
843,26952.96292229621,1.0,0.9062789857147844,0.5476217980464592,1.3690544951161479
844,26972.591844298397,0.95,0.8517873742326347,0.48137395803481936,1.2034348950870484
845,26984.887252181925,1.0,1.0,0.5948927575460418,1.4872318938651043
846,26995.11023000675,0.95,0.8632538077778849,0.48056659926671164,1.201416498166779
847,27032.653118028575,0.9025,0.9571351466335845,0.49430153311943226,1.2357538327985806
848,27061.67285025531,0.8573749999999999,0.8744090945071673,0.42171871089499513,1.0542967772374878
849,27076.78237998813,1.0,0.806233192810454,0.5232683953099605,1.3081709882749013
850,27088.074728464402,1.0,1.0,0.5916260084313726,1.4790650210784315
851,27102.764684211845,1.0,0.8761799933010849,0.5279955971864555,1.3199889929661388
852,27121.66344231447,0.95,0.9116749838046412,0.5083326935998841,1.2708317339997102
853,27137.034478567803,0.9025,0.7991281667639798,0.42503333101259305,1.0625833275314827
854,27152.032645390726,0.8573749999999999,0.8867848817623543,0.43639696033434977,1.0909924008358745
855,27180.446249412176,1.0,1.0,0.6039079070942586,1.5097697677356465
856,27192.11848167461,1.0,0.9057044231105146,0.5403958577064161,1.3509896442660403
857,27273.46317387963,0.95,0.846791200035857,0.4793100386284289,1.1982750965710722
858,27291.878748629963,0.9025,0.9429839972710023,0.48934580685166956,1.2233645171291738
859,27304.56111604948,1.0,0.8937777570951746,0.5505076181437131,1.3762690453592827
860,27317.337481440838,0.95,0.7999195680168085,0.460339553141349,1.1508488828533725
861,27342.779510923014,0.9025,0.8482316613851231,0.45236212370074314,1.1309053092518577
862,27355.34062158954,1.0,0.70428040414142,0.476603870056289,1.1915096751407226
863,27368.42497896566,0.95,0.7868121376104622,0.4662042735479089,1.1655106838697722
864,27388.615133312036,1.0,1.0,0.5987912717433721,1.4969781793584302
865,27415.100871063645,1.0,0.8332561259596163,0.5099675729030388,1.2749189322575971
866,27435.2089735851,0.95,0.7292697214285182,0.4342979154424006,1.0857447886060014
867,27454.66296169776,1.0,0.5928234142020109,0.4312296506791335,1.0780741266978338
868,27487.499181911204,0.95,0.4806411719413304,0.34429988736323797,0.8607497184080949
869,27510.81901209198,0.9025,0.8284879841480262,0.463226483025691,1.1580662075642276
870,27543.70554854321,1.0,0.6438977956243992,0.45242779511336606,1.131069487783415
871,27551.97202041677,0.95,0.8353425312264593,0.4902099953776488,1.225524988444122
872,27568.600905055366,0.9025,0.7058167364669705,0.39042247744254005,0.9760561936063501
873,27597.140245214207,1.0,0.7085570763250487,0.4869449678685023,1.2173624196712556
874,27603.755430628164,0.95,0.823090272019611,0.4811844896687336,1.2029612241718342
875,28128.230410985037,0.9025,0.7616878615082359,0.41462348551228245,1.0365587137807062
876,28158.622388886775,1.0,0.4107513235558999,0.35851428420298376,0.8962857105074594
877,28173.33582463503,0.95,0.318461584496737,0.2871087860752754,0.0
878,28185.778251801534,0.9025,0.6305276503579419,0.3898139180805314,0.9745347952013285
879,28195.57595019384,1.0,0.2814364533383621,0.31207165138063553,0.7801791284515889
880,28209.608246290758,0.95,0.3505237590307192,0.30833379159260016,0.7708344789815004
881,28214.62130030442,1.0,0.0,0.20496857445815683,0.0
882,28246.2594374173,0.95,0.26058519978022543,0.2874457839076947,0.0
883,28251.456094030036,1.0,0.0,0.21036488801318645,0.0
884,28697.144500263195,1.0,0.30040458650721,0.3461699263330281,0.8654248158325704
885,28708.657702985307,1.0,0.35061110363730685,0.34923238833723624,0.8730809708430907
886,28718.656582411262,0.95,0.7375689006435212,0.4667422720520404,1.1668556801301009
887,28726.799732936466,0.9025,0.6342511295784935,0.36623134038435606,0.9155783509608901
888,29024.95786019932,0.8573749999999999,0.6489205226780689,0.34638655175007915,0.8659663793751979
889,29040.589943998217,1.0,0.09891672313057519,0.23972479235415736,0.0
890,29056.42683544633,0.95,0.0,0.17206499661216543,0.0
891,29067.89865953445,0.9025,0.0,0.1441,0.0
892,29094.712491371465,0.8573749999999999,0.6663391877325953,0.3917574588476899,0.9793936471192248
893,29103.078172596437,0.8145062499999999,0.6160001191384882,0.3000399487742092,0.750099871935523
894,29108.3887191018,1.0,0.06037440728135791,0.23065649390986104,0.0
895,29113.799203465234,1.0,0.059298880016666285,0.24128306517011838,0.0
896,29513.989044739228,1.0,0.23404782189354922,0.3147421523942907,0.7868553809857268
897,29520.55309877619,1.0,0.33869983900886214,0.3482110630701091,0.8705276576752727
898,29560.058301933248,0.95,0.6932448055189795,0.4488408279774396,1.122102069943599
899,29570.548077491163,1.0,0.1706451990774773,0.25607629528140174,0.0
900,29582.748227139156,0.95,0.6961550327827152,0.4601464018240917,1.1503660045602293
901,29604.223481774436,1.0,0.14561436178158943,0.2453887299813046,0.0
902,29638.971244229957,0.95,0.33208705257337046,0.3087397003739203,0.7718492509348007
903,29653.427715793267,0.9025,0.6817775236867085,0.4105213367940153,1.0263033419850383
904,29659.305651352504,1.0,0.09700913532463701,0.2315371854151451,0.0
905,30088.99846291305,1.0,0.27976957619438714,0.3316826738821643,0.8292066847054108
906,30102.38079149199,1.0,0.605475399101932,0.45751349305114825,1.1437837326278706
907,30135.81068006181,0.95,0.7677708700944251,0.4641352414935426,1.1603381037338565
908,30181.51667263934,1.0,0.49642371605132685,0.3884317085358917,0.9710792713397293
909,30191.612728389813,1.0,0.6750890576216104,0.47375198123799667,1.1843799530949917
910,30217.439158501667,0.95,0.886646713765224,0.5098862763240976,1.274715690810244
911,30266.883654806225,1.0,0.6018278323274178,0.4255688867516019,1.0639222168790048
912,30274.321633011135,1.0,0.5170055395361032,0.40103265666551824,1.0025816416637956
913,30305.10192044665,0.95,0.7914521008636928,0.47938954999058475,1.1984738749764619
914,30323.944754970253,1.0,0.5305133648719195,0.4013284871943846,1.0033212179859614
915,30337.08327619598,0.95,0.8252824822443601,0.49278784065031606,1.2319696016257902
916,30350.579332231708,0.9837881383517191,0.8167387526293354,0.5058953633851032,1.264738408462758
917,30368.352863275923,0.9846145608523312,0.8293251025236066,0.5083338724159066,1.2708346810397664
918,30384.797402374934,1.0,0.6421295746518821,0.44178116790009436,1.104452919750236
919,30390.99221281349,0.95,0.525671145624635,0.3602541066832337,0.9006352667080842
920,30404.203177721487,0.9025,0.8390532920992391,0.46496211394420234,1.1624052848605058
921,30421.205375986086,1.0,0.7243630254571335,0.48558927316604167,1.2139731829151041
922,30453.41463156959,1.0,0.5005173451398147,0.3867555034312942,0.9668887585782355
923,30461.82931701011,0.95,0.8594649432922992,0.5089442354743765,1.2723605886859413
924,34308.77325875507,0.9025,0.7919719188861652,0.42516030933465143,1.0629007733366285
925,34334.79375392257,0.8573749999999999,0.7220006330294134,0.36761695073918355,0.9190423768479589
926,34347.84532876085,0.8145062499999999,0.6712892764592702,0.31992170813112847,0.7998042703278212
927,34355.81733731538,1.0,0.07982376505680039,0.2355078747363,0.0
928,34363.262484021674,0.95,0.25808648429929454,0.2816068975022957,0.0
929,34373.857711969984,1.0,0.08263012072877558,0.2452194616481281,0.0
930,34386.78478683726,1.0,0.3062300327530876,0.3436588065125702,0.8591470162814254
931,34409.77075528335,0.95,0.7251173991744638,0.4641755056880894,1.1604387642202236
932,34441.08977025763,1.0,0.32791321942333157,0.32021650820733133,0.8005412705183284
933,34464.579822918946,1.0,0.30160924270297135,0.327001088769848,0.81750272192462
934,34474.366953896024,0.95,0.6380957576466474,0.4279036636494135,1.0697591591235338
935,34492.19355843301,0.9025,0.6733073213226228,0.38860332949670273,0.9715083237417568
936,34498.32220324364,1.0,0.0573439896467689,0.2153860363722856,0.0
937,34503.887486214844,0.95,0.264565198966878,0.2856767441872826,0.0
938,34912.11375547527,1.0,0.25121582244937224,0.31563673349072363,0.7890918337268091
939,34921.46496120894,1.0,0.30313503253771334,0.3322437643188772,0.830609410797193
940,34929.27528223733,0.95,0.6978686615094327,0.4529167358816989,1.1322918397042472
941,34950.94083462729,0.9025,0.7505707033622699,0.4174675757215874,1.0436689393039684
942,34956.11613600257,1.0,0.18554455345241472,0.264594470248278,0.0
943,35546.37436493379,1.0,0.6148364507997282,0.4670986361287408,1.167746590321852
944,35552.21786083186,1.0,0.24504922593532003,0.28603048784485063,0.0
945,35585.55636663244,1.0,0.7431133527022751,0.5174046545788362,1.2935116364470907
946,35595.83576838934,1.0,0.7179907155966649,0.47696929938846266,1.1924232484711568
947,35615.4503450024,0.95,0.8022806704543578,0.47187843865503043,1.179696096637576
948,35623.04038020517,1.0,0.9893015644045711,0.5933698168226583,1.4834245420566459
949,35634.33665241983,0.95,0.9097458115839951,0.5007351470010036,1.251837867502509
950,35647.10901546016,0.9025,0.8030636075962408,0.4268019664953815,1.0670049162384538
951,35667.48392317097,0.8573749999999999,0.8612590397643909,0.42543998024526963,1.0635999506131741
952,35690.99528145354,1.0,0.7724612014228638,0.5098731622117393,1.2746829055293483
953,35700.607711726734,0.95,0.9144208424388686,0.5157090817389528,1.289272704347382
954,35717.184242595285,0.9025,0.868957007975133,0.4541966928032237,1.1354917320080593
955,35729.79266768832,0.8573749999999999,0.8191577425515413,0.40380383139313925,1.009509578482848
956,35736.52176386352,1.0,0.904833210987107,0.5679954840614925,1.4199887101537312
957,35777.94011414016,0.95,0.7275430879013111,0.4292781042593242,1.0731952606483106
958,35803.67074764362,1.0,1.0,0.6023474147259211,1.5058685368148028
959,35811.98427597497,1.0,0.49493784936251184,0.367873896732255,0.9196847418306375
960,35837.8747805848,0.95,0.8747574918749852,0.5157018756257429,1.2892546890643573
961,35852.79633566549,1.0,0.8640763814774887,0.5364266307080462,1.3410665767701155
962,35860.50117442043,1.0,0.5906212533968375,0.4162163435380223,1.0405408588450558
963,35904.05017845837,0.95,0.9277647654942606,0.5322239263037791,1.3305598157594478
964,35950.11865207773,1.0,0.9324556379288215,0.5619654820004494,1.4049137050011233
965,35961.067817578536,1.0,0.6708361932666482,0.44580386289626284,1.114509657240657
966,35983.87889435728,0.95,0.9165917054964514,0.5227183447125106,1.3067958617812763
967,35997.316428917904,0.9025,0.7715680599071821,0.4131630828312294,1.0329077070780734
968,36015.994227346404,0.8573749999999999,0.8614327333484204,0.42740266441190544,1.0685066610297635
969,36038.647051423846,1.0,0.8955533775329291,0.561561454562925,1.4039036364073127
970,36054.25087388001,1.0,0.8582641648362003,0.5267377465792283,1.316844366448071
971,36063.89558374323,0.95,0.939957112861055,0.521286137511471,1.3032153437786775
972,36092.792003448296,0.9025,0.9457477297370396,0.48491661971789335,1.2122915492947333
973,36116.07448412681,0.8573749999999999,0.9673809580757109,0.46145013860757605,1.15362534651894
974,36142.52851552517,1.0,0.7554203812425275,0.4963487026373189,1.2408717565932972
975,36152.709680273576,1.0,0.6701487054194043,0.4561372334015982,1.1403430835039954
976,36180.112821331975,0.95,0.8997225473361585,0.5156745475560223,1.2891863688900558
977,36210.02628303337,1.0,1.0,0.5920166471598304,1.480041617899576
978,36222.34139007228,1.0,0.7240397038901776,0.46409667563387463,1.1602416890846865
979,36230.56603803462,0.95,1.0,0.5545576177665892,1.3863940444164728
980,36274.741326710864,0.9025,0.9093764552156165,0.4660381111905588,1.165095277976397
981,36287.49280668004,1.0,1.0,0.5971374126870629,1.4928435317176572
982,36297.00963634232,1.0,0.9688947792955853,0.5669358073041458,1.4173395182603645
983,36315.7688571795,0.95,0.9411494979535091,0.5151491023827385,1.2878727559568461
984,36347.18919567674,1.0,0.9560968192750608,0.5710916942183148,1.4277292355457871
985,36381.51516466107,0.95,0.8440850394526263,0.47514990741359936,1.1878747685339983
986,36409.14485605766,0.9025,0.95591053333885,0.4949373216351594,1.2373433040878985
987,36421.96123974536,1.0,0.7182683800310187,0.4760180876126968,1.190045219031742
988,36434.17555548269,0.95,0.8983447893785423,0.5122087087371267,1.2805217718428166
989,36457.05970947007,0.9025,0.9118213774903683,0.4731642911832421,1.1829107279581053
990,36469.22571530813,1.0,1.0,0.5969907173505777,1.4924767933764445
991,36491.17541806605,1.0,0.9040567587459956,0.5397038386733182,1.3492595966832954
992,36504.45778507208,0.95,0.9319689472165544,0.5151835523061931,1.2879588807654827
993,36520.227664042926,1.0,0.680377460943132,0.45584039676312216,1.1396009919078054
994,36541.77927067618,0.95,0.9109310936902197,0.5197684116933043,1.2994210292332609
995,36611.94982502416,1.0,0.9420313068613095,0.5669972832603368,1.417493208150842
996,36620.22907883678,0.95,0.8950108388189527,0.49738267389228147,1.2434566847307036
997,36642.80389868434,0.9025,0.9002991673931551,0.468524999975988,1.17131249993997
998,36702.88287264576,1.0,0.9010216962251634,0.5561111623709792,1.3902779059274482
999,36714.7568600004,0.95,0.8798696924872164,0.4934839690711209,1.2337099226778023
1000,36745.63005470029,1.0,0.9009080965417494,0.5515892189983017,1.3789730474957542
1001,36758.78067500639,1.0,0.6189730979300649,0.42591421533812224,1.0647855383453055
1002,36779.15721919964,1.0,0.8859823012706073,0.5549741806578511,1.3874354516446277
1003,36789.8124999754,1.0,0.8249686770609044,0.5133279062893433,1.2833197657233584
1004,36817.62457502582,1.0,0.8989309182462317,0.548052865039763,1.3701321625994076
1005,36827.03298932264,0.95,0.9199156417834109,0.5104287144542586,1.2760717861356465
1006,36845.5122040285,0.9786843621000215,0.8672865398536035,0.5171602723955268,1.2929006809888168
1007,36876.575623210476,1.0,1.0,0.590520684156781,1.4763017103919527
1008,36894.437705837394,1.0,0.8483636289283288,0.516312724149898,1.290781810374745
1009,36907.598342682504,1.0,0.6064098179261235,0.4237903057932721,1.0594757644831803
1010,36924.03831070319,0.95,0.8926840392146999,0.5165427073946064,1.291356768486516
1011,36934.607957414955,0.9686504121833747,0.8467144153016958,0.5017253583078648,1.254313395769662
1012,36967.85609315752,0.9202178915742059,0.8486226329600279,0.4623636203854379,1.1559090509635948
1013,37009.80332384111,1.0,0.7150457209791408,0.47897569784473265,1.1974392446118316
1014,37028.05822792038,1.0,0.9267123591337006,0.5663164475774058,1.4157911189435146
1015,37037.548363424125,1.0,0.7507707455758851,0.47972097159384963,1.1993024289846241
1016,37055.67227703968,0.95,0.9064912930857159,0.5136800983614473,1.2842002459036184
1017,37089.42401843209,1.0,0.8893652859895534,0.5451439425304696,1.362859856326174
1018,37106.22322353853,1.0,0.7230168594252626,0.47030516379923704,1.1757629094980926
1019,37134.70100614492,0.95,0.4010393987185033,0.3030555358962555,0.7576388397406387
1020,37172.898993166134,1.0,0.7704823224479301,0.5255402115050204,1.313850528762551
1021,37183.727442276206,0.95,0.8397213061525084,0.4844540092371775,1.2111350230929439
1022,37199.87717937945,0.9025,0.8357395632184829,0.44472733818261223,1.1118183454565305
1023,37214.46238047633,0.8573749999999999,0.8859539212644152,0.4338512731379453,1.0846281828448632
1024,37226.99258198792,0.8145062499999999,0.8156803722464987,0.3707287710676643,0.9268219276691607
1025,37242.381750071356,0.816741427099529,0.8843023263908982,0.41078820351299167,1.0269705087824792
1026,37259.954613468195,1.0,0.5455059486321421,0.4180453875901022,1.0451134689752555
1027,37280.03973719414,1.0,0.7898937674800316,0.5190250254236848,1.2975625635592118
1028,37289.9649855761,1.0,0.5199565306053937,0.3909881168054634,0.9774702920136585
1029,37304.59222120833,0.95,0.7761017269327485,0.4727653334754307,1.1819133336885768
1030,37322.30594011981,0.9025,0.5160511231023087,0.3142753680870047,0.7856884202175117
1031,37354.48103928676,0.8573749999999999,0.6507379458064443,0.354241869852568,0.88560467463142
1032,37371.980325106626,0.8145062499999999,0.7828249956359006,0.37104247141869146,0.9276061785467287
1033,37416.82520034341,0.7737809374999999,0.9102113089983701,0.3875544875411614,0.9688862188529035
1034,37440.200863160746,1.0,0.7330426990368795,0.5004115425555872,1.251028856388968
1035,37468.79645906738,0.95,0.8309986799795417,0.4830368836491947,1.207592209122987
1036,37483.72657560119,1.0,0.5911151460267464,0.42440844053246096,1.0610211013311523
1037,37503.83884444227,1.0,0.6150257480279417,0.4428439054101307,1.1071097635253266
1038,37512.644928390335,0.95,0.8187244003623666,0.4849627032705173,1.2124067581762934
1039,37545.46849901242,0.9025,0.8779806463403366,0.4637284074411993,1.1593210186029983
1040,37555.68731032625,1.0,0.31204663258309917,0.3100807469044814,0.7752018672612035
1041,37572.106636957345,0.95,0.8285975118285157,0.5072881570129906,1.2682203925324764
1042,37583.926484123345,0.9025,0.831515755936849,0.4436207667837655,1.1090519169594137
1043,37607.968876007144,0.8573749999999999,0.7687347210731159,0.38487263749449757,0.9621815937362439
1044,37621.987932533164,0.8145062499999999,0.7681174947019419,0.3577855145104285,0.8944637862760713
1045,37635.010535655754,1.0,0.6315377208157086,0.4614180430604812,1.1535451076512029
1046,37644.882311122725,0.95,0.6586117579664653,0.4167246750969728,1.041811687742432
1047,37656.53611197228,0.9025,0.8128107219785918,0.44596379775302064,1.1149094943825517
1048,37672.52788784599,1.0,0.7977923776831854,0.5180041553082223,1.2950103882705557
1049,37692.54031000044,0.95,0.7027290378701363,0.4252786532444661,1.0631966331111653
1050,37705.50482689595,0.9025,0.7255265571393535,0.40665741172632025,1.0166435293158007
1051,37726.72317547162,0.8573749999999999,0.7411675372160198,0.379653772202367,0.9491344305059175
1052,37732.52400742477,1.0,0.22804642303239736,0.2884244454406456,0.0
1053,38299.53435756798,1.0,0.5766811990972438,0.44852331823889857,1.1213082955972464
1054,38305.834449055415,1.0,0.27084705758389516,0.2991548922394013,0.0
1055,38313.44656513806,1.0,0.20949045717176004,0.29173516855710546,0.0
1056,38337.91077319935,1.0,0.45697995147038334,0.39936215218725535,0.9984053804681383
1057,38346.55031994789,1.0,0.07222608062616875,0.22291615677476787,0.0
1058,38369.50486455068,1.0,0.27770496440929426,0.3323025202143335,0.8307563005358337
1059,38380.82521972313,1.0,0.2895824884553452,0.32496234728668727,0.8124058682167181
1060,38396.05897211363,0.95,0.7449847250269462,0.4735186352039967,1.1837965880099917
1061,38404.18490723615,0.9025,0.5968427538174484,0.35007487310171154,0.8751871827542789
1062,38422.99737688729,0.8573749999999999,0.7294082491971583,0.38243589943375944,0.9560897485843987
1063,38663.61613322532,1.0,0.09430933387986737,0.23296042527771474,0.0
1064,38677.07128712367,0.95,0.7149461595377495,0.4726188269730626,1.1815470674326565
1065,38723.773525041426,0.9025,0.6464633071283743,0.3727178194216523,0.9317945485541307
1066,38731.18270176601,1.0,0.002557682705741693,0.193986428308709,0.0
1067,38741.018809977075,0.95,0.1531126650800005,0.2421538583712556,0.0
1068,38753.12262463801,1.0,0.36984412561200264,0.37214777285224104,0.9303694321306026
1069,38780.70107519723,0.95,0.3818795159724707,0.31619874917171753,0.7904968729292938
1070,38785.91507962082,0.9025,0.29244290185992966,0.24401324782282213,0.0
1071,39241.841154895636,0.8573749999999999,0.6278282517261127,0.3580362916133713,0.8950907290334282
1072,39246.884679238916,1.0,0.20698004746705212,0.2863769248325951,0.0
1073,39319.777416085555,0.95,0.6619263653933538,0.4435902706171854,1.1089756765429635
1074,39517.707423110456,0.9025,0.7704275904135617,0.4279640060500946,1.0699100151252365
1075,39531.394381868675,0.8573749999999999,0.7851159943023861,0.39541806218218845,0.9885451554554712
1076,39553.53636739912,1.0,0.30343089346704927,0.3174490155980175,0.7936225389950438
1077,39562.22351832153,0.95,0.3991477164989332,0.3274361873215289,0.8185904683038223
1078,39583.89189238524,0.9025,0.6783635434098771,0.4050638252422124,1.012659563105531
1079,39593.466044987465,1.0,0.08834410688833533,0.22810271228850823,0.0
1080,39609.46464582228,1.0,0.24816185383176123,0.3189273321960396,0.7973183304900989
1081,39614.69583312447,0.95,0.0,0.16311028877009426,0.0
1082,39622.22632046496,1.0,0.0005178603216740574,0.2262175013351031,0.0
1083,39775.28531067989,1.0,0.33066332650092933,0.3588475255110898,0.8971188137777244
1084,39794.508457816344,1.0,0.2928941412951922,0.32317573975392483,0.807939349384812
1085,39806.101547034435,1.0,0.06415885865275217,0.22937307215644442,0.0
1086,39821.533733012024,0.95,0.8365276868002773,0.5254920969369513,1.3137302423423782
1087,39839.96615177307,1.0,0.4873976432395515,0.3805153489525949,0.9512883723814873
1088,39848.431839678145,1.0,0.5034444438474893,0.40220280782157247,1.005507019553931
1089,39903.745518766715,0.95,0.6956922024327518,0.43998405839090626,1.0999601459772657
1090,39948.92695852367,1.0,0.38059932904559873,0.3441101860531862,0.8602754651329656
1091,39957.525000943606,0.95,0.7560807994681189,0.47271797603387394,1.1817949400846848
1092,39964.48943223443,0.9025,0.6977419288298535,0.39178676214045133,0.9794669053511283
1093,39979.98625159167,0.8573749999999999,0.7328629976506172,0.37783294328346795,0.9445823582086699
1094,39991.97540445549,1.0,0.5314762144153248,0.4163632301953994,1.0409080754884985
1095,39999.945654021496,1.0,0.3422800177036233,0.3318690345706023,0.8296725864265058
1096,40014.245406389644,0.95,0.7520525864062844,0.47332528522842193,1.1833132130710549
1097,40066.59694680991,1.0,0.7166857565992018,0.48188486258728763,1.204712156468219
1098,40167.17938757588,0.95,0.7790038227383613,0.4621804601541595,1.1554511503853986
1099,40173.485018898544,0.9025,0.7146895203354099,0.3975293691765704,0.993823422941426
1100,40182.30388042038,0.8573749999999999,0.8335037015576894,0.41908518343410495,1.0477129585852625
1101,40189.1083449846,0.8145062499999999,0.7555732025322774,0.348630772970095,0.8715769324252375
1102,40204.69159642035,0.8968307520380283,0.8070162284027392,0.4492095054891575,1.1230237637228937
1103,40217.112321108296,1.0,0.6095400613204672,0.4399661618058684,1.099915404514671
1104,40253.42685849186,0.95,0.8191848325491117,0.4854852259913988,1.213713064978497
1105,40294.26233446774,1.0,0.47750413365389266,0.3774006461816881,0.9435016154542203
1106,40305.69942269817,0.95,0.7751549060056536,0.47491481250314094,1.1872870312578523
1107,40333.04878183287,1.0,0.9092417823329955,0.561372254219519,1.4034306355487973
1108,40362.555153207875,0.95,0.7098511703123341,0.4215829845912006,1.0539574614780014
1109,40374.07397925745,1.0,0.7096255495550379,0.4814516605943758,1.2036291514859394
1110,40390.89271233754,0.95,0.7963272724964204,0.4698799214751942,1.1746998036879854
1111,40395.91636829685,0.9025,0.8082451876338723,0.4357833424564411,1.0894583561411029
1112,40404.39240030295,0.8573749999999999,0.8305291075114093,0.41222251389675946,1.0305562847418988
1113,40415.45889107779,1.0,0.7504179523932778,0.5024587935544922,1.2561469838862305
1114,40429.77454799827,1.0,0.7608291174121492,0.49452315216950593,1.2363078804237648
1115,40450.347861904425,1.0,0.8147706774191205,0.5165539374713017,1.2913848436782542
1116,40460.75021296882,1.0,0.5223664647683699,0.3905076745575681,0.9762691863939201
1117,40473.5404215678,0.95,0.8115281657009843,0.4874998417083112,1.218749604270778
1118,40481.021992184935,1.0,0.8438157469213099,0.531710923764891,1.3292773094122277
1119,40494.78415533859,0.95,0.8820835968260905,0.4978461658516794,1.2446154146291986
1120,40516.80636888396,1.0,0.6290041363005355,0.4372567214366594,1.0931418035916485
1121,40529.785245093066,1.0,0.5641785682470303,0.4192147504857205,1.0480368762143013
1122,40539.58952579711,0.95,0.46909382215963147,0.3411686912122234,0.8529217280305584
1123,40558.726454124444,0.9025,0.7269114099528491,0.42125716285061876,1.053142907126547
1124,40567.066518437394,1.0,0.5949655665542293,0.4379708533556053,1.0949271333890134
1125,40592.2225704641,0.95,0.8734288935565304,0.5091422013004889,1.2728555032512223
1126,40612.415301984685,0.9025,0.861950019431664,0.4537132745479072,1.134283186369768
1127,40631.1536929856,0.8573749999999999,0.8203435211613337,0.4047222777218602,1.0118056943046505
1128,40651.93956218522,1.0,0.891804304536334,0.5624521966355803,1.4061304915889508
1129,40662.09381026384,1.0,0.8647521441102367,0.5296876422541192,1.324219105635298
1130,40670.436147608394,0.95,0.7824207262911309,0.45473157639566075,1.1368289409891519
1131,40679.3935093122,0.9025,0.8800053216900617,0.466756991532358,1.166892478830895
1132,40690.87017313072,1.0,0.8426258188315866,0.5328025246078626,1.3320063115196565
1133,40712.859869017,1.0,0.9172309850418107,0.5546794645876653,1.3866986614691632
1134,40782.22511513038,1.0,0.9852128329145112,0.578755530721586,1.446888826803965
1135,40791.178346108274,1.0,1.0,0.5808872300251292,1.452218075062823
1136,40815.95760449428,1.0,0.8069766198808679,0.4989301803499644,1.247325450874911
1137,40826.81737326525,1.0,0.9458574715816437,0.5688415408714382,1.4221038521785956
1138,40836.84851843058,0.95,0.8922948946441052,0.4960124074556256,1.240031018639064
1139,40866.311766843166,0.9774116556014512,0.9481306880590881,0.5517029860113896,1.379257465028474
1140,40890.417976794204,1.0,0.7431704093866822,0.47795433198668713,1.1948858299667178
1141,40903.718717211734,1.0,0.9068208109221414,0.5562745160240984,1.390686290060246
1142,40929.53752119758,0.95,0.8691061276380982,0.48861532495267285,1.221538312381682
1143,40939.68848152729,1.0,0.8334688257356931,0.5239105391507051,1.3097763478767628
1144,41008.78200604693,0.95,0.9146150312431812,0.5121301835779943,1.280325458944986
1145,41034.549027333145,1.0,0.9032914699656305,0.5505055155109739,1.3762637887774347
1146,41042.082291629464,0.95,0.8952540819730933,0.4998092262307613,1.2495230655769032
1147,41089.72111423789,0.9025,0.9385080493287259,0.4845581357996793,1.2113953394991983
1148,41097.24631333435,1.0,0.845211623708565,0.5303783989978738,1.3259459974946843
1149,41120.3232423953,0.95,0.8906336315987973,0.5013534278489808,1.2533835696224522
1150,41132.55280373456,1.0,0.7506249194138965,0.4878244482579087,1.2195611206447718
1151,41147.60781077184,0.95,0.8984777402702436,0.5103231557486686,1.2758078893716716
1152,41165.53166672768,1.0,0.9330702224987516,0.563980829033261,1.4099520725831525
1153,41187.071552229485,1.0,0.8899831620316628,0.5378087147033731,1.3445217867584327
1154,41202.584787830005,0.95,0.8779684091370442,0.4933477421156586,1.2333693552891465
1155,41216.98456339831,0.9025,0.9180799953495757,0.47701549349859906,1.1925387337464977
1156,41252.42265656524,1.0,0.7868956705848946,0.5071113819246813,1.2677784548117033
1157,41286.4064943007,0.95,0.9523668814426038,0.5307803499707998,1.3269508749269996
1158,41303.6037410171,1.0,0.7561297342071553,0.486432475480449,1.2160811887011225
1159,41328.75295057664,0.95,0.8526253636710577,0.4907348686894148,1.226837171723537
1160,41341.40634527467,1.0,1.0,0.5948424781797363,1.487106195449341
1161,41347.647130082565,1.0,0.909309387543457,0.5419099427682519,1.3547748569206297
1162,41373.73352545328,0.95,0.8778958534423077,0.49215769519316177,1.2303942379829045
1163,41411.02006172835,1.0,0.8577276386411233,0.5335718570227334,1.3339296425568334
1164,41433.900681190236,1.0,0.7125048150089063,0.46778836398527324,1.169470909963183
1165,41444.29187553625,1.0,0.9600869560571965,0.5804862326434882,1.4512155816087204
1166,41470.21898375398,0.95,0.7895716411711136,0.4520148719284359,1.1300371798210898
1167,41477.79034233685,0.9025,0.9114843848342016,0.4795491431600978,1.1988728579002443
1168,41623.81281722573,0.8573749999999999,0.9238055678261513,0.44520427539693125,1.113010688492328
1169,41639.6614265409,1.0,1.0,0.6016866659304307,1.5042166648260769
1170,41672.5368062706,1.0,1.0,0.5799999999999998,1.4499999999999997
1171,41716.49453783315,0.95,0.9158444322686963,0.5026546615528524,1.256636653882131
1172,41752.16570028521,1.0,0.7468300675896922,0.48471796245154886,1.2117949061288722
1173,41761.77600301138,1.0,1.0,0.5951901959446183,1.4879754898615458
1174,41769.957713500495,0.95,0.9262416641664746,0.5070214989499191,1.2675537473747978
1175,41779.920556067395,0.9025,0.9378392749423556,0.4824179956258008,1.206044989064502
1176,41812.24136449189,0.8573749999999999,0.9628583265849129,0.460025140669122,1.1500628516728049
1177,41827.79027506522,1.0,0.9175893347626732,0.564731021005228,1.41182755251307
1178,41838.63994782484,0.95,0.9154812412211124,0.5074467612271069,1.2686169030677672
1179,41851.68256423356,0.9025,0.9842011640176491,0.5025356144141457,1.2563390360353643
1180,41873.12908526523,0.9722954428658082,0.9311870869237693,0.5404746786742031,1.3511866966855077
1181,41993.04521345878,0.9236806707225177,0.9695253165346982,0.510545717992165,1.2763642949804124
1182,42002.724641134606,0.8774966371863918,0.9118619219156616,0.45106598296236305,1.1276649574059077
1183,42053.39613641077,0.8336218053270722,0.9526213818960998,0.4403319850937958,1.1008299627344895
1184,42075.37820736607,1.0,0.8939977212081736,0.5582871433544181,1.3957178583860452
1185,42090.574222045936,1.0,0.7241320641495501,0.4704956036703206,1.1762390091758015
1186,42124.43138930405,0.95,0.8930168353703022,0.5096191470065539,1.2740478675163847
1187,42138.4958874231,0.9025,0.8794181574581144,0.45987461601018986,1.1496865400254745
1188,42155.97630796256,0.8573749999999999,0.825258966044914,0.40573867629137683,1.0143466907284422
1189,42162.635443802574,1.0,0.9935367333980759,0.6048848900644971,1.5122122251612427
1190,42168.17590609888,0.95,0.8742864242982656,0.4855880942013868,1.2139702355034672
1191,42176.90999790607,0.9025,0.9335404871266129,0.4837298191352815,1.2093245478382038
1192,42201.94912935162,0.8573749999999999,0.8397925991625312,0.4085954624206663,1.0214886560516658
1193,42216.53394292987,1.0,0.5239283327886446,0.4067773438214788,1.016943359553697
1194,42244.2069816135,0.95,0.9176503885135259,0.531977463208362,1.329943658020905
1195,42267.0895853629,0.9025,0.797525210040303,0.42400156490611574,1.0600039122652893
1196,42291.99329611644,1.0,0.7091399387237068,0.48168726166153863,1.2042181541538466
1197,42341.93487447703,0.95,0.9234802029659452,0.5233132889222746,1.3082832223056864
1198,42348.799395008995,0.9025,0.8833255450934614,0.45968791676129694,1.1492197919032423
1199,42389.024700946145,0.8573749999999999,0.8304663838981319,0.4076913485316076,1.0192283713290191
1200,42396.712176837456,1.0,0.6630939812968835,0.4657864891108032,1.164466222777008
1201,42520.26836942553,0.95,0.8459807501195469,0.49352627617239675,1.2338156904309918
1202,42536.94670315355,1.0,0.4495549096276886,0.3640542170364563,0.9101355425911407
1203,42552.507704844465,0.95,0.8922871096373729,0.5257872914700351,1.3144682286750877
1204,42624.27134359516,0.9025,0.8759723411252006,0.4584711566943419,1.1461778917358547
1205,42636.7291259281,0.8573749999999999,0.7521445579893747,0.37523737388802514,0.9380934347200629
1206,42659.90001710884,1.0,0.5508988051187016,0.42336382467049205,1.0584095616762301
1207,42667.93126585165,0.95,0.7976337693236547,0.47995225480881276,1.1998806370220318
1208,42695.52535477028,0.9025,0.8211812426619362,0.4411380957585939,1.1028452393964847
1209,42720.112201390635,1.0,0.5281404901129757,0.40424813128773357,1.010620328219334
1210,42740.15119299567,0.95,0.8651204461770161,0.5096621579875682,1.2741553949689206
1211,42750.625758336195,1.0,0.8484469894112975,0.530440508782124,1.32610127195531
1212,42779.87015693128,1.0,0.7796744985829023,0.49655647004014103,1.2413911751003526
1213,42828.63293479609,0.95,0.7994182552432613,0.46697519728719555,1.1674379932179888
1214,42838.917045743605,0.9025,0.7456136296538562,0.40929262914002396,1.0232315728500598
1215,42896.795737903725,1.0,0.3805833259553872,0.3468081791220312,0.867020447805078
1216,42909.60168211661,0.95,0.7823519010095955,0.48375279886670686,1.2093819971667672
1217,42931.0439932994,1.0,0.727891159421394,0.4847731728964097,1.2119329322410242
1218,42963.82389369849,1.0,0.8372689193290171,0.5279794765529034,1.3199486913822587
1219,42990.144088342415,1.0,0.5225225960447616,0.3892233551790587,0.9730583879476468
1220,43014.08621868679,0.95,0.8380949383915746,0.4986485183617756,1.246621295904439
1221,43029.61529694469,1.0,0.6817137738366759,0.4620340887079094,1.1550852217697736
1222,43052.76142622707,1.0,0.7903038844563137,0.5110248050414512,1.277562012603628
1223,43061.199139935416,1.0,0.4906923691103515,0.3786725619589688,0.946681404897422
1224,43072.62255503621,0.95,0.7712903072573021,0.47250038690144575,1.1812509672536144
1225,43129.99059846478,0.9025,0.7976121615986793,0.4328196894360072,1.0820492235900179
1226,43155.81448356116,0.8573749999999999,0.7755320951118276,0.38976175025104665,0.9744043756276166
1227,43181.75269248611,1.0,0.376366455180445,0.34865698546907725,0.8716424636726932
1228,43200.71676482691,0.95,0.6143347696253812,0.4134386159318334,1.0335965398295834
1229,43225.58405190753,0.9025,0.6893994875297983,0.3967876985849924,0.991969246462481
1230,43246.84743865424,1.0,0.4006944494167522,0.358627699503248,0.89656924875812
1231,43261.24217534145,1.0,0.3590992826379799,0.34678003174294636,0.8669500793573659
1232,43271.490958465976,0.95,0.1328624004435433,0.21225625122800937,0.0
1233,43290.86942114479,0.9025,0.6948167852880679,0.42795130579437585,1.0698782644859397
1234,43298.99922158934,1.0,0.0,0.1900109928827159,0.0
1235,43363.73933450964,0.95,0.6588082635014039,0.45469947067058947,1.1367486766764736
1236,43369.18320691567,1.0,0.2177191816540617,0.2779135604846217,0.0
1237,43387.03297187978,1.0,0.4202851391432496,0.383456607540921,0.9586415188523024
1238,43392.25291389459,0.95,0.19307806269190103,0.23387567798200345,0.0
1239,43434.57250919446,1.0,0.15217984686405434,0.2783308519213888,0.0
1240,43444.10199402992,1.0,0.188588900776688,0.2900765475143657,0.0
1241,43449.5979255497,0.95,0.28568927184431747,0.286674160128012,0.0
1242,43463.27927574173,0.9025,0.6217819969193193,0.3881070823954551,0.9702677059886378
1243,43476.4970754086,1.0,0.19816803444849979,0.2776236546532107,0.0
1244,43536.930814770116,0.95,0.6360910804098031,0.4332681717052072,1.083170429263018
1245,43548.26388012817,0.9025,0.7142551446280134,0.4059216959191775,1.0148042397979438
1246,43561.263801138695,1.0,0.6483852707580254,0.4611665050406898,1.1529162626017244
1247,43604.83269649022,0.95,0.6333357041430082,0.4050978794945818,1.0127446987364546
1248,43617.53392077342,0.9025,0.6677700810626512,0.38656329179773297,0.9664082294943324
1249,43656.42236648249,1.0,0.6589864542772242,0.46840810593267507,1.1710202648316876
1250,43684.977860575724,0.95,0.6406674035186893,0.4075411222212159,1.0188528055530397
1251,43697.168135282926,1.0,0.1641413454373831,0.25649932087257954,0.0
1252,43705.823940111564,0.95,0.2941717802945214,0.2917036669974559,0.0
1253,43712.369881021754,1.0,0.053946875804824324,0.23100738102035498,0.0
1254,43717.48104801218,0.95,0.05786743504511106,0.1990675101706571,0.0
1255,43723.870820580865,1.0,0.17553274367569693,0.2962517062410861,0.0
1256,43738.087740455005,1.0,0.18650636764399292,0.2878007097899352,0.0
1257,43758.926524952876,1.0,0.25937350225950195,0.31774648889035123,0.794366222225878
1258,43781.69244669838,0.95,0.6907466051954753,0.45255116404652945,1.1313779101163237
1259,43796.53725324007,0.9025,0.6754360863981705,0.3863383599755031,0.9658458999387577
1260,43801.79615794839,1.0,0.0,0.19117383481610975,0.0
1261,43807.29675777686,1.0,0.0,0.21999999999999997,0.0
1262,43815.21256168856,1.0,0.03503559802073339,0.23471495116870794,0.0
1263,43824.11600930256,1.0,0.08127076600325175,0.25203158584012175,0.0
1264,43832.0345160976,1.0,0.03483942337556975,0.2297563118575441,0.0
1265,43840.70689963116,1.0,0.1249701898407062,0.27039711433056246,0.0
1266,43857.045264722634,1.0,0.3045247400890372,0.34040217944695317,0.8510054486173829
1267,43869.69888233716,0.95,0.07777495240143897,0.19239399560326206,0.0
1268,43888.11341706959,0.9025,0.6982341845355428,0.43269186036084156,1.081729650902104
1269,43894.23977688083,1.0,0.21067498211464514,0.27828944141601836,0.0
1270,44432.24016372815,0.95,0.6193073380824881,0.4254685830677662,1.0636714576694155
1271,44449.68969308124,1.0,0.17295359702252291,0.2614820704645104,0.0
1272,44456.32636610075,1.0,0.2279906653170027,0.30537886361178973,0.7634471590294744
1273,44470.6754914481,0.95,0.6867693432539334,0.4527636842476318,1.1319092106190796
1274,44477.632096507965,0.9025,0.09120263657429005,0.14119894676596584,0.0
1275,44612.935382261654,1.0,0.2512965499902812,0.33177239280146065,0.8294309820036516
1276,44632.9631278629,1.0,0.2674548312366345,0.31725323611996964,0.7931330902999241
1277,44669.328906917974,0.95,0.7305096302892192,0.4687667548472739,1.1719168871181849
1278,44708.982159687046,0.9025,0.30662655211469725,0.22905257407081964,0.0
1279,44714.92718622006,0.8573749999999999,0.20897984802946612,0.18126894304549385,0.0
1280,44731.16458985905,0.8145062499999999,0.7436650390272059,0.3811007755096584,0.9527519387741459
1281,44737.25546597208,0.8395280172770258,0.6777000474559243,0.34747690210255744,0.8686922552563936
1282,44747.00685996526,0.7975516164131744,0.7400985532114761,0.33937938521528793,0.8484484630382199
1283,44755.558950235114,0.7576740355925157,0.7171442734837322,0.2975346775986112,0.0
1284,44856.317964406764,1.0,0.23369853462682283,0.30420384386313976,0.7605096096578494
1285,44875.662806812514,1.0,0.35003507793526917,0.3529928206552036,0.882482051638009
1286,44885.55617952061,0.95,0.3670499738382319,0.31115888433594124,0.7778972108398531
1287,44988.5196739454,0.9025,0.482110210879533,0.32456329013910984,0.8114082253477746
1288,44998.81152816877,0.8573749999999999,0.7228900612863856,0.3865822130875098,0.9664555327187745
1289,45010.065732846124,0.8145062499999999,0.8433290087850823,0.3921250300125514,0.9803125750313785
1290,45023.56716676793,1.0,0.34524127171576013,0.3366608435935143,0.8416521089837857
1291,45054.15786744666,1.0,0.11559897274657871,0.24783709225061737,0.0
1292,45070.73459790882,0.95,0.6752488232227706,0.4546685673887688,1.136671418471922
1293,45079.74711299978,0.9025,0.6712953892929211,0.3855291341096606,0.9638228352741516
1294,45104.72980302407,1.0,0.5084878185388788,0.4049871604287539,1.0124679010718847
1295,45133.23447802558,1.0,0.44180880965273134,0.3750504309418144,0.937626077354536
1296,45148.49077390307,1.0,0.5724779425235373,0.43393220728072185,1.0848305182018045
1297,45161.297476886786,0.95,0.7706352124144945,0.4673181126626753,1.1682952816566883
1298,45174.26641278815,0.9588178084806136,0.7480616129066633,0.45935472379964415,1.1483868094991103
1299,45186.50006579991,0.9108769180565829,0.7757948673670445,0.4310286216696149,1.0775715541740374
1300,45197.124751529416,1.0,0.48262656449222224,0.3868502348779207,0.9671255871948017
1301,45223.12148517985,0.95,0.7849117584216437,0.4787053446675569,1.1967633616688922
1302,45234.83267572526,1.0,0.2142431340557885,0.26888741079813255,0.0
1303,45278.58524631787,0.95,0.8353983174185629,0.5160127052724489,1.2900317631811222
1304,45286.61710531571,1.0,0.40596027642471,0.3463794170532645,0.8659485426331613
1305,45464.96233895978,0.95,0.7693885658131423,0.4767855810560372,1.191963952640093
1306,45483.13414101706,1.0,0.5896355768013316,0.42748362830777076,1.068709070769427
1307,45508.346669261,1.0,0.565132385643202,0.4219774673620649,1.054943668405162
1308,45522.083464164505,1.0,1.0,0.6060920568614078,1.5152301421535195
1309,45538.913571424106,1.0,0.8420940547901382,0.513679503011858,1.2841987575296452
1310,45555.24375955183,1.0,0.6471106992830602,0.441260850411477,1.1031521260286925
1311,45575.36587354168,0.95,0.8897439317011865,0.5128658093575147,1.2821645233937868
1312,45591.79904060986,1.0,0.6524002886129304,0.44662348531535967,1.1165587132883992
1313,45613.75580750689,0.95,0.9104999942424752,0.5212659802650637,1.303164950662659
1314,45634.335337003955,1.0,0.8853555499927036,0.543219331342387,1.3580483283559674
1315,45648.27305478207,1.0,0.8347449709823229,0.5174715548130133,1.2936788870325333
1316,45660.36903276331,1.0,0.7291538088529527,0.47615990145930065,1.1903997536482516
1317,45671.03050792033,0.95,0.8343559822411126,0.48468028401009,1.211700710025225
1318,45692.43896239328,0.9025,0.8195037059563544,0.4382301975672021,1.0955754939180053
1319,45714.11552200285,1.0,1.0,0.6025297776426186,1.5063244441065464
1320,45861.25138679091,1.0,1.0,0.5799999999999998,1.4499999999999997
1321,45872.31624023246,0.95,0.9099970601543632,0.5001987652648324,1.2504969131620811
1322,45890.87106415074,0.9025,0.7717938012400529,0.4136535729115605,1.0341339322789014
1323,45907.90425522516,0.8573749999999999,0.9245083767308127,0.4538808901525381,1.1347022253813452
1324,45917.99881355977,1.0,0.855495073404926,0.5409524282262201,1.3523810705655503
1325,45928.0278766185,0.95,0.9459923601680292,0.5239870868662766,1.3099677171656916
1326,45957.889251717905,0.9025,0.9329926691035554,0.47919737941341156,1.1979934485335288
1327,45975.348916937415,1.0,0.938450922061376,0.5698698271195646,1.4246745677989114
1328,45996.776278383586,1.0,0.7879982091901845,0.4946521925361949,1.2366304813404874
1329,46040.20504613152,1.0,0.9396003700135387,0.567352262854275,1.4183806571356874
1330,46048.1925517528,1.0,0.7595443172664084,0.48263259105107925,1.2065814776276982
1331,46072.28323242364,0.95,0.9293815643471394,0.5227675979898139,1.3069189949745348
1332,46089.256024786955,1.0,0.8510917330515567,0.5276956340208254,1.3192390850520637
1333,46119.45875107048,1.0,0.9639633714652617,0.5737991120323164,1.434497780080791
1334,46233.74047105738,1.0,0.937996512763959,0.5561207330729471,1.3903018326823677
1335,46272.296742437204,0.95,0.8853482138132007,0.49356645903570673,1.2339161475892668
1336,46296.05129031018,0.9025,0.9423039894827494,0.4867467827539626,1.2168669568849064
1337,46311.18570118696,1.0,0.8456969489257153,0.5303544791798355,1.3258861979495886
1338,46343.909042305175,1.0,0.6464572119132468,0.4407702120680207,1.1019255301700517
1339,46359.53042886632,1.0,0.9302648392814467,0.5719237997834129,1.4298094994585322
1340,46376.50842585873,1.0,0.9606668816832884,0.5676641999500943,1.4191604998752358
1341,46553.918829425136,1.0,0.8400243796835015,0.5151702265660733,1.2879255664151832
1342,46564.92515112656,0.95,0.9098735428819905,0.5097454252294259,1.2743635630735648
1343,46589.15089200737,0.9747531214809073,0.8732085141753063,0.5169477854246712,1.292369463561678
1344,46668.435049156855,1.0,0.9189753457926347,0.5566067598046792,1.391516899511698
1345,46681.627511919796,0.95,0.9084225213612518,0.5043989382241676,1.260997345560419
1346,46696.31695612697,0.9025,0.9584193621280566,0.49213078081210876,1.230326952030272
1347,46722.247818602234,1.0,1.0,0.5941948382723165,1.485487095680791
1348,46749.04167860997,1.0,0.908623794254362,0.541621993586832,1.3540549839670801
1349,46767.286175892914,1.0,1.0,0.5854825723447381,1.4637064308618453
1350,46787.46125213257,1.0,0.6994832873668148,0.4537829806940622,1.1344574517351556
1351,46799.75272498469,1.0,0.8312579680393858,0.5271593493345331,1.3178983733363328
1352,46807.47131837853,0.95,0.9114788600379335,0.5109456431335689,1.2773641078339224
1353,46821.814597796045,0.9025,0.9876946795268418,0.5042430337989974,1.2606075844974933
1354,46838.378763009176,1.0,0.9157040405594347,0.557034016263352,1.3925850406583802
1355,46852.04613198815,0.95,0.8562230526859933,0.48267143969455106,1.2066785992363775
1356,46867.35981565724,1.0,0.7263064501703448,0.4796753259103851,1.1991883147759628
1357,46883.02122203329,1.0,0.9371158626336589,0.570010275295916,1.4250256882397898
1358,46901.43221072558,0.95,0.8618332619618955,0.48374301826597654,1.2093575456649415
1359,46928.81447619002,0.9025,0.8838509285192511,0.46360739426037156,1.159018485650929
1360,46939.71663876009,1.0,0.8690020113739917,0.5436497890659213,1.3591244726648033
1361,46982.380243783286,0.95,0.8452542321172938,0.4808666568068237,1.2021666420170594
1362,46998.50818425538,1.0,0.8260804964716654,0.5222385545910618,1.3055963864776545
1363,47010.4224168673,0.95,0.6524982979581557,0.40248445535412547,1.0062111383853136
1364,47033.001760550265,0.9025,1.0,0.5249501021225106,1.3123752553062764
1365,47066.10329388545,0.8573749999999999,0.8982772269936379,0.4291714353373278,1.0729285883433195
1366,47098.31380154097,1.0,1.0,0.6032183663803816,1.508045915950954
1367,47128.25929378189,0.95,0.8874037966341104,0.4907095945863262,1.2267739864658154
1368,47141.02037749732,1.0,0.8558822943112407,0.5322263358126744,1.330565839531686
1369,47153.43896723941,0.95,0.87522919777757,0.49424332540790483,1.2356083135197622
1370,47158.968916382924,1.0,0.9763581623438593,0.5835566763177666,1.4588916907944167
1371,47197.19611348411,0.95,0.7540384548568762,0.4361146612992563,1.0902866532481408
1372,47211.36520481611,1.0,0.622840485070755,0.4423506964383045,1.1058767410957613
1373,47231.38491251436,0.95,0.6675332561949974,0.4209935384976534,1.0524838462441335
1374,47241.7814421066,1.0,0.8036439498090204,0.5234784635480888,1.308696158870222
1375,47251.263501098496,0.95,0.9244986323319322,0.5180707885908702,1.2951769714771755
1376,47282.78307303774,0.9025,0.9007768060288501,0.4669563405922011,1.1673908514805027
1377,47302.13873346751,1.0,0.5790891839299496,0.4208708488888478,1.0521771222221195
1378,47327.55976320807,1.0,0.6105626516246299,0.44169096264654756,1.1042274066163689
1379,47354.915014724975,1.0,0.8105700295277042,0.5238056533041578,1.3095141332603946
1380,47368.5729914139,1.0,0.5091518202505044,0.3852095627335496,0.9630239068338741
1381,47377.728140294304,0.95,0.5583578346339886,0.38196118133124485,0.9549029533281121
1382,47397.71276379887,0.9025,0.7093712172991133,0.4085344411875882,1.0213361029689705
1383,47406.655610305475,0.8573749999999999,0.8025827786859662,0.40641749401015875,1.0160437350253968
1384,47432.463594408546,0.8145062499999999,0.8460169618685676,0.38847240726364024,0.9711810181591006
1385,47468.56150742978,1.0,0.9199244048454499,0.5778664823229749,1.444666205807437
1386,47498.420923223355,1.0,0.9932652811643019,0.5819759537982798,1.4549398844956996
1387,47510.31419898258,1.0,0.7563146819667099,0.47805624955616,1.1951406238904
1388,47518.35817748796,0.95,0.6204331950472961,0.3932030610018617,0.9830076525046543
1389,47574.73702083039,0.9025,0.8227600174232996,0.45243321561494804,1.13108303903737
1390,47586.23219579371,1.0,0.4245216005048371,0.3606334711666336,0.901583677916584
1391,47595.68417960685,0.95,0.8555268109921665,0.5118499645864196,1.279624911466049
1392,47623.56820199466,0.9025,0.8391640345330617,0.44521728584435594,1.1130432146108897
1393,47629.72730648454,1.0,0.464647480004552,0.3765020995299281,0.9412552488248203
1394,47642.72974817775,0.95,0.7724168683841625,0.47453623592107497,1.1863405898026875
1395,47663.27783583775,0.9025,0.9063947188159263,0.4784407697996393,1.1961019244990982
1396,47677.2500093611,1.0,0.5285506030246122,0.3993075701413815,0.9982689253534538
1397,47691.127436943934,1.0,0.6203053562412395,0.44881521343984376,1.1220380335996094
1398,47705.85649099552,0.95,0.7627515218356036,0.46113731779647904,1.1528432944911975
1399,47739.47908063489,0.9025,0.8136850830839568,0.44008264358512555,1.100206608962814
1400,47778.76832036679,1.0,0.4788637195434882,0.3840016572232276,0.960004143058069
1401,47802.23148493515,0.95,0.6419096047665422,0.41887021082933834,1.0471755270733458
1402,47884.103174251686,1.0,0.38238219790479444,0.34808594683402105,0.8702148670850527
1403,47896.00493113972,0.95,0.7714617133026658,0.4790709877128319,1.1976774692820797
1404,47901.94221910768,1.0,0.25960466089402423,0.28874625477733024,0.0
1405,48442.902890463825,1.0,0.5279874478663886,0.4261784484502417,1.0654461211256043
1406,48448.019330320094,1.0,0.09836474106208307,0.2296339443740916,0.0
1407,48600.80444923862,1.0,0.23906019549604202,0.31450339764461266,0.7862584941115316
1408,48610.68093134585,1.0,0.21963461372081894,0.2979029260329814,0.0
1409,48628.791897822666,0.95,0.6359286862815715,0.4319119714150108,1.0797799285375271
1410,48644.134080206255,0.9025,0.6610334695404346,0.38357833603008834,0.9589458400752209
1411,48650.31380919943,0.8573749999999999,0.6932315058474482,0.36339022428350193,0.9084755607087548
1412,48688.4643042379,0.8145062499999999,0.7208317804081258,0.3424557074205658,0.8561392685514145
1413,48694.85798686858,1.0,0.1502480660972701,0.2621135309363659,0.0
1414,48711.52268262853,1.0,0.050935674952405446,0.2323780995141741,0.0
1415,48737.31025735292,1.0,0.3754002852311106,0.3746119792999222,0.9365299482498055
1416,48762.11209580366,0.95,0.632459374179403,0.42110892004148254,1.0527723001037064
1417,48773.776002749975,0.9025,0.0,0.10615243754923581,0.0
1418,48797.45275818686,0.8573749999999999,0.6984746962426022,0.4052543724218928,1.0131359310547319
1419,48819.7984275951,0.8145062499999999,0.6781166053338891,0.3242007424656771,0.8105018561641928
1420,48825.04812177806,1.0,0.0653727872124068,0.22902882430917756,0.0
1421,48844.2625243461,0.95,0.659516991941499,0.45107476938268504,1.1276869234567126
1422,48863.685173557154,1.0,0.22974648086384786,0.28292250244632616,0.0
1423,48881.43260717549,0.95,0.6428333794695822,0.4342052305253935,1.0855130763134837
1424,48895.18575657912,1.0,0.6505405242417628,0.4606570174133654,1.1516425435334134
1425,48900.66472572851,1.0,0.2092024481578897,0.26883259677180793,0.0
1426,48917.47773464093,0.95,0.7161154839982091,0.4662163563897743,1.1655408909744358
1427,48924.57345128072,1.0,0.06734936484074919,0.21131980419322216,0.0
1428,48929.60171587771,0.95,0.13308192122493473,0.2298534450240275,0.0
1429,48935.917802515214,1.0,0.0,0.2180150847265039,0.0
1430,48947.81540880549,1.0,0.15156586777322764,0.2836576644647555,0.0
1431,48960.34868332361,1.0,0.06178527525675544,0.23685586354144353,0.0
1432,48979.59749774842,0.95,0.038379834947373744,0.19041241416249158,0.0
1433,48988.3427926332,0.9025,0.11723870591844737,0.1910374663889054,0.0
1434,49016.96623544408,0.8573749999999999,0.751968638419759,0.4206875057811919,1.0517187644529797
1435,49026.7484749487,1.0,0.0,0.19199688169481444,0.0
1436,49040.5743308893,0.95,0.1935948576341649,0.25930984020634906,0.0
1437,49052.14615410206,0.9025,0.37328036568529754,0.28926206212977507,0.0
1438,49059.33840969776,0.8573749999999999,0.7018633408303553,0.3842807812076313,0.9607019530190783
1439,49085.533550695814,0.8145062499999999,0.6812996225712331,0.3253342910300964,0.8133357275752411
1440,49090.87635269285,1.0,0.1964082459280602,0.2838727359355113,0.0
1441,49099.56773310412,1.0,0.06233074597548267,0.23439441855401905,0.0
1442,49108.97970417381,1.0,0.025867008567275238,0.22712429883972662,0.0
1443,49114.295204941365,1.0,0.11852444218844783,0.2682282452051116,0.0
1444,49224.208301269304,1.0,0.2143743890743106,0.3029257768799036,0.757314442199759
1445,49231.393726331095,1.0,0.17540135249763042,0.28080610470454614,0.0
1446,49242.994761016154,1.0,0.0,0.20947591885014213,0.0
1447,49248.84385994679,1.0,0.062269635501145684,0.24615324691048118,0.0
1448,49263.810292763206,1.0,0.15281630505405788,0.28044666999263557,0.0
1449,49272.571152493154,1.0,0.047649053410069475,0.23084362412898562,0.0
1450,49306.42211254799,1.0,0.2303209188445819,0.3138758427101201,0.7846896067753002
1451,49314.24450152734,0.95,0.26201955781827935,0.2742289591530023,0.0
1452,49324.55971635212,1.0,0.12768593570839587,0.2639069195284295,0.0
1453,49333.065921017245,1.0,0.2666355627770125,0.3243257802238415,0.8108144505596038
1454,49338.77356177959,0.95,0.14601856836495117,0.2233296649466586,0.0
1455,49343.99337553003,0.9025,0.2923781596868286,0.25813771296657095,0.0
1456,49351.53582739688,1.0,0.025572634491429116,0.22489781690519042,0.0
1457,49441.22573189293,1.0,0.19703011246241037,0.3012182891647266,0.7530457229118165
1458,49448.78592011986,1.0,0.05136314603656637,0.22975071458761323,0.0
1459,49459.84859760491,0.95,0.6222964470229972,0.4362827189874647,1.0907067974686617
1460,49467.45410004688,0.9025,0.26729100749830215,0.21902443632790708,0.0
1461,49479.41056530266,1.0,0.0,0.21566253955010184,0.0
1462,49494.528422880474,1.0,0.0,0.21999999999999997,0.0
1463,49504.0781347822,0.95,0.6717172468115579,0.4601212436608543,1.1503031091521356
1464,49621.62766594994,0.9025,0.7164551175947675,0.4047081145811089,1.0117702864527722
1465,49631.18114695874,0.8573749999999999,0.6644498176321064,0.34797661634979854,0.8699415408744964
1466,49641.96886480978,0.8145062499999999,0.707766522426733,0.33869520036130135,0.8467380009032534
1467,49651.61584652278,0.7737809374999999,0.7022881575778973,0.3047302723371128,0.761825680842782
1468,49658.30050341058,0.7350918906249998,0.6600433490919755,0.25970439278895574,0.0
1469,50073.97059390408,1.0,0.24979248059465017,0.3170992140292345,0.7927480350730863
1470,50094.46495162676,1.0,0.4935261265161096,0.412293424301087,1.0307335607527175
1471,50113.832969140196,0.95,0.5471679067544941,0.37819895324592084,0.9454973831148021
1472,50128.36780761101,0.9025,0.9329686955519603,0.5031167777265536,1.257791944316384
1473,50151.291977539455,1.0,0.3158319332484626,0.3083712902312367,0.7709282255780918
1474,50156.878429748795,0.95,0.790365005171908,0.4910033861772935,1.2275084654432338
1475,50172.57248695106,0.9025,0.8726518575723222,0.46319187987006083,1.1579796996751521
1476,50188.99259615891,1.0,0.7577805277095749,0.497608710183682,1.2440217754592051
1477,50207.73775272635,1.0,0.4229561108437319,0.3521747348917929,0.8804368372294823
1478,50218.34076892313,0.95,0.8719612393670251,0.5188463538835265,1.2971158847088162
1479,50231.584061886206,0.9025,0.7870858913641219,0.4223584000109096,1.055896000027274
1480,50245.30842827447,1.0,0.4573138956546488,0.3765466826931052,0.941366706732763
1481,50258.95994587998,0.95,0.37024874844625943,0.30606564060815,0.765164101520375
1482,50290.734997954896,0.9025,0.8163881923418588,0.46476811587680517,1.1619202896920129
1483,50304.72568615853,1.0,0.5901965444820532,0.4305992571419507,1.0764981428548768
1484,50319.8376333718,0.95,0.8441408138151989,0.4971273491334603,1.2428183728336508
1485,50337.14198156794,0.9025,0.8030603274882953,0.43073688871617205,1.07684222179043
1486,50343.4674281358,1.0,0.7489080866916222,0.4980577767611837,1.2451444419029591
1487,51017.51107715411,0.95,0.8290530384352279,0.4812677909412983,1.2031694773532458
1488,51049.56572874245,1.0,1.0,0.5962568176938862,1.4906420442347155
1489,51078.12548752525,1.0,1.0,0.5799999999999998,1.4499999999999997
1490,51090.367044664985,0.95,0.9417922789606283,0.5135527571634637,1.2838818929086593
1491,51111.23954386502,1.0,0.6915214955752014,0.4599314914039469,1.1498287285098672
1492,51125.07877136873,1.0,0.7387360332259472,0.4887778442203856,1.2219446105509641
1493,51140.03784883537,1.0,0.6421534840438985,0.4453803013048805,1.1134507532622013
1494,51163.44821246437,0.95,0.8200977968257003,0.48391186562416016,1.2097796640604004
1495,51178.63251223074,0.9025,0.89089740484366,0.46907104222479507,1.1726776055619876
1496,51194.65538773389,0.8573749999999999,0.8706789951647338,0.42412633367856845,1.0603158341964212
1497,51208.87371390493,0.8145062499999999,0.8622045315092177,0.39118541352398717,0.9779635338099679
1498,51230.918016391006,1.0,0.9454540620232708,0.5876176841592208,1.4690442103980519
1499,51245.07608384177,0.95,0.8469018763956625,0.4769715443647818,1.1924288609119544
1500,51260.315927446594,0.9025,0.8455322243484429,0.4484094216426064,1.1210235541065159
1501,51271.46465555425,1.0,0.6948661912306029,0.47281186685594656,1.1820296671398665
1502,51290.98275380015,1.0,0.9029197566098154,0.5575343263022863,1.3938358157557156
1503,51305.433816008685,1.0,0.7812872040308321,0.49396544029636047,1.2349136007409012
1504,51317.806782635074,0.95,0.9538979380714996,0.5317599017481799,1.3293997543704497
1505,51372.90066422974,1.0,1.0,0.5887661237157099,1.4719153092892747
1506,51414.76743086766,0.95,0.9444621429006631,0.5146741000182785,1.2866852500456962
1507,51425.310462420326,1.0,0.9461102745171618,0.5666985867231682,1.4167464668079206
1508,51436.73973415943,0.95,0.896628890864587,0.49781751769209676,1.244543794230242
1509,51443.88337726253,1.0,0.5802591657794469,0.4159111161754925,1.0397777904387313
1510,51470.8502265426,0.95,0.9160270778127901,0.5279158227346049,1.3197895568365123
1511,51489.094209934185,1.0,0.8266357071281039,0.5182253723250362,1.2955634308125905
1512,51515.245807405416,1.0,1.0,0.5904018575723136,1.476004643930784
1513,51536.42772743946,1.0,0.7736327625042649,0.4849257602517913,1.2123144006294782
1514,51579.33766764354,0.95,0.8838253633841181,0.5027886868710737,1.2569717171776842
1515,51617.12057100994,1.0,0.9757281560118596,0.5827763037219338,1.4569407593048345
1516,51632.215451621465,1.0,0.9374295364632411,0.5551767159538495,1.3879417898846238
1517,51655.43364140831,0.95,0.9658923921339326,0.5274290325084571,1.3185725812711426
1518,51745.02846528687,1.0,0.9362890697556269,0.5612878657693272,1.4032196644233181
1519,51777.44822104063,0.95,0.8748210938913982,0.4892475152490495,1.2231187881226238
1520,51825.219443567454,1.0,0.9810460773864592,0.5855500868688289,1.4638752171720724
1521,51844.74863404681,0.95,0.9471187267798529,0.5169271006043507,1.2923177515108766
1522,51858.31494908939,1.0,1.0,0.5891728763932087,1.4729321909830217
1523,51867.90205232666,0.95,0.9836090430122719,0.5311157980651542,1.3277894951628855
1524,51926.03379317749,0.9025,0.9495008525132227,0.4838738154748173,1.2096845386870432
1525,51939.72617850485,1.0,0.6033944749028044,0.42815562830838433,1.070389070770961
1526,51956.66241791039,0.95,0.9487048343055153,0.5402523619141482,1.3506309047853704
1527,51992.721982935895,1.0,0.8761172606040023,0.5370469593953501,1.3426173984883751
1528,52000.350990585895,1.0,0.5815962355270107,0.41170338328510425,1.0292584582127606
1529,52065.96321403078,0.95,0.9547479790782656,0.5440983770812509,1.360245942703127
1530,52074.04109990278,1.0,0.8338478954145349,0.5189312373294087,1.2973280933235218
1531,52082.45391910044,0.95,0.8708451870400846,0.4937241048319634,1.2343102620799085
1532,52192.212812372745,0.9025,0.8964929466305147,0.46837632636241117,1.170940815906028
1533,52214.931148151394,1.0,0.8043053466874943,0.5157186688109167,1.2892966720272916
1534,52245.63612487481,1.0,0.6969822462956567,0.46447422264292626,1.1611855566073157
1535,52262.1142390892,0.95,0.8789093438717648,0.5053229896484017,1.2633074741210044
1536,52272.42164313446,0.9025,0.8931336376047267,0.46648156716167927,1.166203917904198
1537,52282.939615106094,0.9768854312417528,0.7947934576633131,0.49250899620538025,1.2312724905134507
1538,52296.53505290827,0.928041159679665,0.9127790415299453,0.49800791236468656,1.2450197809117163
1539,52304.825062240416,1.0,0.7543228163315592,0.49068390120589833,1.2267097530147457
1540,52343.649143532384,0.95,0.7934376123280618,0.46598442819789226,1.1649610704947306
1541,52352.23056932985,0.9025,0.8971902557305689,0.4733136506671552,1.183284126667888
1542,52359.2471403851,0.8573749999999999,0.8569805742182707,0.4179954258278394,1.0449885645695984
1543,52381.09693531972,0.8145062499999999,0.8936733631636773,0.40522422807564806,1.0130605701891202
1544,52398.89006460389,0.7737809374999999,0.7835204289315888,0.3276934158614466,0.8192335396536166
1545,52436.67379601174,1.0,0.9259619355005255,0.5890390746743253,1.472597686685813
1546,52448.38033464225,0.95,0.9153552511644383,0.5068914893590325,1.2672287233975812
1547,52475.35131382845,0.9025,0.8781211992404169,0.4579895886111088,1.144973971527772
1548,52496.23453493304,1.0,1.0,0.5990127280455748,1.4975318201139372
1549,52510.78475242198,1.0,0.9011874885263349,0.5384987451810607,1.3462468629526516
1550,52519.87768206766,0.95,0.7910507571595626,0.4561700686954362,1.1404251717385905
1551,52531.32742863013,0.9025,0.7557764100473626,0.4140630467903185,1.0351576169757963
1552,52544.51019516492,1.0,0.6025926671342119,0.43944233559352724,1.098605838983818
1553,52566.50301994189,0.95,0.8016123515687511,0.47852162763082273,1.1963040690770568
1554,52576.720487450446,1.0,0.5150531521159006,0.39422558279455316,0.9855639569863829
1555,52594.36634807519,0.95,0.899952556519447,0.5250768846112136,1.312692211528034
1556,52602.702448589785,1.0,0.9014422435426049,0.5506085888967271,1.376521472241818
1557,52613.27082808972,0.95,0.8734169596365866,0.4907485884348099,1.2268714710870248
1558,52641.48751212224,1.0,0.912645449974074,0.5569060714109159,1.3922651785272897
1559,52651.03206815937,1.0,0.7555831847139062,0.48258621058139606,1.2064655264534903
1560,52673.48494642841,0.95,0.7901709281190112,0.46453679872715026,1.1613419968178755
1561,52682.64565495042,0.9025,0.8124808372278535,0.4379316959485577,1.0948292398713941
1562,52692.68372172085,0.8573749999999999,0.795467277153751,0.3972424061709042,0.9931060154272606
1563,52708.2722647004,0.9849025636625199,0.7813443687231048,0.5048697517109957,1.2621743792774893
1564,52726.96247954525,1.0,0.5662972254399781,0.41277586492190216,1.0319396623047554
1565,52744.22181086435,0.95,0.7728354835572513,0.4686130695676467,1.1715326739191168
1566,52755.605468804715,0.9025,0.8326529725536017,0.4474441194590777,1.1186102986476942
1567,52804.705685626715,0.8573749999999999,0.8010541630366123,0.3983785701221609,0.9959464253054022
1568,52814.97054233526,0.8145062499999999,0.7070390223381369,0.3301933895998206,0.8254834739995515
1569,52824.98303981157,0.8813545291050442,0.902109371804013,0.4790606492656343,1.1976516231640857
1570,52848.250418202915,1.0,0.8017354710928923,0.5168397920581687,1.2920994801454215
1571,52876.814551164585,0.95,0.8271507646307329,0.47729919287933414,1.1932479821983353
1572,52888.46468354573,0.9025,0.8653792103329085,0.4579302224619777,1.1448255561549443
1573,52914.84256442126,1.0,0.40585679284294435,0.350237100374062,0.8755927509351551
1574,52920.09688133424,1.0,0.4800687727526108,0.39727747698551974,0.9931936924637994
1575,52931.38812014123,0.95,0.7505286199001072,0.4644178939928883,1.1610447349822208
1576,52954.41976615071,1.0,0.5563183232534441,0.4146219785724401,1.0365549464311004
1577,52962.851731623894,1.0,0.23854627531382364,0.2868103362365992,0.0
1578,52980.39990558914,1.0,0.29869386600621206,0.33113864720377967,0.8278466180094491
1579,52995.475590178656,1.0,0.5553569505376038,0.4353282872654209,1.0883207181635521
1580,53007.8760877749,0.95,0.5245325320092342,0.3649822464116221,0.9124556160290552
1581,53016.04482414451,0.9025,0.4085349543226219,0.28421272889494703,0.0
1582,53056.2201437752,1.0,0.5078276203517805,0.42047550328839056,1.0511887582209765
1583,53066.4549782376,1.0,0.0,0.18953034277889313,0.0
1584,53074.529348361444,1.0,0.48230077463452975,0.42256632534650246,1.0564158133662562
1585,53149.00394262093,0.95,0.7308974088953133,0.45603886525795967,1.1400971631448993
1586,53160.69611988152,1.0,0.42103221904557786,0.358979687465424,0.8974492186635601
1587,53199.6226489889,0.95,0.7348687915011359,0.4613829592877423,1.1534573982193557
1588,53206.65133978475,1.0,0.23698332782589998,0.2814408701968098,0.0
1589,53691.42804625408,0.95,0.5211430424171701,0.3826610781456573,0.9566526953641432
1590,53699.410352754,1.0,0.21968746247481358,0.28700015169439147,0.0
1591,53722.27149197756,0.95,0.6743658570022188,0.448052412192443,1.1201310304811076
1592,53729.060167967946,1.0,0.015118419163437744,0.19188778462851075,0.0
1593,54229.0158537818,1.0,0.4129020075426609,0.39251173801811123,0.9812793450452781
1594,54234.4267445225,1.0,0.0,0.19522587954744033,0.0
1595,54243.52894004264,1.0,0.0,0.21999999999999997,0.0
1596,54254.01259886234,1.0,0.05814795970473566,0.24442214307598892,0.0
1597,54271.08784408398,1.0,0.24724457239551212,0.320353842823831,0.8008846070595775
1598,54278.13969210997,0.95,0.0,0.1631653256562692,0.0
1599,54290.31417011137,0.9025,0.04461803083969139,0.16283957295267043,0.0
1600,54303.00407963284,1.0,0.2994757237503859,0.35480272212478065,0.8870068053119516
1601,54308.341813600535,0.95,0.1196040271746029,0.21026514798830995,0.0
1602,54315.677949749566,0.9025,0.28219741323113434,0.2554466719266003,0.0
1603,54335.78482938376,0.8573749999999999,0.6710416084925372,0.37680063077299736,0.9420015769324934
1604,54346.40627531329,1.0,0.0,0.19685250349044775,0.0
1605,54376.60763393305,0.95,0.7074841338812828,0.4751433362301387,1.187858340575347
1606,54382.196413164485,1.0,0.2525255788066732,0.28961169506592566,0.0
1607,54833.59551539689,1.0,0.341585842343194,0.34831451905574096,0.8707862976393523
1608,54847.78960800135,1.0,0.4291712776914926,0.37975678608983515,0.9493919652245879
1609,54866.55265602781,0.95,0.17817877995812031,0.22708481092092092,0.0
1610,54889.94811386765,0.9025,0.7158782156051601,0.43407812375668003,1.0851953093917002
1611,54903.895041240496,1.0,0.3983100378319306,0.3560375229531011,0.8900938073827527
1612,54917.63350562753,0.95,0.7451463377959393,0.4670628596043786,1.1676571490109464
1613,54924.70954083895,1.0,0.34403056241347285,0.32578405594590215,0.8144601398647554
1614,54959.58840826465,0.95,0.6812982844055504,0.4435034457055227,1.1087586142638068
1615,54971.87233748146,1.0,0.36664549773494587,0.3391132119843442,0.8477830299608604
1616,54980.11803920165,0.95,0.7687942674202353,0.478894862452402,1.197237156131005
1617,55086.62591467335,0.9025,0.9313202472957225,0.4891268478189894,1.2228171195474735
1618,55111.748529118086,1.0,0.41608851261806884,0.3505779604618454,0.8764449011546136
1619,55128.34747903497,0.95,0.7285182449972225,0.45901235214174924,1.1475308803543731
1620,55141.90949823099,0.9025,0.713001222498456,0.3998494187495182,0.9996235468737955
1621,55235.23209661625,0.9435463666955177,0.857056756321907,0.5014627123295284,1.253656780823821
1622,55249.96519089735,0.8963690483607418,0.8562464444326635,0.44792453790196507,1.1198113447549127
1623,55258.65418004301,0.8515505959427047,0.7365534926519973,0.365715895036462,0.9142897375911551
1624,55278.45934853794,0.8089730661455694,0.7825570697443897,0.36183206378267757,0.9045801594566939
1625,55283.700272311195,1.0,0.616981856409819,0.45510218756999227,1.1377554689249807
1626,55305.541367265716,0.95,0.8006924117465325,0.4772719015489545,1.1931797538723863
1627,55319.85441199717,1.0,0.6924698832155964,0.46879580624575856,1.1719895156143965
1628,55335.33416228258,0.95,0.6543750433494908,0.4112893252138502,1.0282233130346254
1629,55490.03261411633,1.0,0.6283805850560675,0.4506573431225789,1.1266433578064472
1630,55525.61555678244,0.95,0.8546843928309363,0.49926460988562915,1.248161524714073
1631,55536.75895576567,1.0,0.9476500793501899,0.5727319697572234,1.4318299243930586
1632,55548.92021433835,1.0,0.828707535873593,0.5111981603058976,1.277995400764744
1633,55572.050648173084,1.0,0.6266679404018248,0.4334780828163508,1.083695207040877
1634,55586.56548691842,1.0,0.7705569678912446,0.5060338500902132,1.265084625225533
1635,55605.607551106696,1.0,0.6380865336706304,0.44176292606819,1.104407315170475
1636,55619.99415944338,1.0,0.5975309576390991,0.43267781018818374,1.0816945254704593
1637,55645.924474191226,0.95,0.6784693823253943,0.4271052831183196,1.067763207795799
1638,55676.712735348396,1.0,0.626841247005783,0.4485651608029052,1.121412902007263
1639,55779.9842140428,1.0,0.5733411667010339,0.42319281519408725,1.057982037985218
1640,55799.778692273445,0.95,0.8223392244809605,0.4889820042799414,1.2224550106998535
1641,55829.04459563692,1.0,0.7189274383563211,0.4786091706407972,1.196522926601993
1642,55858.27977640369,1.0,0.7517891076259363,0.49261577890151403,1.231539447253785
1643,55879.34543027408,0.95,0.8601926120262366,0.49417355059346296,1.2354338764836574
1644,55894.21707500445,1.0,0.7285562684616823,0.4803820760323324,1.200955190080831
1645,55906.636579474165,0.95,0.9825682047252028,0.5469652698768841,1.3674131746922102
1646,55913.99989650704,1.0,0.9307393469120442,0.5579564334195465,1.3948910835488662
1647,55973.9310319051,0.95,0.7650550901355172,0.4434787770421945,1.1086969426054862
1648,55989.8502709388,0.9025,0.8288965156015732,0.4463332311445297,1.1158330778613244
1649,56015.918979762995,1.0,0.5465673496489389,0.41152449591646,1.02881123979115
1650,56032.986235663506,1.0,0.9310403833052058,0.57824292000925,1.445607300023125
1651,56063.162840203935,1.0,0.8684117688713049,0.5288705199276356,1.322176299819089
1652,56079.75129595694,0.95,0.9134733242003841,0.509554090031883,1.2738852250797075
1653,56092.90607241805,1.0,1.0,0.5911916005479768,1.477979001369942
1654,56117.33802799683,0.95,0.9045975894418379,0.49793098756557186,1.2448274689139296
1655,56153.31556666263,0.9025,0.9699231191191513,0.4971918546635332,1.242979636658833
1656,56161.74687115791,1.0,0.8677041401360217,0.5379403517099801,1.3448508792749503
1657,56249.087660082005,0.95,0.932535000517154,0.5176024518090433,1.2940061295226082
1658,56258.143191685864,0.9025,0.9106132431402244,0.470605462087865,1.1765136552196624
1659,56272.66712270481,0.8573749999999999,0.8919360674022273,0.4318713537205219,1.0796783843013047
1660,56346.558509312985,0.8145062499999999,0.9318049401327272,0.4191421608116117,1.0478554020290294
1661,56394.68749042284,0.7737809374999999,0.8987246336765824,0.3737912872362008,0.934478218090502
1662,56419.78394784956,1.0,0.9188660609111027,0.5791465550620681,1.4478663876551703
1663,56447.01489785595,1.0,0.8230873361546882,0.5105647175303029,1.276411793825757
1664,56457.973643797035,1.0,0.8283977968403389,0.518541834503661,1.2963545862591523
1665,56475.3425782698,0.95,0.9289283144264964,0.5184460242487081,1.2961150606217702
1666,56486.83878076055,1.0,1.0,0.5902643011344101,1.4756607528360253
1667,56520.93895978494,0.95,0.941066612400049,0.5132479772080205,1.2831199430200513
1668,56531.710995374495,1.0,0.9427004166410047,0.5654701782452191,1.4136754456130476
1669,56610.409326860805,0.95,0.9307378556527157,0.5123478743756802,1.2808696859392006
1670,56618.96723851466,0.9025,0.8149128749786031,0.43051913615185033,1.0762978403796257
1671,56636.90293228034,0.8573749999999999,0.9566438625827177,0.4647906497860252,1.161976624465063
1672,56653.69330110557,1.0,0.8474892618829645,0.535661858235882,1.339154645589705
1673,56674.163541207294,1.0,0.8418288793848715,0.522718773628668,1.30679693407167
1674,56701.643091817336,1.0,1.0,0.5894902672369076,1.473725668092269
1675,56714.376453315126,0.95,0.8904142305128355,0.49197397681539073,1.2299349420384769
1676,56744.05642229473,0.9025,0.9985464889739208,0.5100646715382765,1.2751616788456912
1677,56764.83532637394,1.0,0.8510895027487937,0.5292448018160582,1.3231120045401454
1678,56771.723316467265,0.95,0.8980711176236178,0.5041244992369919,1.2603112480924796
1679,56851.96735345509,0.9025,0.9289560551896159,0.4803772761222216,1.200943190305554
1680,56877.34202379652,1.0,0.7973760019854188,0.5108605575224989,1.2771513938062473
1681,56887.437794965124,0.95,0.8981102267600853,0.5073637351201106,1.2684093378002763
1682,56897.37063812507,0.9025,0.9625662428260486,0.49449120838133537,1.2362280209533385
1683,56923.43183985638,0.8573749999999999,0.9416909523438781,0.4496512254148658,1.1241280635371644
1684,56987.119428388905,1.0,0.9806034793160808,0.5924670041721212,1.481167510430303
1685,57006.909355310774,0.95,0.8928496939959875,0.4941606627193498,1.2354016567983743
1686,57014.80707667115,1.0,0.7604194607372798,0.4918051918698982,1.2295129796747455
1687,57024.83049579492,0.95,0.8809025273261137,0.502353893832731,1.2558847345818274
1688,57051.898886214076,0.9025,0.8905856741161263,0.46529183148920616,1.1632295787230154
1689,57067.726336753716,1.0,1.0,0.5982648595530322,1.4956621488825805
1690,57086.538317226274,1.0,0.8230054573670527,0.5056622920941621,1.2641557302354054
1691,57099.23590720992,0.95,0.8485756795204527,0.4850214579565668,1.212553644891417
1692,57116.54176795307,0.9025,0.9100327512810198,0.47539921476680114,1.1884980369170028
1693,57129.755378131245,1.0,0.6521146688498454,0.4509861958400739,1.1274654896001848
1694,57143.38313774786,0.95,0.8521798588046822,0.4967886605669757,1.2419716514174393
1695,57153.71080588069,1.0,0.8032400627715574,0.5122300348357731,1.2805750870894328
1696,57163.128489293544,0.95,0.8301399450850837,0.4784643731694417,1.1961609329236043
1697,57206.75914306403,0.9025,0.9005158952131396,0.4725082792844137,1.1812706982110341
1698,57227.31926458893,1.0,0.7560259169264666,0.4951999313963275,1.2379998284908187
1699,57240.142116056355,1.0,0.7659737073647068,0.49634740207758893,1.2408685051939723
1700,57260.5061454908,1.0,1.0,0.5940415775581174,1.4851039438952935
1701,57283.21446826708,1.0,0.6912941025666747,0.45034352307800346,1.1258588076950087
1702,57298.21131329262,0.95,0.8849524255621193,0.5082023725820894,1.2705059314552236
1703,57305.919484720354,1.0,0.8262137370756505,0.5199126240380461,1.299781560095115
1704,57337.324190967905,0.95,0.8812205525843992,0.4985398078609085,1.2463495196522714
1705,57362.09584038228,1.0,0.47856934606576107,0.37412589219255565,0.9353147304813891
1706,57381.80629126837,1.0,0.7921517626655992,0.5239895795556059,1.3099739488890147
1707,57403.515143938006,1.0,0.5869650412866527,0.41899621158045813,1.0474905289511454
1708,57415.639980661705,1.0,0.6569673259207516,0.46070837440951656,1.1517709360237913
1709,57433.27883256616,0.95,0.5432517328185071,0.3667476882285279,0.9168692205713197
1710,57448.305704499995,0.9025,0.8750878797063596,0.47904180550756054,1.1976045137689013
1711,57472.07385571564,1.0,0.4952160500810503,0.3871854682516595,0.9679636706291488
1712,57485.690060505134,1.0,0.6552039035949023,0.465472676504996,1.16368169126249
1713,57515.44111657633,1.0,0.6411393695102333,0.44996630097860385,1.1249157524465097
1714,57524.73521726923,0.95,0.72806931599754,0.4453207505483528,1.113301876370882
1715,57632.455276719826,0.9025,0.8916011298921842,0.47488831559486505,1.1872207889871627
1716,57679.906482263366,0.8573749999999999,0.7505997229600018,0.3736508158496695,0.9341270396241739
1717,57690.02082372175,1.0,0.7442323807466791,0.5046566165360051,1.2616415413400128
1718,57711.06700329761,0.95,0.8397378247398258,0.486035943545926,1.215089858864815
1719,57717.96194308327,0.9661108535634096,0.8429222664183377,0.5011761994045765,1.2529404985114412
1720,57832.5654515941,0.9178053108852391,0.8964569767740971,0.48095975297601223,1.2023993824400305
1721,57846.57225077948,1.0,0.5376557109357195,0.4018913426803276,1.004728356700819
1722,57864.94270762958,0.95,0.5593213925126228,0.3806556421991583,0.9516391054978958
1723,57902.2849865948,0.9025,0.7516748056581958,0.4262441348256848,1.065610337064212
1724,57941.66030566777,0.8573749999999999,0.7290678833905143,0.3730030226845242,0.9325075567113105
1725,57952.637700098894,1.0,0.46630495573354774,0.3892190084046593,0.9730475210116483
1726,57959.206928487525,0.95,0.7316753673177312,0.4573253569294342,1.1433133923235856
1727,58520.79617207929,0.9025,0.7770377986173724,0.4265553533802325,1.0663883834505812
1728,58527.1158195767,1.0,0.006200840204891089,0.1876820849690119,0.0
1729,59052.66288659751,1.0,0.4195913235394187,0.39585630547426226,0.9896407636856557
1730,59064.28446093829,1.0,0.0,0.19482452058763486,0.0
1731,59121.13979055129,0.95,0.25057521253179493,0.28324158926335385,0.0
1732,59137.94482081978,0.9025,0.6984549554352861,0.4224165685309125,1.056041421327281
1733,59149.33668142776,1.0,0.0,0.1897927026738828,0.0
1734,59161.16086392819,0.95,0.1331001946197205,0.23390208174028249,0.0
1735,59171.859824293606,0.9025,0.687260762975128,0.4247635087723704,1.061908771930926
1736,59188.96175653487,0.8573749999999999,0.7697315369212494,0.393946599728417,0.9848664993210425
1737,59223.099360519205,0.8145062499999999,0.6639061133592409,0.31395692539560605,0.7848923134890151
1738,59230.95895981765,1.0,0.28039158207103076,0.32018934766827845,0.8004733691706961
1739,59247.28038370214,0.95,0.7334656344400274,0.46923207154054963,1.173080178851374
1740,59255.03162601843,1.0,0.0,0.18199206193359835,0.0
1741,59324.0442294276,0.95,0.6607159121404675,0.4555006830989963,1.1387517077474907
1742,59346.886516458835,1.0,0.08351657979443736,0.22143400878523567,0.0
1743,59360.34907164501,0.95,0.740035236928733,0.4838038047224015,1.2095095118060037
1744,59366.118765577616,1.0,0.0,0.181597885784276,0.0
1745,59554.690831612104,0.95,0.7071200666549686,0.47499042799508673,1.1874760699877167
1746,59561.30973922836,1.0,0.19475101170689407,0.2653682209175974,0.0
1747,59607.245484027415,0.95,0.7603654802483262,0.4856684410018833,1.2141711025047082
1748,59647.30334540757,1.0,0.2753449766463655,0.2960229613765739,0.0
1749,59668.831800800035,0.95,0.7146216671402816,0.46162040160013634,1.1540510040003409
1750,59697.75265030332,1.0,0.36235886624377706,0.33531342379396945,0.8382835594849236
1751,59705.910483265136,1.0,0.30601823309593756,0.3267861259256671,0.8169653148141677
1752,59741.078873182756,0.95,0.7394507342664046,0.47020821440613364,1.175520536015334
1753,59747.50741443955,0.9667104212287433,0.6706252450460561,0.43533231269550365,1.088330781738759
1754,59754.988114965236,0.918374900167306,0.7441487191551386,0.42773461293548265,1.0693365323387067
1755,59972.627408519416,0.9866582798861072,0.8001065266095166,0.5099837851109419,1.2749594627773546
1756,59988.15570831761,1.0,0.25134237665573145,0.2791584130125033,0.0
1757,60001.38765252274,0.95,0.7465438712866235,0.47646788334103796,1.191169708352595
1758,60019.96751470669,0.9025,0.8090748379254719,0.43911879965150064,1.0977969991287515
1759,60030.36267307955,1.0,0.24856268082683844,0.28755183567174386,0.0
1760,60052.61905248427,0.95,0.6922873979774904,0.4538469463009355,1.1346173657523388
1761,60060.60887354828,1.0,0.2924494963359995,0.3072915445824704,0.768228861456176
1762,60092.30251327681,0.95,0.6684673081745724,0.44120929965316047,1.1030232491329013
1763,60105.25126470413,1.0,0.4749785967692828,0.3853829721526244,0.9634574303815611
1764,60123.53018919711,1.0,0.49161049019300573,0.3979776900749055,0.9949442251872638
1765,60141.83126547558,1.0,0.7272635798830043,0.4959540741392815,1.2398851853482038
1766,60180.46538791839,0.95,0.728601504140012,0.44037681694582476,1.100942042364562
1767,60188.21186837388,0.9025,0.755016806632761,0.4174909685373589,1.0437274213433971
1768,60224.842075229084,0.8573749999999999,0.7597000973307125,0.3856680324809335,0.9641700812023337
1769,60233.066310104245,1.0,0.5369520359984269,0.41705284927949654,1.0426321231987414
1770,60241.59131556174,0.95,0.7680102006536598,0.46834716211463134,1.1708679052865785
1771,60251.6609763772,0.9025,0.8595905302472799,0.45904741066463794,1.1476185266615948
1772,60280.2043872476,1.0,0.7489688353340384,0.49469147902545935,1.2367286975636484
1773,60301.831222343135,1.0,0.33947249511108213,0.3176403178266121,0.7941007945665303
1774,60338.96871808686,0.95,0.8166142540915511,0.5006096370117864,1.251524092529466
1775,60351.5106711821,1.0,0.578581787544379,0.420007495523146,1.050018738807865
1776,60364.72621689038,1.0,0.3782002034017391,0.3441291781760677,0.8603229454401693
1777,60375.3230644129,0.95,0.3835792952068966,0.31641129178279215,0.7910282294569804
1778,60385.40326628851,0.9025,0.8478001307383694,0.4771612971977014,1.1929032429942534
1779,60397.38160915738,0.9833782480409679,0.764073869450304,0.48778074567923857,1.2194518641980965
1780,60411.16178380247,1.0,0.3318076073983414,0.31550937317536903,0.7887734329384226
1781,60421.54646031005,1.0,0.6527825622837834,0.4742602197152886,1.1856505492882214
1782,60434.11122239587,0.95,0.8950333624028414,0.5147470584721663,1.2868676461804158
1783,60449.08546365748,0.9841708460112264,0.7484407405431655,0.47334661993338917,1.183366549833473
1784,60457.987969284666,1.0,0.3063311098443725,0.30565212018069937,0.7641303004517485
1785,60482.25137101473,0.95,0.9114152362840013,0.5424145326486183,1.3560363316215458
1786,60502.14536106125,1.0,0.7685740007730036,0.4941161661476214,1.2352904153690534
1787,60556.85732960466,0.95,0.8167910274581767,0.47493779148605386,1.1873444787151346
1788,60563.17522807275,0.9025,0.832970302237337,0.44494006529219093,1.1123501632304773
1789,60583.27600464332,0.8573749999999999,0.9491889425506217,0.4605761377370208,1.1514403443425518
1790,60617.083980347095,1.0,0.678003087313598,0.4649249601186738,1.1623124002966845
1791,60637.793333640824,1.0,0.5658022191041484,0.41695674678492634,1.0423918669623158
1792,60650.16697246344,0.95,0.7446220462704759,0.45679312628735097,1.1419828157183773
1793,60665.15199369697,1.0,0.5116224303124216,0.3962040979549885,0.9905102448874713
1794,60676.200761468855,0.95,0.8230896942369725,0.4930003257607831,1.2325008144019578
1795,60699.05752067891,0.9025,0.8574649926209532,0.454849915246582,1.137124788116455
1796,60713.627750811684,0.8573749999999999,0.8917231434039006,0.43497082067238085,1.087427051680952
1797,60725.23109695476,1.0,0.31575217744322376,0.31622752592191994,0.7905688148047998
1798,60735.16724606936,0.95,0.8942279753229317,0.5346306189890377,1.3365765474725944
1799,60752.96236611258,0.9025,0.8906457407493182,0.4645175325953377,1.161293831488344
1800,60772.47848213932,1.0,0.8226227394480308,0.5237628061232139,1.3094070153080348
1801,60779.69355463809,1.0,0.6706568799040742,0.45231852519282933,1.1307963129820733
1802,60790.899869123416,0.95,0.8446009466000483,0.49249298477777564,1.231232461944439
1803,60811.955585031996,1.0,1.0,0.595323943203997,1.4883098580099925
1804,60825.717405850024,0.95,0.9028987032933347,0.49721745538320045,1.243043638458001
1805,60840.305530710066,1.0,0.4911230521896107,0.3780977597220364,0.945244399305091
1806,60865.45315230968,0.95,0.8365502026441332,0.4998837019791593,1.2497092549478983
1807,60871.87617929723,1.0,0.9512254753177751,0.5753216874748175,1.4383042186870436
1808,60880.401743354334,0.95,0.7999935178539752,0.45692374897960303,1.1423093724490077
1809,60908.71417512892,0.9025,0.7593371598563357,0.4150219960684224,1.037554990171056
1810,60941.60593854725,1.0,0.7064250202980822,0.4828382789338144,1.2070956973345361
1811,60950.35671625191,1.0,0.5294984633509167,0.40000385338950006,1.0000096334737503
1812,60983.13602279528,0.95,0.826957790583041,0.4935523642438221,1.2338809106095552
1813,61023.95678164637,1.0,0.7779779448775599,0.5031332694135927,1.2578331735339818
1814,61058.35589189616,0.95,0.9046177805344353,0.5112607911318092,1.278151977829523
1815,61066.684995232936,1.0,0.827347649187054,0.5192089458264966,1.2980223645662414
1816,61083.159780391674,0.95,0.8685722210428808,0.4931594738867866,1.2328986847169665
1817,61099.700506230576,1.0,0.9660331442611921,0.5796195873271278,1.4490489683178196
1818,61111.5174197525,1.0,0.9304405192747225,0.552823029439712,1.38205757359928
1819,61129.979377115844,1.0,0.8365932935557499,0.5155427521369317,1.2888568803423293
1820,62573.03679348247,1.0,0.8064610623027226,0.5085180485537985,1.271295121384496
1821,62585.146937472615,0.95,0.7699425315782951,0.45298819952472047,1.1324704988118013
1822,62611.3279717055,0.9025,0.8841598530351202,0.4692505863800528,1.173126465950132
1823,62635.07134456625,1.0,0.7363550851247336,0.4879195445702808,1.219798861425702
1824,62658.389207393055,1.0,0.5865034761484845,0.42215015487487945,1.0553753871871987
1825,62665.932711974405,0.95,0.7390285709570056,0.4532017912330331,1.1330044780825828
1826,62707.795323968676,0.9025,0.9083683257219872,0.4812729825458142,1.2031824563645355
1827,62771.16532687384,1.0,0.5874075691226118,0.4239090794881777,1.0597726987204443
1828,62784.75743854835,0.95,0.8091941348102885,0.4826170824729643,1.2065427061824108
1829,62799.496616537974,1.0,0.4122444865547801,0.35059103626439025,0.8764775906609756
1830,62806.632853960575,0.95,0.46896310233103744,0.3502298337857489,0.8755745844643723
1831,62819.797331467824,0.9025,0.8087119952837023,0.45562125187929264,1.1390531296982316
1832,62833.27318532897,1.0,0.7033422683658278,0.47858103299662547,1.1964525824915637
1833,62843.579471682875,1.0,0.5581715939495652,0.41223153335686774,1.0305788333921693
1834,62852.5859857189,0.95,0.8137183989330502,0.48627143191490707,1.2156785797872676
1835,62873.701625606715,0.9025,0.811331588441878,0.4360361632096058,1.0900904080240146
1836,62884.20968689135,1.0,0.5673796117197415,0.4213195416157787,1.0532988540394468
1837,62914.60862830932,0.95,0.8658822504415065,0.5076277684822481,1.2690694212056202
1838,62935.7694267514,1.0,0.43547936812308286,0.3569483995852044,0.8923709989630111
1839,62995.065309968966,1.0,0.48738531211785113,0.3985730690021124,0.996432672505281
1840,63005.33405062544,1.0,0.4934499433050809,0.398005857461063,0.9950146436526575
1841,63015.117343448335,0.95,0.8318970819780352,0.4977897778324698,1.2444744445811744
1842,63047.34216531233,0.9025,0.6858082520148447,0.38222564092755257,0.9555641023188814
1843,63057.94203126163,0.8573749999999999,0.7765525874736358,0.3968985916180362,0.9922464790450904
1844,63100.70443028656,0.9862239800390142,0.7663062087283534,0.5007985956502623,1.2519964891256556
1845,63115.614152644914,0.9369127810370634,0.6727233724945909,0.4052253023904786,1.0130632559761965
1846,63135.79480617919,1.0,0.3832294983768474,0.34816345324415277,0.870408633110382
1847,63150.68532748365,0.95,0.7328744840249664,0.462813513387875,1.1570337834696875
1848,63170.0667849208,0.9025,0.812905122548889,0.44154768242903536,1.1038692060725883
1849,63190.94731534139,1.0,0.39031469288592185,0.3468578636591538,0.8671446591478844
1850,63198.60710291145,1.0,0.33889140526333916,0.3389155086374471,0.8472887715936178
1851,63217.19073552368,0.95,0.7526440431748753,0.4737770138176472,1.184442534544118
1852,63246.05706034823,1.0,0.3079464833463425,0.3101788804149713,0.7754472010374283
1853,63304.50790351322,1.0,0.3230552194114116,0.3372064031520122,0.8430160078800306
1854,63331.36808116175,0.95,0.7002813560131529,0.45273485636083954,1.1318371409020989
1855,63351.084057558335,0.9025,0.7336396863070925,0.4102117868881897,1.0255294672204742
1856,63392.41936718521,1.0,0.5461171565454117,0.41705082457064735,1.0426270614266184
1857,63402.57553851554,0.95,0.6523694638212729,0.4192281454122099,1.0480703635305246
1858,63413.43799678233,0.9025,0.710347109492879,0.40330361815773275,1.0082590453943319
1859,63424.13227813542,1.0,0.7076395358911377,0.48628777850470506,1.2157194462617626
1860,63440.239338307794,0.95,0.7599950501644706,0.4547395489156094,1.1368488722890235
1861,63445.46130040776,1.0,0.754299119009819,0.4972059269742558,1.2430148174356395
1862,63472.62157535528,0.95,0.7922581539744399,0.46549047752867556,1.163726193821689
1863,63483.75681351263,1.0,0.29589912390252043,0.3027421428005921,0.7568553570014802
1864,63494.511322992184,1.0,0.23641118609912198,0.30153875072748004,0.7538468768187001
1865,63505.673231614666,0.95,0.7009253785853254,0.4582039878398892,1.145509969599723
1866,63573.659818227025,1.0,0.4576099695947752,0.376140664514686,0.9403516612867149
1867,63594.288271204714,0.95,0.6541354028105518,0.42528027100474514,1.0632006775118628
1868,63607.21117291419,1.0,0.4427913695687192,0.37272425105022894,0.9318106276255723
1869,63617.0381616625,1.0,0.29891888791372745,0.31897845074964243,0.7974461268741061
1870,63624.90468155303,0.95,0.6590620861997945,0.4368709429290899,1.0921773573227247
1871,63633.87133051361,0.9025,0.6436736426674794,0.3748992047483537,0.9372480118708842
1872,63652.22145689201,0.8573749999999999,0.7067071784117447,0.37009159637288386,0.9252289909322097
1873,63661.7950175824,1.0,0.08684724513503478,0.2311884122520099,0.0
1874,63708.18378163513,1.0,0.06097535654947667,0.24039881504267813,0.0
1875,63726.65514118461,0.95,0.7030459802471627,0.4696207903108397,1.1740519757770993
1876,63732.340358975984,1.0,0.27008961849233576,0.2972548809519513,0.0
1877,63742.57894075785,1.0,0.1141543186892565,0.25173943673994753,0.0
1878,63747.62149203388,1.0,0.047055020452834745,0.23291384946883523,0.0
1879,64134.6811202707,1.0,0.20264615175865988,0.302288082511467,0.7557202062786674
1880,64141.28332240453,1.0,0.11987099807842516,0.25818705008741893,0.0
1881,64146.726793941285,1.0,0.013214267037262181,0.21835773227094457,0.0
1882,64160.15969160229,1.0,0.0,0.21920714397776425,0.0
1883,64173.79713841521,1.0,0.2076487747154574,0.30721248538049206,0.7680312134512302
1884,64180.302368982055,0.95,0.36587066725770995,0.3192067537653106,0.7980168844132765
1885,64199.91624750426,0.9025,0.6610166930954036,0.3997747710646069,0.9994369276615173
1886,64205.41748011345,0.8573749999999999,0.08664121488114179,0.10862330866435517,0.0
1887,64211.70889931298,1.0,0.0,0.23191652710713148,0.0
1888,64217.627079551,1.0,0.04527124059612948,0.23901392105037433,0.0
1889,64224.73064668125,1.0,0.09186654288779243,0.2558676735771051,0.0
1890,64329.96216946913,1.0,0.2640469299824164,0.32538771801934724,0.8134692950483681
1891,64339.88452944628,1.0,0.13416264050572713,0.2605054932134604,0.0
1892,64345.14251716793,0.95,0.04204263672505629,0.18760814899417996,0.0
1893,64356.654597727145,1.0,0.03318078046120734,0.23741336959020362,0.0
1894,64369.11826304201,1.0,0.390915689897633,0.38219374292933334,0.9554843573233334
1895,64449.900451951326,0.95,0.6968814776426586,0.44723527921605855,1.1180881980401463
1896,64485.57573630942,0.9025,0.7334962186760462,0.41035552318537993,1.0258888079634498
1897,64575.96075181702,0.8573749999999999,0.681267683901502,0.35401765411806796,0.8850441352951699
1898,64587.20395143292,0.8145062499999999,0.8563914640667325,0.40010860387393743,1.0002715096848436
1899,64593.87639892407,0.7737809374999999,0.6951262150119388,0.29280475996101035,0.0
1900,64599.36980930554,1.0,0.0,0.20543871459928364,0.0
1901,64648.92671068302,1.0,0.2452606509923902,0.32300947341680386,0.8075236835420097
1902,64655.211673932754,1.0,0.35398518608363416,0.3539581390955829,0.8848953477389572
1903,64716.37139846545,0.95,0.7181256756493589,0.45837367260771267,1.1459341815192816
1904,64750.92761761515,0.9025,0.7559459274776669,0.41850974900165855,1.0462743725041463
1905,64755.94489048292,1.0,0.15880073318723797,0.25303955228997993,0.0
1906,65321.202304704544,0.95,0.6623921206019003,0.4466766466615639,1.1166916166539098
1907,65340.702355249574,1.0,0.4916220017510084,0.3927377134993094,0.9818442837482735
1908,65354.281289172664,0.95,0.435536965353528,0.33142820534342116,0.8285705133585529
1909,65376.12979502758,0.9025,0.6922772801955457,0.40872423976091754,1.021810599402294
1910,65413.812197470776,1.0,0.5275655035541941,0.4117408746810288,1.0293521867025721
1911,65422.94061597323,0.95,0.4766802087405069,0.3465517574577611,0.8663793936444029
1912,65431.94776449347,0.9025,0.8806352812924488,0.48536600561839816,1.2134150140459954
1913,65450.60907332065,0.8573749999999999,0.7714876921236875,0.3830817138144017,0.9577042845360042
1914,65461.523562373826,1.0,0.643054839780098,0.4609087711802199,1.1522719279505498
1915,65492.28547555766,0.95,0.8647841986664322,0.5026260730530955,1.2565651826327386
1916,65515.30953036453,1.0,0.789791699985887,0.5058254620740866,1.2645636551852166
1917,65536.49108055871,0.95,0.6848912510904843,0.41826682345885013,1.0456670586471253
1918,65560.21513527728,0.9025,0.8446986919002311,0.4577799755326678,1.1444499388316696
1919,65574.87089051201,1.0,0.8396355068300837,0.5336649913546212,1.334162478386553
1920,65595.78599247681,1.0,0.38956323793458997,0.3332384295227228,0.8330960738068071
1921,65858.90636839934,0.95,0.7580330818994657,0.4730001001217001,1.18250025030425
1922,65869.12495586196,0.9025,0.9174292946502656,0.4839383188391435,1.2098457970978589
1923,65885.38388574976,0.8573749999999999,0.8228262435454475,0.402436264610072,1.00609066152518
1924,65942.47436608553,1.0,0.8279914861092423,0.5355018495531548,1.3387546238828871
1925,65959.60066859101,0.95,0.9253631727931702,0.5169730434065769,1.2924326085164424
1926,65973.33194156754,1.0,1.0,0.5904782096324096,1.476195524081024
1927,65986.05880493266,1.0,0.8822739153173351,0.5305550444332807,1.3263876110832018
1928,65997.27735767045,1.0,0.9011502121866658,0.5455466541993594,1.3638666354983986
1929,66018.75941957996,1.0,0.9301574166191346,0.5565971022488365,1.3914927556220913
1930,66031.40906054457,0.95,0.8771733216799155,0.49060335010841644,1.226508375271041
1931,66057.92390251748,0.9025,0.7874124722116809,0.42218283902811093,1.0554570975702773
1932,66064.39744799728,1.0,0.662697029288773,0.46278800396858377,1.1569700099214595
1933,66083.21553455523,0.95,0.9555072113645919,0.5395512070158022,1.3488780175395054
1934,66096.86951793288,1.0,0.584034377365154,0.41396400581148907,1.0349100145287227
1935,66161.20346268063,1.0,1.0,0.6049579373580906,1.5123948433952263
1936,66173.96971216731,0.95,0.9687128206826253,0.5248593846867026,1.3121484617167565
1937,66188.89229715828,1.0,0.8572866090284315,0.5279376065509837,1.3198440163774592
1938,66209.33491226015,1.0,0.8689219727506912,0.5335100320135844,1.333775080033961
1939,66220.32084724947,1.0,0.7610303258217312,0.4874974184800855,1.2187435462002136
1940,66240.8534565642,0.95,0.8907799437708287,0.5064657568344441,1.26616439208611
1941,66256.23746255213,1.0,0.8787913612222672,0.5416455750871025,1.3541139377177562
1942,66271.65381711793,0.95,0.7431638138002077,0.43740132012275107,1.0935033003068777
1943,66290.06993268605,1.0,0.7461029268211881,0.4947734004368865,1.2369335010922162
1944,66316.99850915893,0.95,0.8947284482974557,0.50901977267566,1.27254943168915
1945,66396.03730458063,1.0,0.8411360981398831,0.5255934543209035,1.3139836358022587
1946,66408.16961877374,0.95,0.9013761666191478,0.5061098240916491,1.2652745602291227
1947,66422.22590240437,0.9025,0.8975270382026805,0.46697878604797693,1.1674469651199424
1948,66438.50000468765,1.0,0.6657758957776907,0.45747425393446917,1.143685634836173
1949,66444.28535226766,1.0,0.8697935385844641,0.5453667324588135,1.3634168311470338
1950,66460.81320653998,0.95,0.9038839891448153,0.5054436631257546,1.2636091578143867
1951,66471.40144492514,1.0,0.7307442600291814,0.4786795498635672,1.196698874658918
1952,66492.81927456561,0.95,0.9529112984443768,0.5343780897448874,1.3359452243622185
1953,66513.5801975155,1.0,0.8425395749611332,0.5226919435770133,1.3067298589425334
1954,66564.24287630955,0.95,0.9790641234528492,0.5386545573525285,1.3466363933813215
1955,66578.78330282393,1.0,0.9673598900471957,0.5735473064126513,1.4338682660316282
1956,66607.98548955574,1.0,0.9655180320076961,0.5674759800404006,1.4186899501010015
1957,66619.4027845745,1.0,1.0,0.5820689180795381,1.4551722951988453
1958,66682.35012971859,1.0,0.9193871624541186,0.5461426082307297,1.365356520576824
1959,66691.32702060504,1.0,0.8399227214425347,0.5176043132586173,1.2940107831465433
1960,66724.2953822983,0.95,0.8411058848992236,0.4808691083711218,1.2021727709278045
1961,66761.28884198776,1.0,0.9398566397142881,0.5702734355860476,1.425683588965119
1962,66795.46331928545,1.0,0.7500189461767673,0.47861655901138495,1.1965413975284624
1963,66860.1467892869,1.0,0.8479041675613137,0.5311186136051456,1.327796534012864
1964,66882.75661170646,0.95,0.905036589072902,0.5072411173569399,1.2681027933923497
1965,66903.51846743777,1.0,0.7287067707730357,0.4777546483803009,1.1943866209507523
1966,66913.50242958037,0.95,0.8773932538489366,0.5027827603701712,1.256956900925428
1967,66969.95516419206,0.9025,0.9834412815530437,0.504501743021342,1.261254357553355
1968,66994.59786061061,0.8573749999999999,0.9938198638142908,0.47029286590881936,1.1757321647720484
1969,67006.07076131148,1.0,0.9025985470397303,0.5565771979278292,1.391442994819573
1970,67035.38194616693,0.95,0.9885383129506128,0.5390301786168735,1.3475754465421839
1971,67044.1462155364,1.0,0.7837451045554719,0.4958606451362614,1.2396516128406534
1972,67064.50765197282,0.95,0.8208544954307756,0.4757341818075975,1.1893354545189938
1973,67074.46056626472,0.9025,0.8994065657406143,0.47259948788521144,1.1814987197130287
1974,67083.71068663074,0.8573749999999999,0.7808925658246295,0.3859054837019074,0.9647637092547685
1975,67102.48056915126,0.8145062499999999,0.9280000355548708,0.42420671098356766,1.0605167774589193
1976,67117.05216034554,1.0,0.80029069740532,0.5227013407769422,1.3067533519423555
1977,67130.55791026351,1.0,0.7850833218980909,0.5017175533528789,1.2542938833821973
1978,67144.06762440866,0.95,0.8030116046912756,0.4681598746564503,1.1703996866411257
1979,67159.47972851443,0.9025,0.7871765221261896,0.4265334430115231,1.0663336075288077
1980,67196.5093186346,1.0,0.770290187581882,0.5079912874568191,1.2699782186420476
1981,67223.42052707994,1.0,0.6370355124826584,0.4413375039878036,1.1033437599695088
1982,67238.08314207148,1.0,0.8901703931854014,0.5556494343889091,1.3891235859722728
1983,67246.0610034825,0.95,0.895451457562038,0.5006793885849318,1.2516984714623294
1984,67469.44944104075,0.9025,0.8557779130385866,0.449799636022484,1.12449909005621
1985,67500.54188235717,1.0,0.804619775909658,0.5182936310997411,1.295734077749353
1986,67522.18017861927,0.95,0.8182621915850248,0.4733929339111309,1.1834823347778274
1987,67543.24396852886,0.9025,0.809155355623568,0.434849517866797,1.0871237946669925
1988,67568.73006472414,0.8573749999999999,0.8554244375490117,0.4226239424331707,1.0565598560829268
1989,67579.02958111976,1.0,0.7670090421844604,0.5079333314645326,1.2698333286613315
1990,67599.1813751438,0.95,0.7815762117093761,0.4602414663868703,1.1506036659671757
1991,67618.8746235802,0.9025,0.8311654514037291,0.4462949168870037,1.1157372922175093
1992,67640.61242601482,0.8573749999999999,0.7635354870917669,0.3827099774943183,0.9567749437357957
1993,67665.25574026977,1.0,0.4811660387886257,0.3933926070657167,0.9834815176642918
1994,67703.5633805841,0.95,0.8149204774392236,0.4913966381971563,1.2284915954928908
1995,67718.35764401358,1.0,0.3968263102100799,0.34377182164188014,0.8594295541047003
1996,67733.48858306523,0.95,0.49168767959759163,0.36069924681838367,0.9017481170459591
1997,67825.26434825764,0.9025,0.8590725171240677,0.4754091964162529,1.1885229910406323
1998,67833.54801443045,0.8573749999999999,0.8675158917351542,0.42470732350132057,1.0617683087533014
1999,67866.93132479639,1.0,0.8276275625582814,0.5326676227703689,1.3316690569259224
